sample_id,group_id
66733e0484e04fc89bd745865acb7424,c74db1cbdebb7e7543450066abff7ed3e6fe18e21e923b2187a777457e73349f
d00949ae3d79432faa66a3cc5861f53b,4c77ca2d7876c9755e2e0ff2c63a425e3cb916763773ec97b193c389ff06d1b3
a954183e350a42d280972135f60941a9,0b92a356b595b72885104f66110fc343d060702323aaf3ba9c91944eb7e167ea
9118c76647504264bd597b39b1550900,5ce41149ddc80547b507027d11d6f380fdd440857683738493c87b97a08f4c56
ec6105f455e44cf19310b18b94e0efaf,390f41a844772e468eb6cfdb97a67351d9026607dd22dfc5a7b9e2768a32d5a4
1db39e6362394444b565c008d1cee820,8cb8d55a098be3f310b793683979e13adf0b69d103b28077b1965fbaefef2370
1ed40d043201487399942563e3e97883,98ec5049794c6a9e8db5ead267dcef22020af4f654c7d9b0f33e39d4aa0e5f63
1a091dea55a74a9ca8f7a187539ae64e,477151c87b625cc919e5d1c32cb694c81275fe578719d2466bb49206b5cd6788
8cab167a90484df19f37da9c335d6e93,4c406fa681fea2f29a2e50b43550c58e224f94f5aca43ec4c467bfbb70fe3a6c
948d25b13a4240499ec6d210b9847b5e,c4fc0992af727a0cf85833299fcac820aa454db37dffc4aec9aadd0bca3801e7
c4d163e8f7374185a427479b023647d2,d5d82a7be84e968b6560cd68b4962d5be9986b7e46b0f01b0ed3e8eabc69e4b8
20cac7abd8e943198f883c5aa3c56ea9,ccd89baafa383668eed478166294112aad37b5e055a3593ff3d78cc44fff0703
69925a1440024c53a135f64e99cc1c9e,1ad0047181145c91024a57c29fe182e047339d560bb5148ef167a29a9151d2e0
789c77b3215d443a81046ab16dc60b8f,873df24e5b9550f65c34d1a460176f6da77d5af97ded88da6d3357f37c70ecc0
1509225bd4164ac1997e7a29ccc579ea,fb7ab36dd5705ad9ecdb50be05eca1aa5b3a29e12612909162f45cd72ebeacd1
4da29d1dedab4ce989ace6c145ec91cc,ca3aa955426b5ea726ab663793e747b08d6d722994925c0ef3cf4c5d809a8482
a234eedd3c6243bca83c13303aa05d8f,eed3f62f12e310689132f458caa7bd8da1fe3e8c9df11b63f07bd154ec161c5e
68159fec0b6249fd94f7edad6bdc6f35,ee81bab0a65fb00c464c181b1b59a39a2851993c7b19901329435fcc99268f5e
7d379fdd736645d78c565a0aeb4e129f,e112e5ba9d191c3dacb0566ce29a517b9db1a47f4f1f9ce3994f03b8e45df2aa
b12307f6c2ff4ab9959466d1ad47f1ec,c4fd50b93ccf664cb15210dcd9cdb8bc2d9ed736d52801a63b3f7313231663f9
29dbc84e40334f1a9ba8d5cdfa69106b,787989996ef5f75b4d3870209566d16268d7fe3bf30611863fa9bea0adf777a2
d059bf6b226440cfa43f1b40fb080614,25cf7917bb67997965e6e11bbe2484edfa27ec6e547c07c08dfd009f72910dd7
fec887ae266b40ab8a7dd7d5ee765f3d,85ce973914ce0c5e0cb0f738c3d31fd1b7ff88ae54025ee3b5a9aae9aaecb94a
3a09bc85f6c648c5ba356829ce2d4268,aea86eaa2e0812c8c62c5013e4c8a9d1cd0ae8870edfab8ceda27597e6dac76f
ecdb868ec63d473a8786fed2f97d4483,141653c16f0131ee905e40fa0e20661972cd55c269789b996bcde3343f912da9
df76b0c97ba54b1da20a23a08f895a20,d08fe67b3bcfc46d015f6423a545f3388bfa3d612d9a62ffde67ebb46478628a
264872c089ae43e8a23dfe47c983fe38,c7ed1b49a8f59b97153c02f7e88dcc532410f5c7d954dbefb7843f935ad2e896
c5e5c00cb5ff49ec9fc7240edb1f5716,9afec362fb1454b769a444249caf4739dbb2a98a936960bc8fb6a6409b934628
ea9dfe2f7d03493fa5deec007505e249,c99882f04edb87412b703d2254c7cbd6ff5a604737fe7a91a660ff8bd02e8abb
817069f0066f4871a95cbfad7377d310,33277b90d2bc04d756867da7368fe6525e7a54b4361d852c555b216b5338116a
bdfba1de0eaa4f55ab5093643ef8b02a,0dd1ac66ed4f3ef1e7182304e88ecd55b3f83bba3d0c8187d90398fbd8ac4983
c062a86a8484426683a703db0166fdb4,fcfb1587b2b28434e1826c4a363f376a2fcf0a8c42025b899e5e0142d1affc35
f9f808f6dc7d4ae2823642557c40013b,238af02a50e672b4976c702d4498513210e2c46d9aedf7bc81ce7b3158c0b565
a7f101c38b434dcbb5b83b1f16a1ab6d,d1c0cb5d805de296080a7580684ea17cc81d568a4945792c487c6a343835506d
801afbb15fd8434b8c16f8112a4e11d3,55ceb973e4cfd3ae02d42f2c535d66a83d831dcebaea52369b5118e468cf3267
0c6f220e1caf438783d43c2f0bad59c2,a43031324b93d78d47a283a167c47666a1a0731934773a4041218ea6ea5742fe
0b3052250ca24b8ba56c2dae03c8ebf6,ceb2502262abb1e8e792d239395033c043634e5483ce7cab2093ddbc23c288c9
58dad062cf5d481ab55b36b91e171f7f,f70c126831fc1d4507acdb571c82c9e0154de89249805647b9aeea10dce250f5
a6c27a2c634e4a4a8eee57d157c0c1d5,e94c5c039e1d9aa4792f464b20a71ffff149f7cdc583ff8cdd3a2c6980bb4042
d2210124698141289212b5056b78cd31,4c5ee9b55283a2209e683cff2f9faee57cb0cefe22d0800c5508c1e2c2f66ee9
902cb72f22194423933ac4aefc36b206,1cc7b0e3db17c1686ac40816fc8489b00e7d676a83980bb2161594c52991fb30
9c807f679829496a9b41c31b32736823,79880b4dd4b0e090a9da11f7a5d694a6c359246cec1ad2532c13d17e45c57edf
4a16c2f7bfd4464793118fd222380d63,089eed1a2d9732e8db58eca08b44cf92bb18e1f9c6f6f478d0945ac16270fa87
4daec7358d97479b86890edb24f1cbbe,aa30943fcdf904860eb8f04f1ef7804af3636ae7f53ad28a236df8028561b4bb
7df05f26f5fd46b0ac0a4dea32a8cd4b,aba49ca10c0733ebc9e02d284c7a12378c33bf40f47d7203317aef0ec3701259
08843cf8781c48dab24790508260ae2a,da01d1b1a108b4691f914f8988e08f88c47e586fa224f52d1ffb6a6dd487b66b
4cdeee709ec04b37a9bf3d82d13a83cf,378240171345cc83cc6cad5e22166defa7c2a5c4e0d49cfdb34e3befbb6b04a4
4e6ebb278f6b451e9228d74fbb9124aa,0db4d734296895f0230cb313e3dcc19454da6a2c80fcc5b09f30477f6fbdcb73
980f9c9048dc460ea0d6cf04e47c4535,4f160cb10d47db24bc61e9a702348a5494b256943f265168975bfdb571ba5127
ee14c7be4290452fa61d69aa862476ad,ce9cb5ffbf92aa48adcfcd1019aa51b36c304cd6b6a7b30c6c378eb169c090ed
bbb9b3245a8743d5a1fdf323ee0f1da5,d448f42f75c55648ef5a0cd6ff974859e114e99614756d4556489958bebcecca
2a169b0905a7472faf6ec768c415c346,9eff42c01706dac7085f4d093c7886f4fee9c07275a35a67f299ba14494fe3b5
80090920816641a9864809f8e837d29e,75963c08f0b30500bd0a6b754b133b5cdaf220002767538149df87406cf48ee2
6ffc7ea7055247d394337820e10ade54,79563004c3cc410be6bd2c82420df6f4d61a0fe41a8602d7edb8664cec9454c4
e4090c9d93a44822980065e8ecbc9251,7559851ff12411acf66ed9d5feed025706b3036efef02b1cd19b3c5812291a56
5b71b92e496543f789c6315c0f338366,40bbf78a366769e3e19bf3d50a8e185f970cb22c3e95a70f892214e9f30e8ab2
d8089d175d8749639b03726bf380efd1,3f3fbf775b4f3f35a79870023bf21746824b4316bb9fb3086f68be40ea8ad2b2
aeb4f0f899584f85b3d55d4bdec93453,57d95fe6e1388ff1636d02df1851e7b87ca481b47b0030aa688d7deb6c9ab2a5
9160ff8af54f4af7a5c19ce58e0c5485,af8d1bc4a97f8d70e4a0ad97564c29818711ffd5105ab6d3fd40069674a0d6c4
d434a14e5eea496e8c217b84751197bc,45ebe59f99845b8652d512dbf6e173bb04bb74997453f98b3e18c41564290b65
d49b6650d86e4ef39f2a6f28846fc734,37d03081bd164a4408a86cb425c63c341fc9b1d7b7e6c0fde002d3b3f9de2296
bd26514fb6554da082a92d0e6ef9ce97,fedcdfaca8c48e2ad3fb51038e0d07e9518d182932ddb437fbdbecd0b885626c
18b4f2497adf44f6b3c08b379965b375,f4cc46272671f1e63e53e67175ad484c8e39dcd20c071703417b3ff03fd6cadd
4eccfb330081416ca1a2dca27b635288,a9db7f32617d9247a65e4e79c349ad101e750d449675465e27d83e8eafca5471
c78674e225b04436a380cbb2c5362a3f,56ddb52202e72ad9f36ab14771d099907e6c07e02be5d1c0157665bfba343502
058ee38cf39245329ea6c852d05d2a71,427b6ea4be59b99c7b8ec74aab0086a4258b13600a55accf135da447efd54bd0
e54cb5e9c96044c7bb5cd0724aaa468a,00cc1c010cf56ce68775b8f4d13ab66a5b4408c6bd68e84f085f9ec00f00cf40
33ea6eb5fe184b2cb8761babcf1bbdf6,a2616f7daec72ad4fbe9307d4915560f9402dbd8facc9656f25a50344745386a
0745174b8d6e4dbb95b5713b63f0890d,baada3deaedf73fbe1e2ea351fa67010b56b2d0f2e501107359491a9861222fd
3609b098b3f24e499c9a4badc4387be2,e94d72fc702c5848b4ad50403043cd885224ea6f5e4e2d64eddbe139c93d355e
20b33ff2f415415581b7f46ab8bf78eb,5e37b130e6416039f36d3aa3d6be9c2c1cccd1c86e5dc65d4c8ef60033202301
27a10a5721dd461ba9e397f5852a18b9,13776411f7f30f939df0beeca75e39c9bfa78ae85c95959a6c88f67933930866
b8d72ee0184746bc880725d26f74b020,049729aaf46ac0786bde2e9d16b4ca4d2f8dc7f23e1197d25b5765892c707b48
0fe187f7b7c747a9989f29daac44bd47,132c7394389b989437eb7efd4c47cc0dbef015063f580d84cf5b1f2f5a5f3424
330bd47ce8494acb8f7e78ddca7abed2,5eea077bf0418faa92cc5a4561a917394bf100bd56b2ba2a2ebd5700c06ee300
e7be1c8a24c64717b50b6d4f7e57ddfe,a2ecaaed0b5a36bbacfe2441f6e9400c2c2d57744595b6854f83dfa6f0d68716
2eb735f8f3644e8db397e86092cb4634,826fd286d83573dbdec61cd27f1eb9536b416d7ef9257d5485e2523eb5053031
37d6f1ce7c7c494eb84807c66beb3753,f4f796a638dc7f448f557dc5e4a97f9864a48a20bfd7258958fe5056f90d4911
cf29f278523a45a586d09e4e0bcac7ba,82e5f81e18604b5ac7efde7694ee28642e27501f29c6918dee0dbc9c362a2401
aa1cd796a9b24186914eb31c7b17cfba,86407320159ba4928cb398800816d195e8a51973ead10f84d1898d6676b943ef
917b1529de61400697f3d718f585e683,349b74b0eddfdeb203c4a519cb0a97d0f20482825e2330e4c6e68c53cb9ec086
4373da8423904d9d88b048b1702a5da2,8e67224bf1cad1da632c408d8041e1c9a314af5bd179d7110b60e88896d400ad
6b3c49cceb00404abbfce2df24d52812,c65786abd88abb435f81d74668aaa74ef0f03892e3ea295921b1a5cb98b67e6f
8ecb48929ba74fecab87d187f52837d5,0cb54109de2be2ec191ccb4f397aa001017aa5da2364201b005678748f39e60f
8cf48c78024344d298f557e2e4dfbeef,eff042e9933f99c41e32275cca3e1bce2e33175c24c54616d6b81f0a6598dcaf
720af1cd2b3043498001265b0b148606,b28767b948f86ff29d57287926704fc5c10a7a3aaa7031aa3b3c22022e6c50d7
e7479971676b4b59b16e11c07f1397ba,20b0d56116b9c4d553546551af4e150399f65a06219ef043dafd8e558b1f67f0
a7b31ac1fdf64f62be9fb6696e0f902a,1c5beeb6f0ca8478c16ef9c83cf545d97c35796769a322248e75ec14e63340ef
f43066d6e6944bdea4fae95ed5ebfc4f,addb84a525d2a4ee61f15e92a13037624ea5e30b343880c822d8a5ff83205ba2
84949e6272aa4c64bed1deb163c66612,8354d14ccf16b9acd969fe20a06b43d22e042b85d8def68ff565880ed2de53d9
00822707074d476db4b899960db36836,a85ee1243595c38fa36091da4b80293fb2693ebeb3a532693877c1c259be9f82
531b8007a1744290b6e9241a1674c205,eb49c686480101eeeefbad3bd3e7abc70fd1c8109b2e728ae0c45782c2042170
a8d87f6d923745778d67523f2731c428,96485a9b95ca11e3f20a4627f01383e1a8ec33ec48d634170ef3c6f350455467
4f812f99355d45a2aefbefc1cb761b08,74775a4c517c44c16f1472ce22ba005aa5476a0be9255707502d830cfe204982
f4796cbda2d74c1eaa079b346aaae73b,a2c4aba94a93f2da9729f615db2662c4600c351c6147c843d7476ef2a8c2d7d8
20f7136c814e46b68aff7a89cd67c6f0,19644e7a5d4c0b2f59e86aa9cc12bc49d4c760aea78267821d515e690c92c985
ddf5013ab00740fcb857c789511e2f6f,6ee460d7362023364b1a9f48ddaa0f5a4f45b5ce8dfb7f5218dad1eb454b48b9
bfd67aea685046ee9b9e9362830703ea,46cda62aec9415feeaf3c8d40eb759af210d962a81240aab6b3304541916b54c
6f8d64f7181f481690f72bdc8d55b448,94e8d5b3ab0b400741d615c8643d71db987ebfa366f33f3c709727ee92914759
f7db74946a9f4f0da9d23fa315d30dad,9582f09dfeb58cd0273c328d8a3a7dd4fb153c806f2f5c6aa4dc0db2e6f10ebd
5aa049e2d7e34cfb9add85c3d20cd4c0,a891baad27b6e7ea6365f39619fa14d1a8cf49e7657a4b6e6de543df608bfd57
eca9465932b9424188867f95ed8ad01d,0f41c9e3c02b7c3e1e6cfbd396a240f85e80449f5b161a419ad1f58a11d5fa48
216f765dd7964526888bba2d83053a0d,90a63f6558f2236c6855bd6327119980d502cc30bf9f9b0b1c48678087c344d4
5d089fb22ca44995a4e750dd3e13ee54,1d003776b8c5aaeff50ccc4a6ae553ad93ab8e5e116a84ae5ccced2e569bd641
3ed5f3e6d49941269b1387c4bc066709,edba8963b0df3dd0697f90a66a0c4f053fea9959a6ef9fd9440073d08031f62e
51ddbfccac074cc99c132ab1f5c26064,2dc63892c05b45f1dd2fe7aebfcfd4561955cb79d096c8467cb9d2e69c692803
dd61d4f50d484dda88d88fbb19066371,17c1ad9559f560f0c90588c4b0f2adfb407d86672e7c1af4f979872c695838fb
87db945101714738878ce6a4a687bea9,f3565114f065950de9a1322abd8f9e6872c779491be18e5176bad8b85829509f
5471580ba5264e9a9726fdcb6f9a65fa,00d9af6fe087f8a4c60e402cfe2af6ad764cea4d3d9e0f534413f9faffe9e963
068cebe06cbc4235b4c9fda8f41d6313,002bc026977666b98269762c76dca71c789a03751dfa1c05c7cda2269fbde1a6
14cfe2d25a114172bdbd7c63fc533ab1,088f9127ee9c4173ac0bed5071278975bae920806c930ed2f5b0d300312f6393
a4b53158cd6f4a3d8fd4a6ec54cda256,092a9e80a6b871eeedac91ff5c1f214f25ccf9515e74c2262dc356800465982d
f9bc8d7fa9ca4502ad9f2a9435ac0776,4542752254029319416c0a9c70869c203e7d5cd3573d85c6cec55df0869a47c4
9ef38eda0c0043dbb1ab80e5b1b517ca,c464e1b1579827461d3f9820d669fb3091965f2dc7a5149148e5afe68ee76611
1332e7280f4c422c9e3210cff74ac5bb,07fc9c3011a238c427172eb140374a2c3199c07aacf1f7066ec27d8c332db104
ec3f8fe490d64f91a160b2d54ca02620,2dde03dcfbcde891dddbb8f3d06376e39a5667e83daeecf88eecf85cea91cf2d
1f96560eb51040d19bf0f046dafd4837,e6b63138a3cd2aba22dd54df2db77e593ba3cf804279c9527956ce4eb89c6464
a123dd5906c345f19d625208d55f0963,c91c005c8faecd69fb2dd86110b4893da968ed199e5d59eb764c66a6bd811139
a41f75ac98d44d36b5a8e067ccf51bee,8aa7fd2b2cb7e175bb5580172e94b51406f82d0a85f4d2f669432845e98a21b0
711bae36db4942cb90b0e39884810127,92452bd20dc09579a6b3ea2b783c3f4d84ca00b05a93b147a63764e8eb8eccbf
34ceabfd89bf424099c78de0162194b3,95f533b07a350d8029e1f6b6c35f71c83e016e3cd8a8b90e3f889a754f545128
98a85b657c8c4f71adeb65173edb7038,5fc10260eba1fbc6de4ef971d20f035682e230d0f94f17cd929aae4b8d766310
8464e36c74fd44c9a129e60edc60d8ce,96ca10e3dd6280eda360febf28066a086c677dd88f912bb1ceca6b2c55336c84
24c18f7fa34e4a85ab0ac7b93c899308,461ec84da1ce634715413a865ea1b662617eb70ce5c02ae9d86c7fdd89f42a4a
6af1eff88f3549178bc2155626240fe0,49a99b7454ad3cd0e0425d292ef20563c872be6aaea9a56cb64a89bf3e4a54ad
199badf34afb478c8e71a435cccaef76,dd405d1b374d8979d4e19de3e74c806ed8c37733a9ee21d5c34c06470c40a349
22eab326b72441b99fd6b228bb3db5f5,53e2faee7d08514c548b2165b72189157fcca8fe35bdab933c1af34457979642
badbe793260f488eb5725cefefcb9181,c033cb408c38fbd43d146aa3cb5465ad4b10a816ef51160cc4a9066874b4eaaa
4aee48413917444da1dd98756711acff,15512f42eff916cb7fc6addc92b19652b5810c55855e8a30a712be4c9bf3a53c
8cbba66d92a3423cb5dad3cdac81c29f,47b5f21b1501d718fd415f783338a365f3afddd6dfab487340cc18a554a420a5
1c290d3104764b30819c2a0fae88a1de,093f0771aa54e1c90752f9eb13b5ad0e0a3df294faf6e6c7666aa50cd4eaea07
d7230be6000941218838d91f26f0d4ed,f41ceb14e865b40318514811023e9db50a7d96dc699d3c40bf601102d6144bc1
d5cf1b97713e45f78a49acb2c48b1769,0694b5730b23599b7cc7e351ff33364875a9ea64c8553b6cf751de9e08ba0f08
52ca6119cd664d10b492b10036b0d4cd,26e0edb683b0942e18c281b6268e03c7093c168e3e4c87f4d1db2fb71d37f490
ff8495f1573646ad85750d3525d2e866,cc426b0c5afcdcb21831389cdf0704e9a20ad6062d5b73c5eef8669199830750
fcbe7d5edb1a40599e7e9ffd135498bd,ebe9800eadf86d8940254b38dea783e6ab2f0a75fcdc35a87af7595ac20c241d
06a9bc59d8a348af9b03469c44095002,209c4716b082059b704171ab805c7933474790aafa561255c4fee75d0c0bf6b4
ee238a1fb29845568045b0888c450297,7c101401b4714b30a9d697cec682049170220a247fc8ffe0759721bed98b921b
29c0f896af634678a4c48a052f1882df,78bc6d881a37c42677c1cfacf492173c4aec9c42a7ffa29735b33ea161119bfe
ed564a590bf344eaa061042f6978095c,67720020493dbab25a825f3fe12015bf3987ffd626d72f332468c32a4dd85add
109332df8fe141629468955540e6b7bc,a7bdd4013c3edfa4758d4e911628bf8fed3c2316bc0a8ce9ff8c356610d634e7
563b2b5fcb514ab1a40b81b8b9fd084f,0310a631c29cab934f84161e11ed6493d92a3b181da6baec0d26a7a7f1a1ae54
7ccdaef931024c038e73440c79cfa295,14772899fc02061ee15827553ade4a1dead4035307b8ad21de4c5a02ad09de93
e10720abd5954ba495c1d7b760b2795d,8702aee360f3d7731929483c1a331b7d619013c5fd802c0262d496b693520107
9cd2ac08fc644ed49d2885fbb5c834fb,c923b4102018d3c10dcab7287e37aa01b88afebf276601ceabd0ff90382eca20
a7a8248de2a344f59b906210f448a608,68a8d8a8a2d1c0dfa0b60b9faef830a859f143851567ee9517e6091c9f3b3b4e
c9d94d0530194795a997414ecef5cffb,16deec4d60ca421a83dcd99e8fabdf1b0d1c37dbac85ac4c10df17b30647d7c1
cf4bba8376294e2ab64105010c4113cc,a5a97e3b38a0aa45da4354abcc0816b7ce3dbd68553b6a8ed14f54e30c614411
edcbee759cac4bea850f584a75b4ff56,fb783e0b28aab9b63b2c252014c721b6867f65642597fe9ecc069def23f2bed3
88242feca15b452a9267cdf92bf6d1a3,edff70d4d04b36138cb7eb3e5c5981308aef499c1c6cc4a5bff20a5efb99172d
60f173edb7ba4340be11d221feefeebc,45ba5931ee6402f45fa931f4aeb5b8c6016b7921189bb88c81f5acccd07b3cf9
992ddd841993441c848f46714063259c,6c9a3b0077de3089f0d1e5b4501baff474f15ccb1832f4532f29be9d147a9693
8e320d7237c940f89992e3d405e8a314,893826611090cf7bb899d4ddbedf4c5e486e8297695725275c7459442d579787
8573badf10d649048fa1cbc1e6f7ca0b,d1709228404c47683047b9d5e6558acfd78decd5ff40f784771ed453ca0b55d5
40a4d897e9df47a794c92febd07a9976,d4cf72d480f0197c6559e0117d5b3020a13c17cc9ea8f4229c88c600063bcbb4
a1888faa60c64071ad89cd4511940ec4,fd0706c40b2cb18e5dd1f16f530c762c4e8a92112b88b599b6c96bd8075f8273
bcd136d9804b432f92eabed79bdf6bda,29d92beffa5d5c551ff34115b9d751b310b8e3500cf70e4dc75cd9b65b28cea4
a9b0a1d22a5647c4967afe655f30d037,de479debd4b2ff7bbbc37702b9527cd971d80cf871e19dc41f0108a741fae9e9
8415f37ad93a429ea13215aaddf84422,966f18b7c96d13c16d65bf1ce21b7ed44f01a952df0008816ead8ef91cbe162b
1f552655755040d5af17765700dc428c,50c9e5851aefffebf20f30c542de6d1edabc9ad138dbe77060179945e825ed5a
2dde02916d13495aa94c51b7cd717e60,ef352ba4d80e824a85fa27d8d639a2360672d19e18450eba3a51c9424dfc741f
bf0dc234b3834dcd88804ad99bb604b5,c96d95e57e7ff95428b83c2ef8bab12dafa1058445383a20e008e1d5faebb0f1
4ef945fa562d49e9a5f78e62c3e1d04a,21ee883ce876f7aa622dbe80f338bc05569ed3bc38c53d7e8bfd2fd6f0741da1
bc643dab5e76446ab649eb091b18b5aa,12f6a441a9623c7cf59bf56270eae7e457a3bcc4e828ee70db2571dcbddf8776
911b4830f46047e486e69ae71c283819,bf3481c51842ece9cac91d71195b796f083506ef9fff3f45f5323a1a808f6ada
0e26ee97fbf841b1afef6e42fef39b40,819f3306faed9552542938e3974f5c838698be7a3ff6b23011aceda1edc605b0
e9a60f6c065543cab0b260c21857d48c,ebd515f3d8758c9206a7ed857ef5320e2524b4d73bfc362d8181bb67b3f43f64
074a809babf24717a6d02684888639a0,f032a64a42e2c598d72a19bd5a28747429c8b5688923b359bed466cde08b1396
946423ce29f54de09d3f86502a88dc6b,87e6f7cbb4a2a85c3a623ad907480644c653c6fbf2866aacbf5a7a6746403a8d
d7ced7a9d21540e6b4006692e2417136,aa3209a81bbe677d2afad490d1950078b010c1371ce8c1a6f0b3273b6b2d8be0
ac3ea3e4bf34435a9efa914cf437b299,f57f4ca9968db730be5430e47a248d2587b912aae42c6abcb636a63fb3adee6e
706e939578a84cb8a285fe13525e43dd,f8fa86fce69f617225d0cf15ade936e52c62e27002f0782a5d803ac927347031
c82c147c5f01408499241b8de9c9b3d8,01e837f9d4f726b8aeae05eb3f53b4aa823592c8b50d468429b355b4762f2e49
1581e80b247448aabfbea155b3cbee4b,5dd31a8811e30747834296e63aa164cce56b1bb5947c9c31f8b324ef9d2d946a
18a5e443931e4b0e9a4f3662a4adebe6,2693a831dc7d0abaf6f49efe7b43993c65ab16439cef7ed4fab2f70beff4a8e4
5851fb5e6b5f4a72a5d9ca3a3bf500d2,68ce6fbc98f9676c1b388eb8394c9e2879f25fd521e9a5beccec4df751c90a39
723dcc8515654e189ed31a01fed7a3eb,b7fbfb1b00b9031d63ca58b9dfd72623c5a50abce81ef28744c73b39f8f43371
4f667d54fec34603a2354a9b245720f6,2a03321cd54fee6286755ffb228d253e0afa4dce5f6403d42a1650d89fea470f
6f0bdb9c562d45c19fda57822ef63346,decc581e705c74786d2ac52ae647d0f270a6213ea8e7403b2c38bdae50b7e9e6
362ba504880846d78319ad1b86e35fb8,8fd090d480259ca716af5e4650d2df77d542d8dd236faf7fd851dbece0a2cbe2
e4d83e228b8d4a638f8ddfaa183510c0,65d731e881f17d343090cea791f26f82601ec8cb8deb62355c0656f5e656105d
77dfd4107e3f41a0a66625737e7c41c5,e77e208761141e3fa1ca9dba333559183e9c853b2e3ba7a0721eb4c83e7f56ce
5c68890896e543aa998e3b1f82094e84,78ebaf330715dd39412691d3bbf348deb127478d083628ba76745503ec9639fb
6d97fb1186b24196af3726cbe967e61c,8d591aa368302aa54ee3ebae2800bf058983379c8f394a87cf4a25440e10c9ee
1dcf8d670c744ae5af53ed3040efd395,fce66d4817cc397fb991fa29b65f06f00cf6d0b0344996fac5fbdcdca6c5c4ad
65cde56cb85040fb9a63a1299afaabc1,1f8658d27de7cbec58076a4d7970e2445ecb6ebd3f6195979594cffa6d278d6b
d681e45cd88b448b9e58c175b2e4d6cd,3190a2af89a5f6eddd4a0668213d6faf58a1ef8024a03304ec95f50c82acc900
4fe45dd8f1c24c83a4113cc8a62d7fdf,77339bedc5078638456a982f042f84ad34d354284fab775c9925f0b2fd2910e8
ab82890796654628887aef1e26cd6845,253557957efefcef4eb965365368893b8772702882b02a2c15257218cfffc816
f3226afef716496a9f2f61c254583880,956daf237b691729c8743ac19a9e1787a4ba494072ea61fb5496fe919ed208a8
16ea523abd074dc0a79866520d7e2257,114d1fa0d6ef3ad2a2e370ca7b4dd9fd55a31236874ee9edd389964d8031b257
9501e5ca748b427e9d5d964ac3f2754f,df36fdbd812cd3632c875ea3ac19dfac22157c4c89a70b22b6a6f623ce4faf06
d84490351edf4977b2dfde6238d633ee,03ce8390bbbbf6fba63818d01308be0f4bd66aae8232bc65def279cdbfa4e987
25e5866c5bec4a9b865378af2bb62646,cfa16ad45a1eb1f949f5cd08e82f59feb79aa717188416c54db90e467939dd60
94d27991d29d4287bf54b436f8e2c5cb,cab007d8319654a3c051dd0ed9affa8f70e191fe5e88f0dd2da4de3da350e16d
dd76b452cff448a18044507f8a7fffa7,85b3460c21eb2271a200a7615d4da37657cea1de32c3a50ade90c5262dec26a0
051cdbc0fc6741a09245b61b67a37281,5deb829aef867c8ef423eb4b9cd8fbe9e0bd6f688b1c2ff259c3177dca0bc8b5
3732e679cdbc4fde9a0dc99897ad0a0b,ba486331e07702d22214600aea173d02602ddb60e8b57e702598d3c482443f2a
ae91e93814f945a89a8a5fcc6b1594c5,6ab1ebed8f54a3cedb3c2b3c931f93f8d4de9e69b8903f83631dac52ca7c6e5c
032d1d096a4940cfabbe06c5aa39c1be,ec49c454919d2f14bf59668d59f0458e90904f969bc898ae280de5cb4d3e2e5e
2283ae6741454ae4a50bba8f9797a5de,f20bd7e7c37e814b38898a7b13ef14c0f0ce45e8f74ed939eb7c246e3fb1aac8
af9e3e107cc244b0b804fc8c295864da,a481c4aec6c0064063fe49119752e4e71c8d04ea3fb6e68b3621b1d00023d0b1
517f9d34cfcc4292be2fe934ec4ac6fe,8725670edd070e130f41ccf63232fd7463b75bf996a1b9f6f324ee1f8bfeaf85
4422a76e7aba479cb4fd3aa821571c70,0bb194bcaf9831610e1a7a907778d42a095b9d6495b02cf7a3e1aaaa4faef8a0
7701b50dffa74d8592e76da1e242d7be,107450f836d1c313657d2d0f93dc5d99bee7f46089d59f64e9007a736759b39e
4247b64dc07046d5bb846ed5174437d3,531f82a2fe7b75e53d0b0b55d7b44f94c022232363fb3c22019e91394a48ba55
c96f2cc08b654051a5b371fae9eee33b,e3c3e0ee7e3846663b8a51c43608fa92a4524cc26bc9ad4b05005916d44df0b6
a14c55e94c00470dbf6bc038503d98e6,b4c69ba4b9eae5ed9ebd9cb1b796b3a4a63b5642ced6f8945b870efe5138adfb
cd9915932bf3436eb2e08f21a3ef2cab,f7cb17a380c54c984360a75255f167662574471e12e9acff0e5afa7d0bc79911
789e95b43a2e4c82886736fdf740ab94,877ab2b15fa3985353b78185c359caa5381f45f78dff757b1fbe6a3beaadf9f7
9b08637a1fdf49dc825e84ccb9c1881d,04167d8463851340b757f598f148e38321d97cc227491dbc478f5769422eb791
27517d6c3bb040f59c202bede8d9c367,8969a794c2c2340c028a001c8a7fc7b93f1b2f7489328e55d073affb9063e463
2be2251e10b744b3a33904c6643aac3d,1af7f8af1e0acbe6e2c034ee416fe9e22d9bc79083f10ff16ef767af6004b86a
bb5bb5b973dd417098d1fbf82b570651,7dbe3fdef3213f66ae9084577cca5029709181b35ae214d85cebafd0e0a12601
4f3ea967b8794e29b828995d60e575cc,c46a5a87317ad4ef66b0695e57ed276fdfc0dc507c57bc63a5cd5d300b87b476
287ae4aed7c34094b041eeca9058295f,f4c20490fe307a663c92a24da886d90435fcad54a115458d6aa4b50e828aef01
ad6b3daa84e04a5ebed70e96b974ce1b,c14a2690da1c31863f093ab2a0e8b34f39103fe91b84318ff8bda0b2c64f00dd
218ccc0300284ac18be49af8396c9c4a,469710ea22ce4c3d4dc9b3184ff8cf968b19bdb4eb283a94ea476b47b98b5941
6cf9a51b2aa240ed8c561cf637b0bbe3,d1f4b5ca57c3a4dc09c7e6abcd29c854e28b5cd32e851f28a2abfcf75c8f1d9b
ab3fe6ad602e45db8e75affdd53a75dd,ac08f8c123c460e1ed675292a1d76341484bff6945b3134e631c2fef9b59bef3
bb016a6412ef45f38c10880a34f2e39f,e6b4f4fc6b813a9507c41c432425c65be24c09082c5f5fba8f81ca9848627e1e
c094f810b2324674b7268089214f9a2a,06796e93505495e8c96c765ff136f461d35337dbbc5a9f99b1226c16b5a8f467
88bec3b178fb47b6ae74ab02734d44e1,7e1de27c1a7a28db8d7ea89c2fa55a99f1ff27e7ed985d21a3dec13737fb1a4a
0e8f6678b2304217b43a3628472e17e0,23eb3f8e345a8783ba64ef68d4006391afba6497becc5c76c311ccb046acabe3
70fd8aea89ff4f9b9e9795cfb328307a,c0ed4f9410176dd2819aae9020389f22cecdc2153c68cba7b1ca100031d80ca5
ff7385de0de54417803a6d457b2ba210,1b85d024b4075e0f6f6fa0218481f04a6453522bb92ac4601cb58e650a2415af
f29a605efc164cc3aacd61980a1b6cc4,1b1c02632a4d491176214bbcb1efbc9a02bf038d43d4d1806f2f76f1f0efe686
d771c8c5aa2d4aafb239ede346da2091,9e970660920d6d689a6dbb7c220afda7a8c206250e357313d341717068647ea0
7787c280bd8e450abfcd5c5153d5badf,3f1bec959b7be6e14a3489a28cdd409ec5747c3c00cf204f577ca849ab7d6884
b19dbbd3a8ad4dadb2182190b268073f,dd8756be93991ec8b343ecd23d7ffcecde4554726947e1ecc74950718819be13
b4f06b995f2346728e778ad22d755e24,66d19096c922d3bc57eecf5701d337e470bd0d4639e3523aac5da9366983f0fd
cc8a2fd4f66340769fc2c3cbd654e8e8,7cb0becf6318696d4722671ecef8933269fd563870fa74583f08cfa1b835f25c
7b3607b965d54e198936b4664bcff5e7,57e96d745f71f86b4490b7162a88fdf1276e956c6a126371878582c82362acfb
6aab7b2bd6694351894b8c16342ec423,5dd249fbc0459f7981dee1f8425d0c691699292e3c5cddd2b70264a8974b0f8d
b109f89ba42b4530bbfec16a446b6b11,f7c3f4065402cbed61bcb162cdcbd0f373fe8782cab3d4bf924beb85c67af35e
36a0cb57274246018c280a99ab16ea90,cdfe241090a6d66d81d9dbd21b76afac422a61ee5f7dbf68ef9c2be9fcfe2c48
a2e59c0c286c4f2f9b6289ddd567b5fe,a07569fbac4173920506e164acdb0bdeea54378ef286c86ff75ef04b78325dfe
8550e690d394449c9ef0268818870cc6,efc7ab2bab3695c9f176e6414db10cef587e1396c6ecc1417b581f7369e79ddf
544c1bf573c1411083300ba9b53821c1,e71d143973c76325dd33656f9f324b72569ee5b1e60d1e3783cb674f5bf687a0
bf297e90df0640f0a03277e3d4a9894f,a1e36fe222f50c4f415ed06ad6657f0764ba9b577ce873ce7c6f0286c17b7141
197d98efdce0475fa133c0cfee006bda,2be6238a41cb815915f4c2fadb350fbdaffcc1904655f4ebb64b8a9a8963c39e
c89ebc0272f54827a0ef617e33180c03,4bb51ed46d756160e922b9b5865819c863152c5704af206569a07cc92137a709
7bb7ac02f75349e58b48342fc4c0f10f,e656c1cef18c8f23b74540e0852ffa8c7d4873657531c364b0e91a02f41e8d44
d75ffd01e411409f901458aaa4496c7b,7f1548eaca271df1c1fbc448925c09128e8b3e51d2f60c6acfa99d01ce0e9bb0
e5f41347bb64473384d7b2b908ba3231,a8584c35ee05c0ea637e409100c9fc42b49bfe0754f2d392b48a66da68e79f61
e1f721800b874c599d1fbfa06d234db3,f07d29cb89f2d8c851dc0dd96a796751552a6ae8884125d0ffa20f5a3a677d3d
8dc600de0a3f4ef3946bd062183e2820,637e0120e6c5ac4118ac96582befb6e73b068e6c302264450a962cb7b9c1f6ca
c6924f0de1ad470ab5dc792dd06e8f6d,845bad6df69df4d33ad940a3794c4da198ea94cbb0afaa1141fae026f1bfc0cc
669a4c3fb7e94c48ac7dd5765809562f,b8bf80cb4213574adb45566cc496631dac7348d623888cd471d4c8d5b828f704
6ca206c184bf4b088b5d02dba4deca7c,3ea0dff79f5839be338504bf57ae5c3ec2b2b44a8f0d5375ad73667d253ed636
61e8b34312e3469b8ac4ac5abe2888ce,d6fa6b618abac1de377f5a7ecaa4c8e2b1531602eac72396d1706a8d96e911bd
500e37ef7d0f4db1b2bac4f1bf5dfaf5,69972e48597c5712a1466adda93488e984840658dfc494b3d2b5bc41395b35d6
eba8f44ba9854e4d9b3a8954d55a73b6,5714712772d5c88e1fc1fc6d0e203586003ce47f50b58c64ab83f96f0f7c0fd6
fa273b1624e74df38c85856ee4546add,ccefac5ca827e3b55208dbd37f91ce04e399b3236c46434649170b8afcc36142
d123deac9700422d9443a37b18856e97,8da94151244976fa0fdda9d28be390216570e7689a26dc32ac0b216a5b223980
0b890154852048fd88aa85dded6f7065,51b518b293de03f6b503badc79f97658ba5a4c07068de7aa0144aab57150369c
6bc4477fb1a947fc961d3add2e488987,8bad671bee903c5b58db353a9bea950585d901be6eca4bf1cbe420943c6cdd17
6469da3325fc478fbf179223fa11917d,c18ac3e717c5e22c4da1acb66c7802e48fcfddebf6b876c7b6c4f2d326e13f32
dc62dfa7635d4ab4889061b3e1c45a07,a8a68da53c59989f925afadf62cadb0c162465fd3ebc05159254006491922242
102a15c5fc7a4e4f8d98b164ccb5b8de,68add96dd72095d64032f484e8f89386453f36648bdfaca336601d545d178137
50e76ad7b45f4b3aaa542099b5d1f18a,6744cd231bdc444cfaf3ab9ffbe09467180f297e18682eec04a03af799700d9d
7c392212c302485eac09e2ebdeb4480d,1aa2cab7988a9ef8ef48d4b31828eebc3a300db3157a793fa29f96f939398f8b
ec04df0130fc43adaa67170bdc11c2b2,3da305184a3740b7ba04a46cded42d9eb4986aa71c05ada4ef831bbd5ae5e61b
de16d105678a4b9280201fe4e7c02625,eb80dd3275e1e29b136dff7bc2adcc81bb308215eaa33790edfb21aaa0b15a20
69a8fdcd564a454c8c3ec3cb9799a1e7,7ac80db08598902692e0c7daffa3d7f6abead67c127d302f3e55741ee5433d00
bdf8c325038542d3ad081a20045bc13b,915f92e9fc03971ba1167118b0ab7a41f7d3aa24370e957f53d16479f82e06f2
41aad872c04f475d87dd61a7e1052c6c,d9c4e61546bf0f898135d994466f9966aaf2c4a9ac4820529a344a9c5e0e790f
8a18ed9ce12a42fd90d2a7da2e167d9e,74a63bb770d0d317a3688573b9372cd8c52bb63cdd9133f45f7cadd7540a866e
e12593f21d4f47efb782ec44228abc14,411af4b2dca8122372b57f9c544eb54474df1b26056f77da703e2287408d734a
09680edd7b864719a9f1165131e6dd7f,cc36319585f7acc5328167b5ece91d77570d71e3b1344762ed7eff96a70e0c33
34a707b279bd4d79a7f3229d2ffaa36f,64313c6e51cb53dbf4a4d86016a955dbb9af60ade8b67a5ed6780422b7f75ff6
5280dfe68b2842e9a9f417e8fc49db69,a14ac2ba59cf317f5e85a93a5bc667e72b836f12b22acc58712f92d9bc50ad2f
1086f14aeecb45459b61b795fe7c87d8,db71253316e6c1755a547281f2bfdb077c3f7ebf6b3caaa34f7e3d562277ff59
16993aac7df14c3eb1825f66177b904f,509f1e87997d5dba84bcdb2ebf5ba7f6e31ae499cd1503a6ebe235b11d664bec
ca8a9033ee164ff6a321420254f61b1c,dee53618580f72115b330c557b1935dc38c0677944bbf09354860307dc326c97
2622b794a91c4d31a876ed96e92d64ef,7cf4be435f620d0a32887c5f4a4358292947c8d367cb3f99b83ec49cdbca1a53
1e23ab131bc547939a71885ef9f71c17,ea49ee86c0bbb7d8bf0098cd3f071625b0a6fc9aa66e7bddcf798fb60ecf85e6
e08f4ca0c1d549c88b731e1e4038f692,68afe78afed69ab09f7bb19535873a3c2e4dfc47b0c6165b2b5a632d7c5d71cc
ca6bf76b20e047d7a6c52653da717c7e,5d5f59a93173c4a72106cad10e65e44e7fd3718dc7de2fe1915846c8e62aeefa
f05cfc519bc44829b6f40f2c348b2245,ec51e94a4d2cff130e191e64eba627538695198a865cc27ece3b0c7dbef9cd0d
e3631752dc7f48b98db1283611dc303c,8b8533a4a62084c5a39d1af0faf35ed75f318ed24fad00ea39a190bb17ba103d
cd56e6a67c5e4848b975751c4ee1c903,0b138af87e3210816247c3cd85da3df874e5eb0da4667e05c06a584322be0b08
539e24d5497949fea51e535443e6240f,15fb42770d8dc2c41df9f89f5a8e83c47392fae192db99389918225830790de1
fa98fcd896fc40308b18f3342ac58dd7,4bec4f28b6476a1cf87edbe2ec2d9bfec8b636907a8d30f7ae955255eac80f27
0d1dc3ba8b6e43dd896f71bd46c5c86e,8e6e2babbbb06bd5f2939e198354934d2180890ce7c77d8567f46710868cd35e
fcb6a33a966547f599ffd18e6ff74c80,4b7f75ba194544472bb866f9ebb603b6a88400235b8e56e7e8c0a0f0278db9fb
27723a6af9c6479c8d14e9cc28166935,195d3c4f17a6d17534fda3109fa304d5ed5417a323ab3ec49eeca8724dea86ad
3ed43de931794aac827af3db13cfd46e,a7e6582221e051e7690c0dda9320c8aa81e21656c8287aa88158914c4925e046
7842ad3e906c454c963fdbb02fdbe580,b45dbb3e138c33203fd7179351a6ad87212029d5b36cbc44a7b10ab187366e9d
f7c4a981ace34543bba47ebd4ba3e2ba,07ba019131a10af9f33130a43d5d3921c166047326a7f215b95a0cb40faffffc
ddd8ded72bab4753a7b2a318067ffbc1,889ed630b61d8d3db399e911a6dc569bdc5dc9f5d43171ca56e143e275f31216
e4320f36eb2c4b34afcec2e505ff0051,5b31a482e3d1d3eec85c7cf5b1b80d15124207e7454786aa61da8c824ffde896
09d283b28c5d46f8a5182d455a96178a,b96cd982234e2d043c7cd9cd83562d3f9158e9f4556305f5c72981bab3ad07fa
cabcee865d144f53a42920a4c48a0d10,b39271471ebab778271172b1fe9ca9f1217d8aa0c8e1c73821bb22083ea7855f
fba97a317dcc4a4a8afcaeddf236d2d7,34a02ed53d4aad1dc056a6d6e68b4b0142148468d42ae56e873a3f21e077b264
4ab0ee6266a74cbca090332fda2d9c70,b44fce2e4406cd8fac7337703a7a9992af982d5cd03acdde6fa531ce0e316820
0defe01227564bdbabdcf49e1c43a026,4a49ca16eb5e3dada4f8453c9ca4d31d02d3cad216ae1b115f52b52fd80258d2
ff32c1c7e7cd444da7bce70bb59d0283,7e8b1eb0e5acafe3ac2550ae097f6b03102f3271f70b0efa24589bf399f20d39
62e095878e384299ba55faa18218d185,59cc61c595498bae9e4e27706dae35326ee3e70693dcd30dfca5da1c96956aef
473d349769cb49738834ac917c9a6068,003dcd3ebbf94b53b555e7b1796e6f8e884806d5d2b996dee64d718ff106fa9e
ed1f80a446154e4490c19826a18f4338,4e97d955860b020e368ab0692533fe561613648a8e5dd8a74767d92d18ad4513
224416491dbd4e7783169d4d2915cd37,7308bd63d850953ce7a2c74aa6291252331a03f65e6a7ec1bb01c333b52151bd
0a03d55236a74205b0dab58680a8c68b,309cb024e767a124a7e0ba0729ef2727b4599ebb4306ca8cb982f70769c8a1c8
da206d6839924999a582aaacd652c8cf,c09ebf4e8fe0b875d9903e059ddcb62ec219550a37d2fa58210a4c0b1939257c
27ffa18630c9412fb8fa984af7a0bbd0,c44ba1b91b0843d4ded816c65b195ee72d213c2115063e00d7a9f71bf03475ad
2841a54153454993a1345c0087addbd0,0a270bdb0731666e3038c0e883ca3cfd4f8570c141581872dd72d2850a951515
6d1cea4c62914de289851522bd9b6b63,8c334fdd66115cf0aea7e6f43e93101d9e508807ff1f0adb3da4d77737d92aea
d5f6739e48024b4986bd2af1626e8679,1443c1f888ab481b6f049afa69470e8454989b53f8abf1ed3af8b352001786f7
1ac17067e9d9468cb0b1be8095f17ad1,4284be78b3644966cf797f17f5d5fbf973f9bea5f75d67ad5eb8f2a45128cb2d
489e475e5257482b914514ad0577b4a5,f5759d4c6439c031c8e3ed525e85ae0e25b4cfaf5c5988b72548c1d302538d83
d56c641575e14e2481c8d2ca288fabbe,66c484986f03fdc07ad60982c85f957497acd7b6db3fe1e77f78ebe8efbbf03d
869a53eb2a1448fda06f03f1a9ea2c49,a176f5ed79de3ff1ce43719fd829b1e2c51b51aac70780a47b75d113bac9a209
96c157b4d27b4e7e97c15a25b9e66e36,fc9446d066bbeb74ef05149d70b603123ce0400ee0722972ee221813d1e2415f
a2242377ec1349fdb7ee21185e1d94e6,0ce185151fca0f8c16358b037ba7ef560e2a5d04d3bb99cfa64ad03c21bf4747
44a7e29d39cb499aac3f5f02434fb624,7203c8d86346b0aec4e25da153b40efec3c55ea85533a8d2b30565f6ecf526bb
020e108d8b874f5fa1ce5e01fb554ef5,69e9adcfdfd1989781a5a51ecfb6ca34b7d7d53d48dd98841dca3d1ecb6ac197
8ece23465ce04e4d880f8317f0ec8176,40f7a10bbf4a1d56365935e52d80ac357680e5ca73284b2c7f85423216627c7f
0334ca03207f4dc786400032b4c68ee3,61cb24210919088cff4aa775ccf146f47733b98044363faf43cdd45b3d5f67e4
17516e3fdfab4bdc9a778067963866c9,62cf7ae3e2a19b7a85f76838648c12603d184f6e791e16baaedcf94a4e2caabf
dd675e8e49a94a998b037d9639f7f3ac,095e05fed3d531ae88a9c5fdde9f522e8a6fd1e7eb516c2a2b35f47805c33639
5d098d69650f49b3ae0fecf54bafa66b,53f5065a532be687b90d788d66f05cb89313fdeb762acb0b41c9278babb216e8
d44aeb8a4ddb4b18bca39a1a36130033,bed7d118643fb200f4eeced960fefabbb3f205f64909226506d2551a9b0503ee
d0a7d335aabe4137993acc0d03d4fc12,f113becee71e1ac7c664a5057b8769086a5fd17af4948de2e08f46e26397020b
65121a0af28b4291987f909dc42f265a,4440cebea3d306cf55db8e546ab7d50175a3d1313734be3e3f27e214992c58d5
1207494337314d85b3edc4012e11d393,1d8d40c6d9ed01565a46806e3e8163a6746a86b74146ba30e6d9fc5cd0de7184
9703470797a2446e906ceb34e6d70d7a,39f9df51615884f6e44414482df461166032254452e94b2f9d9f7703a740f5d6
3ebe5f8453d9439bac4c23aed14f892b,cfbb1bafbf57f08fc014e38c79d3cbb6c5b4b4a651ceb5d74716f18b22bae544
3b1de41f8b9d4943b67a1cebd94c3d42,e6d0b2fd435d88d58ad1fc5587077bf229c5a409356b05f007f84c283858accb
342484515df34295a13f17881f94a10f,97d1fca48030296538d88e3be7b3c153be12e890f675ff211b2df2bc3a4fac9b
7b3926ef32e64e089c788b2b418f930e,42d9a3806be481c9ccace024fbcddee5f282ecc0cae32fd13b0fd50cd6d11315
a64e9a89bf0a4a1a9adf176722db4815,7ade6c36020e5529e926c918542244b8875e0b8050f6e4f7fa1852a1a6130bdf
675c83f14314493f81e8fe76ed04cec4,bb17f0265cb36560a40e301d8e9a14e74a04b784be88fa01f92836f5ff70edea
c9b9f580d5a94a96b3a7a5393b65734a,844d686c1efeb701d74c4e0e73cfa8584a5a578dd1356446f4ec8460434bd1ee
6e37e2e25d954c38809fb2ffa861876a,b9bc865e6382fa914c53ac6f47c53e5617c9d20a17cac0575126216683b203b4
b5eb634ec03f448b919aed7b2fc25f5a,e70aba18001142a2d3e283807e699ef538bd21c3d6bcf8c52379cafb1b5505e2
48752a6d48f84320b727e878366239fc,c7fcf7d2d5044789cc1ec586ada11e672951f6daca2752fa6d27f987d72c19b0
747c0a6b9bb74ab7a971a5a30425d25e,7db022bb5937f2cd0187b91cd3744e461ff98c8a49b817509d88978fb8a7e9da
16ebbc2a80d3488980fa76dc3b6df750,70f99a7c751ec95bcc4536b4966288566f7cf5c5441dbdbf562bf874347b3990
50be173ea7724ca397c83e457c07b6f1,5e70e577698443b9302c979ab673ecfc737bf8746b5d8b6ba6370be43d43433f
8a63f6d0a11a47bd87b413e5bd9012d2,add269bffb50c1114c560ce33819b3ffb92d95f7dca16f7aa120e35a9aca6386
14f9e629763a48ba8faa99469a1a304a,6ddd15e5d1c2652155fb40b9c1b6aa3866f247258db13949f86ea439185d17e3
6b58a0059ae94cdb8becb20831bf1af5,82fe7ca20ba67784b5b9ca903591af6ed2b4daba41c7a20ebc52d71abde01e71
663f86926b364bba942851a891da3560,f05876a30153c773af58a83ad150c9377787ec06b0861eb4cfb5bad63e9f03aa
fe52bd76990e4c06a88542b9e74ff872,ef9a7bbc23f8b73a7387876175f9beff3ca6391843ca88919a077048924a2ec4
cf5a6a17130f4e308d7d763284056c57,baf853462130d601018fad8e68fc4770ba1104349490ea28f11588fb7623e5ae
4daf6bdcef4b49c7bc2a504e27ccfbd4,7554b669d6bac4092f27992182e4d9aa571e4de8acc9b9ba87871160787cabb2
1f31816458514f8590cfe39987599a65,876a903cbe652b03e0971691e2b27333ec98db89a16d3cdc6a803fd49adfdd50
0424836071264c61b857e2ffd8c2623c,23b9f8b227ff7a1e253a9099a1c85de25d68afaf9507dc810d898b440355ad9c
98ee7caaaf38466db2b9c93d95cc86f1,d9a483417f59635e90a0abd1f8e4a3f4286afbe6cca4920c2027569072902fbf
152c10c2852c4ff6b51df1c32bd6ee51,5b612c4af475d652fd40863a5e7db3992241574426a21b7c6a05d01de6755d4b
ade4f39631db4bec91458e9c23ce9a5d,a556c7c4fe5275f56171943fb0baa9096997d08d272cee3624e0f2e109d3122c
df328b0c10bd4a2ebd33c5f24d1dcdcd,9d400347d086f2aface5831f9c602dd148d27c027e8fc594ce1e7b50e5fbe439
fd88c0a35a9e4da7acb80b11ab7b5cf7,27f5ea34af646757ca61154b73f11801849328cf66fcff21330f8f78abf8c435
576d30af582c41e9bac9672fc8d2de25,68028325bb3087b7e9de93d44b0fa3a734261f1abe1efde6015fa727a4782a59
36d1d1206302411195c0e90a2c89d8ab,463e85d357dbe07719850a54c6781b7b65a23470d6084291a746379b3226976c
cff3b96b42a34fbda0f67df94ee17d7c,ba2f098d04e7eb692dc7b996b2ecdc803b072ce2d23fcc847e52860693b8f8ac
7834efcdfb214fbdbe9786158ce52c96,6ac12ff5249585c9ec7116348a165eabebb226b8e41c7b4e961bff98b0f7d336
99a8c55c83864cee97c1b4dab40c0460,80e1b3ff3bace3a2c040bcad7650945fb7ac6aeacfd5d631f6234ffac95596cd
22902bf5e4804bfba1c3c81e661f654d,9cec914639b3eb7e124fe6aaf2a4d210476642acf1119a12dc7a5c80367f64d5
088a59447c1f4fc4b327450213ffd508,779b519bc7c4c07d460267d825afc7afb7f6dea52231c5853976efc3319ca6fc
6cbadb4fc7b34aa9b96d43275e1386b1,77d2f676b880622f1476eef04dbdb22ae5d1e6e2ee0cfde13f79f581aba7e805
f9a55aec080b4028affe5889021642b9,91122bcec81796e2a8934517e506a32fd9a5f03e0015b519486aa04a2fccb62a
32290d659b944fe7903bba522c08b3a3,aaa06d9514980bb49933a672bb31e44246155cb44a276506df1708ef8981fcdb
5fabaf147cb64febbaf99092855b555e,5396a6cd9eaa4cdd7fbab741d57c1da1aabac275a19e96c1cd21b2d28f317ca2
a2a8c1a568d94c4c89a063e3d117cf03,e0472a2bd677ea48d09dc14d87a28bfdfa4391234410c69d42d05dff4dbb0beb
a8dbdc5762a846ec8aee5e4b5399837b,cb7cf2fcb256f543b2ec3a2534cf5852be26ee0e5ee2d0b9919760664b27fa7a
e51fca1e27b94b1995b60210f5f3c72e,c595c7cfdc28b399c40f933d5885b6568f14150ee2a1529ffc3f1afb4c95ea8c
4c1ee613f1634e1bb1b69155207ee6eb,05d587d0e3eb4b83fd0ab54c95515a09705f1c46d76c3e9f1939cd9bea9d0056
537964a2e12d431fad0501b9f6dbacca,1432fd3a55fcfa433cc7ecbf4d6034221fd84fd6516769d3b2076bba18feb968
d52462ed7a9a41868c85129341034498,14a22a7014fec1263e28bf1629cc04e56e2135129da5e35ed00092cd628ae957
4024a962142e4c708c308f2231bf937e,ee650e0394e77f18785ba2a81fe4565301c2511e57082d74bb15c51adb6e8271
cbdd95df70be421191bf5fb2ab4b22ac,64c25a7fa5ca327859d6d61841c8e1199fb19eca61628042fc67dc295acc35f4
406707a1b7d343c18048e1a72df19a99,831e3ab4a3719b7f85f7477c71329f9bb55e5491cbf4853ce11f2e1acf87cad0
2f1f5cf65aaf434095fca07d93d026c0,9f69241f7637b9972f8af0b2c962f611c08235eb846a81a1e6e215f68f157881
b8f8822f5491468c9850c6f744d290fa,49243bc77ae92af0fcd25e94c6de16e636dd9257c8c3989f7793b70abfc16b13
837a038117b24026950214398be33dd3,1b2f1a29fc227e59a5656288ffc2aa31285ecd0d12bb2919b8f63e1608b71f0a
74af72ad69f94785b2516527613e5bbc,baecee993ba4d2efa45ad31b64b945cd151d34621672029a18378656977a1355
78cd63f4e9dc4a089ab152036d2aae71,68c9f920f52a4bff04e229679ed5feed84e57d56430f655485c53b8eea8e3abd
30b208cc1ce241c388c7990fd71e77fc,b8fbc3f8c1233ee427c14be226b14f97eff82bece45d175c11084e2c0dfc6645
79bb3f71605e42a68fed57b818db3974,8cf4f50eddfde390dba2e428cbe9dd39e6284130ea5650af3c28412ccb943ef1
0d305d2eb05d4e9aae05bc50dda58d68,5a99206fafbc8ab72298310c76434c08eeab7919f799b9d30f080094b57d42e4
e322fc076c704d18b3edbb7c600be028,72078ae6f87f52451c39b1099605a1c660b96a31af1bdd120e80f442c8239567
d8db7de9a8704c4fafe6ce67426ee817,5a819d05114ff3407e3eb80d8f20a3e2a16c9ee2e50a096f714de0bee8b6f136
7854d1c70c2e4edba64eb11cda070076,8aaddbcf1881dbb89e8eaf9f373f9adb6feada7f743b790bd63a7f0c63c23aa8
06fa769c89b64eaea737d58e32740f41,13259d4fbb89bf883809811c0e61b473712a2cd3248461dac2e42e5a3bd39ebd
fe0b367c0c7a40bc840ec21d26563cfd,55156e7abeea776515004ba5b2787e0937a61e37e3396ffccef27182effcda43
47377912fb754202aa3e690e90fc0f6a,e3871e62251b86f63cd1f55b8d190a07fde38459b7189d54330469a383a3b4ed
0d5d4b9e30234571818574730e0dc84f,5578d901819336a1ebd21275f862ac5787f29c3d0061dfa4653d65b343f5fe14
d0fb6c9fe65e499297f025d368c3579d,3d5802fc5bdc442f32a410b9fd2fd17a2c8cdbf44acd1bd44d3bf5581bbccf7e
dffb83afd6744eca8f2e23ec76039886,57f904dc311b38b5d514daa8a084d34bf9dbf2459a3b0c2ea7b2de774b9d40d0
0ef0c7129e614ed29e43188bcbbc1921,95bbcf8b1193209b215f195d69ae4e82ba35504f0b002c4ce271f6f1af0579f1
a59a575a22eb4cf4a8eded6f592f8067,f31c5126dbabe048ec1ca069a61a370efff9907d6e6176acdab76a85a0eb687d
67232be8de994fcd8314d9a32ff4380c,768dde5456942ec2e69f3e9956410f68e381c480233d14233dc3c83c681c3b1b
1883836ea0fb4667afc119f27e3dcb11,119f5efdc17094abeb8ec4b6a337dbd5f8c20e597713042800398e7e9b185995
d5da47edc7b8430fbdf9fd373974359d,dd4deba06efb2d3cfc79a5055e1cc50009cf4eac0055b05086091488e3a10ea3
d35cc4d7a1834581b43ded27e85f9b16,7947c1a46cd6f7a6d6b4c7d8810ca64d9ce885b2c132d3c477142a3cbaa9c287
569e2ba7b4a3440abdca6838cf06ed5f,3681e430c766ce57802b172a88130f73cb03cc87dbe45573cdfd15289a339166
f0bacb2cb57148f0bdf77f6267a4a736,3cb5222e8cf643bd1e6459ddfea5eea3c9467a92e5bf0486fa7830a5738ffc13
9b0a2b6e519f4a0f9301c047325c7fcd,88b89c8dd07278987596fe2687448a1ac85f382c56c815ca83c58765b3498949
7b9c3060e3b144ec8ec37fa014ff5861,e2161b69f3b3922d634e1406ce244e57698ce6ed5c7de34d4dfa1578b93516d9
eab468cc96af497cb6efc603613623a9,b132bf3e69ce4c3f26a1831e550aa7fd335985829fcbbfd0161a3312a1c3c64c
3d9a653e8a67422d89fbfcaa6ecbcec3,0978a087e91b90da032c0a85dce530f5688bb5b3e364149411981808591176f9
cc56312877574e7992446e8f0781a3a8,4d0e910d883c4f50fba972e3150bee7ed8902cfc5c71ea7b77bf532c5df79825
6f4a96aed84c43db88cc2b72a07e2e56,0b935756d3600379db87328da7281e59124d5a55522cdef0b9eb1deed46b7b20
df412332f29144e9bf9d20e11e63bf7b,f10d42cb2b53967a30e97f0f179162f9937380df1b91f40627fa6899ec34e1c8
39de52c822924244acf8f68068e51f2a,d7b45c5b8988e732e55b1679c312810c4b892aa0b09b4e5e7cf3f7d0623b9569
a3c754281c004ef1baa4e33fa7418fca,112c6c4aa6b43a2f1b584c939df567e9122148794171e1f666f810dc4299f8ee
8bad0e9de55842749358a3a019e133e4,fde6cf8a319e99a1a9ce31bac6e814889f6637998a5b0f9b3d4a8929be709f3e
166bf252e6984ecda9d3a285f078a85b,0d836ccf0e672bd4d378cdd06567178eb75e6760cc91f58f005ede3e38b8bc07
89d2695bf9a04a8aa7d467c770d27420,5a263345a9a129abe2b7a59e781ccc198769ddf3095168d02c436eac66d0518e
ec85fdda8cf64978a95245f4bed385f0,37f0e904629002703fbaae6216d6c8388a80388e67fc4d050ab875dcfbd1e6b3
464764c76295496fa09dd25cf68043fb,68f3795a07bb1a423fa45432d1cb2f3b4d9b3c7c942729e9d99ae6c5ed59d857
ca168bdb3df54e609c2984500c64dbcc,09752fbdf6bf12af427c5926f0803048462cecf6079fb6a93f620193a3a84536
f65554fb3101461abbe2675496b25218,cb69a6ea54b751d217fae53a94bffefc67aa317be9cf5338d17937da07aef544
21c187e811934dbf8e2a235eaea7a45c,697d3fef41e131012208c0b6473dcc45c506e224a5ca70ff82a2146aeba01bc8
bf502a4896bf41609e30b016371b9358,397869fe05e86e5f3c56aff9fede6214288a85dfe76bb672972dbdd7ef7de3b8
888a01e8211445c587dc9e196c81c589,7c49c012fe1cd91f26af525410699acc911270c5870233ee8f9cf23e625a1724
73b4cf882e68448caebb955f1d2f71be,4d60c517c52520189c1e8fa5a311285b2bf502697befe0c041f8e2800f1bcdca
aafb502332714e47bbbd64589ddbb628,fc8bd06862438fa754c21c6502e075b09970e58fe2e829966bd9d71fb9d98138
d2fcde823b374081a50f507dfb30d609,893d758e822b026e370c9a7025318b20cc7fe45c8562095a0d08fbc5cf2fa762
f6413e1acd254d02ad9b52153daa9d16,ca707c40e3fa3a86c9dbea1165af9355ed7f433c225deb5015f9fb3443947a4c
9d3aafce436e42a294705a6e5bee7465,c42c3d6cbd98ef34926cbb7ba09f27e1886bf29da3c45c2fee8c77576c1cbbff
2acfc5456b4b4c019c3c00ef1446b4b8,d7dc66e44c43411874b36c4c5c85c923c2ef074410960dc9ada8abe2797fa0e3
03185bd137a94ab08ea6f25956e953fc,da5516b45a4ec4e1fc53358a48621c62c5ca43d85ccf6d02f6e27326821f8d86
b326e7a7748946f280eef406a5310e30,57aad07471b0914c4037458708107add9afea7ae1b28036f88148dd347803d48
8bf4013a881c4b2e82df56d1b5fd03df,e2feecaeb4525cc0a085f8ad6e470131ac1762499dbee2aa2816d4d40baa141c
55db7b54dfe748f39e6e4b143ea92766,419a80073ea8e0659de2a04cd547ca953136b89b25221a2884ac14dba3d65705
28415ec99dd64e83bb39896f652ca069,eb3fed85f7dd3fa8be9080870e6357f17bbdfc4f5ca595e45e917caa15dfff88
90278eca193247f7876ed45b803c3772,44eb53a3e8d536bffb39c65f44bd04a02068f22a4c49ddd3eb49a9ee0abf47f3
ff810d2135ae4b5abf8cd970591cb0cb,c5db9de340081be4765e8810a2c2379408b5162b102a7e674ff216e8929a1ce7
340f275134a341e5925b648747f6b9d4,5773f691d7ddbee64df91c8c56df67dbbd12d0be35f762a49bdbdade9db90d38
d8cfeafceca047538421ee799ea85d31,02f4e656ada4297a6abb249a262ae38bf7c76a8400db77b215cb6d20f14c3b92
eb78201af31744bda97ee2bb9d1c6213,07c04e63b16dfa3368934376d9580b2e2deb7fe12ddf14acd9178ef89cc1c10d
c9eac885cfae4ea2bea12fac7afd89c0,2a4ddd7b62318c09be8ce9ede3edf47a09dd6c1e5ec815445079c91f824b77d5
df34551b06c442bab5e12f6fa843cf18,63a204ebdae98c85c910895420254edb87f05b7c11c88678b2709984df62392f
a60bb46f7f2941bb894c366f54316582,1dc92c4e674dd1130e385698737be95f17fbd34607212eea538c88453d67b6cc
d9761f573fff4250a0e16e0d71f2c2dc,c988312f12ce6730583b590833aa20779ee1b9dc86bbcc7c1399727528b09a49
fca17617c9fb4c579e6556fdd9921a69,b1e3590a7c4f06d31c5dc8465abc2d93e1764380f1d1d3aa126c1e43648d7fb1
e245eb0367fc4ad2b6158aa3ca6a3e71,77fe465ca780ab44dde724d2180939aa4fa654cae03463f95829a17dab2290be
2d94867c4fa14adda728171e747644b1,f330e68fc6798ab0ce0cd22d70bb5254af8030a24e1cae16c023f7f604631ae4
dc21b84f86814165a0dde9889f60a537,51afd5a95f30f2d330dad67b87e2308e84b4f42ea63e9a1d207966830596b04c
f8d9dfe05a5f495c824da2aa6ee14cdb,e7ea27d2b3ca5c7e5615a5c65480467b6b2234da3dfc056a08afb4ba264170ac
3e5cd4f5563646ebb41249a3c5a68019,306ef2318ca74dfa6fc74c17a833266e7a3506f988e7e88edaf3332b51779a17
71a9d33482cb4c079ce4326c82970750,4f8ddeabbc994e46de6c1184e36090f81996f429f9882228ae0b1de9bd78e367
3beb33f4993a4819bcc7244fcf0da828,c36040c3c9b7288de25882c43659611d43191c96546fa1a3aac7c94b517daac0
fa5bfa7128684ea3bb0afeb0b49018ea,42c5be7f417138f04b5e2d555513f5f779d0290e0035180ee95e94690aa0f35b
2c760e5038ab457d9054c21bc723d480,7a605ee0a473f1780a1a6850a86b3064996a3296e556f46b2bf658121398c0fb
d601fffd6bb643aaa9f13abc21c8fd02,8ad73d4a801d5068fb2c6a65afe73ee96c52bf7f1d76a534aafa05e6c9d05b41
c1d3f6afd6be491f8540ff6fa849d3d0,54433720a22be7c0853c1052aa4df1d7d45f70fd44dd36117c18da85073f6e4b
8a09d221aeba485eab8e42de66271386,33d66637c524da31832f29d272b68ebaf95a2825e0100f84886b44d4c733be7a
a6d019bdc2144e46a402882cb9284488,faef8d3311f4818f55394350a92fa881244b105fbac44ab9a3ffdece50898522
a51b0ee251714bea8ec8b2fe5c2f691e,bb613a510f10fbda78269e44d1235da64bcacb91145e90cb61408f1716b6fba5
c0cdb1d4d60e405f8eaf6f041ca82524,ccc75de6075760e716a170874397ca74c5db0c9ec528d12a686cecc25cfa2e81
9726a6789c4a49ec9153d55ed1645d46,b913ae623e38a68a9afa7ad6257e0895055c4ce2f4bc4f74f5ec5d5b3c265348
eb7ae201654148028895a965bdddb4d7,068a3b1f49b9a56e041f02f6f50afa70eea9795e8620af09c16e01094ee5e678
dbcdd0b8e164407f8457aaef5f719499,2aef50c3186b848a8889830d03f6f40c0963c44b146e039961efc332dc023860
a1d158469d1443fc850635fce1b039cd,fe0065a50d4018ade4017b5c583b378dd9bba74f4320016ac0c20aed1fa040f7
87bf78bd36ca4e29a9661224ea78549e,0e109df2817a9bf332c3f13ea4c28cb3bae62263ff8e63f69bf073fb8be8fb71
f06abd2721c64385b3b074264c4dc6dc,e5802646e7076afb0e7794553787782e845ad4051efddbea5cd84096a0e7139e
be040ce76b044b48a1244ea0a79c5827,bac8bf916061a1039e8121f6a38a9c78965a422f44add73802544f81a8b78a53
9be7cc982e8f4a6c97b08b84bed5d8d5,e198e59bf8133ea6bcbfc1ac2150a71b44c6ddfdd2b85463a97ecb60e1f9462f
726751f0d48e408687c2fc493930d84d,a12c2e5a0fcec89014ec72e5922014a86c437d095ba7e9bd54b9b6693e82257d
0b7893485c27476fb9b34c3959221ef6,d5c2887d170e98ad7e6e43fa855334c52b63ff3bc56fd7caa44f069975827613
df8aed4fefa44c79a8c050e5281a71f6,18dda0efe440c4d9c4405fb1749d7e5c4cf6012f295ea2496a3c73fd38057c90
d30a44251e4e48a3837c97926784bac9,7c42098ac129b5539d675d1b03543e474c37c66aca0f946fae8ee1e25ce74e55
38a6ba750f4d4146972a7c6e80ef35ea,cdcbdb9a6cd465d724f1bd6581868486d82b6987f312c51758dc1bb89e9dc861
2cf5c84f346c40c39f1eb139a98cff89,7fb6d0ad344d883e8f45eef33b4d0922c6255fe115ed74376a726e8e2830a99c
58b41b6a40dd45f08bde8122035fbd98,d4f9dcc3df5ba8014d1f9e5a11ec1f29101227d72a4bad3bdebbe32e59a88366
a9ff2992f5654b72a10ec4e27fe61b50,44798536c5659d111791cb29d5ba585492bf4e7980f5240926837186228de6e4
b3bd9c3f60a04e369c7c3a7acf0872c8,53e8d8662cb89441a08d15377b2844625b9eb9acc2352021601e9fabaa7c0b37
b2245012375543e0a492817cbcda0f78,d32ae38a6be006d75dfba1f22fa2fbb05603777121b78fb7144811a3455f13e7
57889cc6c1bf453db393ccea6bf2d25c,a8b8614d3cfa301cbf6359988ec1ba51d3e4939e000cf54401dd90b3080e93ec
e766f4d8455544d398158384983507f0,389daafe61a86f38d5bec1f7d796623cf6f05d788731502d2a40e9a0f4875cf1
fca5b082933046c2b588c291c9ec59d0,c4674053a8317ef31accc67779231bb2dcf065d8c889264d760dc6dc2bec47d5
c4ab5cc3705346dda30d47914062148e,e6829ce02e8ffff8e7e06509243e736b63c07ed3dd60de80d53fe4c25909c9d1
366a7b10f0934efa85b6d7f3e1849a9c,e6d15c05cf8e0ef98d06602909452ffdc2b95213cc5eea9a03bfa10123e26093
96aef238cae34f808195297878033717,0f4bf9b51a5d18f40365a2cf8cc1eb16ee76475834cb7d9b286ee4ab4e41eea2
d0ee7f736b924c6586f19629a95fc098,321c8519d1e6f9b765eabbd77a1921b02f646a8c16eeb95a4b2c6e40aa4e64a5
405cad2ce00c448381baa0369f0ef7cd,c66da2493cc8330bf7ba6f0464d7808bcfe50ee6702ad1bf036b388e3396ef91
1cb955c5144140e791212cb7528feb53,c037fc4de00c2501e32e83f981c2a6f19e8753a8daae3a714830b5709a79520e
e6dbd5ce0bb94692a8a952468a2ed3c8,c9ad30383009cff7596e460c62a94e1fa8a1c40bdb649a748b939cbf044cb430
3258ad5f003e4126b7001a493363259e,236914b1605208f1643aec479de8e044ab046c899abbddbc4411a627d997cf77
3ec4bc1c62af46d49ff1653d0f5cc765,c81ca02b72ed98ee234ecae6d7fee4449a545c898f34e59846f9e67811170b34
1ac46516f73a4c5985ee0ea8dd633277,3cccd2728e849d048e17ae2791122fb00e311437c803cfc2b8e0094ccd930d41
6fc8755791ca46e2bdbdab569162de22,367fea202178846b81b2e8a5852cb2b2067d404118f42bd1f0a1ed3ee77e48ee
eb9abf464a3e41ee83d294053d7a0383,5cb2c16c69eeea576480b1717892f400ad376b85658ec52d17b636793b350dbf
37cb72c3293e44db9e2c5569b7fafb90,f2c47071aa7d23eccb45012c8cbec5f0d9f2247e7cff321158fc3af6c91a1320
3e0cbc576b2d40a7af5915f82bbec90e,7d0cf9cbdb7dc0eb23850c74de9ea5e664ed75c727f4e851b5745ba04b103383
b4f79edde1d8445883bbf278ecc6a6dc,6768718cab65533b9bf8ac64e35f95b4ed33f61a1e57c3047f6c4fa7c5dfe9be
4584444a53864efab6438180a769f340,38b87bf510c2db0e1d21abb7f6c1e4fc38925a5a4368ac13111ac7df4fafb1ae
f62fa2c81eac4af5836e268ee2824bc8,9a7330d31c2474d82e2d55180db102bc2ac8892d3d9d90c308e5fadd59461c38
ba8b1d6a576c430087a966e28d667116,9f4c6d4eccb8729b02bb867f364d7432b353749ca9d964611bcb9981fac000a9
2609b08f75964ec59a2761ff911dad8d,0f85a14c4f99c5f4428ce8bb68227ab08be9c6e20a1fb3a35e596d03ec04cac5
c8eca0292c6b45be935de190b17961cd,fdd912418e9b6ca8ecbf69da9ea88c4d81f0e6ecd072be1c364b5b1353ba81af
9aa9969dbda244ee9aa4d0f87c81d486,95ff21f1d288692c4c418498d2c3e48b915217ea2258fbaa99a252884e451f5b
ed12f0cea22241a0bd4b22730911f5b2,a4a30cd8c1eed6d8bdef3de23e682bc98965c3c347f72c634b82f3f1db8d8831
e4c4b1d1874c41ac8fe992680d3efb5d,d1eb8fb8548bf9fbab6b6bb5a6c28ad58cb99a78bbe2bb67c7332b73dbed0080
51d943dc3ed145dea00da0623053317f,c6666ad1e66bb871adce2b595cc7caac0f526d52b06e1c47989fc9ef85341a39
e0b32a123ddd42f3ab61f68cf1b3e295,1ba94aebb8562a57a7104704dad9432880488e5d89b719712fbcf4c9a1444af8
f24053e491f5452f93bdad300894bd3d,82f18fb3ffd6245b8043cbee20485e966290f663fc9b31b7f15847be6e8ff917
b10f9e8647524c59995309937cb7f18f,ae6b7f5a126bd5c68e8adee43225755a1271c4726ce2b648fe10d8578240e24a
1aff4a3ac1804bab9d371bcdcf15950a,278bbc99a7d33ca5a794f39084e18ffe3126dea794d71d5a721890f40785cba0
99d0e0b0b4eb44909964f62333524487,2abbe7d1cf255ecb7984a17c2525551f3f44291456ca735fadec41becc78547c
54ab2ad0673649588b712e43ee25af66,5bc37d0075e23fc2a1736a5c1646a2396d69efdbd53bee88b4499e53ec5adb59
41b5e36c6109435794ef8ccd2d02b885,9d21b065e3f545789eff4b1d7378bc82a1f510051bfb79fb5fbcb743444944b8
4d51f9a7634d4751a7c0a8ad1197d628,d9f9001162c1ac38e70a966ad9a51b425afe9bffe3f1bce81bbbed125b68a462
5afad3b143aa4566aa138c90846c5870,dd2a71d3f21c46674877f0d2fbcffc3e10e34ebebd8a1e0ca31a2de08fe881a5
45ddbd5577fe4e85abd7c7add3b216df,deedbb2e445193c75eb3e8d5ccf82536b9856671313d701c33b44bc74468085f
7de2b2a9166b47b2a929961071e34ffa,61ca922c1c396237ac041d171c80640a87f50aa3de9ab862f1ea153bd9ebfc08
6b8ac6062b5d4aa2854378c8d5c06319,2187336927d45ea9d6388c7e26fadb0f15ce6f5f84beec2e997d5c5ed635496f
e523f681c00e403db8fdb608d4224c5c,e85824b014b103e3a3dffdac2fcb1307ac925cc7244f3d03266cc9b246271c41
42215e6de8724d8699959737d6e0afad,b0b264210b4029fe852b25f812c70e6bd55afe1dd3b189a7a45da4f2f0ed9c79
f40c91b124714f6aaac262417ac68a10,99f806c5544c6c25d6a258aecd59c512dc37d3244bb4bb3050a52fb6f4513804
dbacb34d0f904126ab2c6c3566f66824,3d2bc31205f2744127a92f830a6f91f826f330eff72ec9c922bdafe5212aaa1d
84b2609f42374a279e96b96a38d6e498,530bdd445939e9fa4c8e9f1512bc3f4a5d0647727abb4745e66f621ce393ef5a
7af294dc1c4c49a89a56560acada30d6,3db90602b7ad87cd3b2fcfc41780b4c356d971eaa3d8fdec0f4346c421391fa9
5b30caf32d814c219d2c07e37ba82317,33cf3a0d5f5558ce0d59b8207154bdaae410aab4534ed4187fbe1f783f7b42c2
64a211c9b16e46438ee2e09e4e25102f,2cb0911e39ae06f5c3017175b6770db4fccbf06cec0ecdbb806e28cb4ed261a0
1fc728e7ff82413181bb03db5f7faf76,d0f95d13bd5244e76309ea1caba3b85d96adf795bdaa5802be180ab14990318c
0ce362e4830840ba8d8364ebfa655154,b3d795e0ab5eccf85c8287f630658047156f2c2a0ec16b5dddb5e4d83e47687a
273376ac3be44d2aa2185baf261d7a21,08c1343293c36e24d8ee7c461a2cc7c9855431aa59d729f051d7fa4f9883b09f
19e9f0e92dea4209ba067474f4320c7c,d260256e0724b62506b7fc848115f19bd5b3f08006e0cdb5dc9c03617ab060d6
f9815aadcfe047d8a86d62276dff27aa,2d25c0cbb7250fe9c12a6967590d00cfbe12a8e304745de44e43bb1157922999
36885e6e7fc048da868cd2fd221a4687,ac74897826c7e35a486359b6410853801c8eeafce12944e824c2d94352d5bdbc
e00ef011cddc46fa81e206e8fa5b461c,5d6c6b55ef390988672e75614c15578f5b623f21d9ba072606f952ab9e644a40
cf7d60df3b75447d9b7f1030774799d3,95e01a5e97f9c3777bfe1e3ae01204e6049b2aefc1c2c2e980044f555d308f74
35635a0f1a08475ab2e06332f8f877bf,7c942562d49ab0909efea950dbbf75696e51a2696fc5582f297d10ed7de92dd6
e9be373436534c239a62b9d23366e25c,af71c7fd404a3012eedd59afa4e6643993f2a4914e0ffcb8ab20685530ea5e59
465bf315411e4689b0f6c98a4cb35d3f,297988a72fd9e871b9367a39e7bb5e841b845fa65a930d6dcd904cafca2d6596
0ff8ed1e9622486b8075a6cb2cd5848a,21f805686dcbebb83fc33ada6d0f758f666cda5d464d44082dc067f731da2269
05d71f2804e249bf8debd8ee442a83e8,da17e998a399be61835c9c24068468d5ec6d61cc341b260b8a943fb20a05043d
39ee23fe862a43a6ae1242e40bed7f97,b80931182d0d3ac8cdbe2acfa72a78e0765edbb6eda7bcbd45a9c672a3081797
0a313b5c0b374f9d901c01e51b1b2f4c,f063cac9b7a9908110b205548e0c4f149d010bd2bdbbefd476f1117e798fd822
5bb61f34a9ff4cd4b6c6840dc3b97266,72759534d0c5b8e94edfa2487b2fa7e2b1ba796f62dad8dbb4aa023dee77b00e
b05ed07ead634813b58d7dde7e5624b4,4a2ce0fe3a4c1f9810e21a100028b56ab5d82e50e0c96e16af1e99fde8b9924d
4c8119a54f6d48819760855541285043,147532dd3f7fd13d547b9459dd33163e8dc951c3cb70cd94f39f57b3606355a2
28a1d3bc16214d2bbdc21c5253b6cdb9,0497ddd9f302933f0aeac94d908248ccc9b8e8f65c626747e2ac34a254776daa
be1df0b67d56415a95ab772ee9254527,db425e29bc05e4cec0581a5a8c268a2ba7476133c4c5be39aab8990b51e4bad4
93dbb557e9b64f8faa5b7b16b1b3dc71,784f08cc6f6c3690a2d8d9663464f86a197e512d70dd62dd3754dfd3a1bd53fb
6be77dd2b8f24e6a80c0fa07c93d630b,b17d969fdf9b4e5cc426e3608c9dce599d68cc475a22bb8e2a8462d4a8a54265
cb0b83fde0ee4096bc8b42812210139d,471cda1db55382bc656304606b536c043865b360a88c2be884bea3ad8b66a8ba
19f42ca290a24311912f968ba75eda8c,f500f377c56943887c71b773deb4dac264f463324ec76309c2deec8ef5866809
abd48b4d37414f1493b204b3cd13cbbc,6119548f2d9531050b11e4397c9fc33e2f916eeccea88b8ce6f59497fbaa3e42
0c6f710950904fe1942b834a46dc4bf7,0cea468f932892b6bf040e6fe596b7515d5ce97fae97cba8cb0ca051c6c671a6
8263e3da16be42179b4f0b2a1f943687,d0d3fe8f49dc1af6afc075059d98f8f5c571c02e7ac8b9bf7024b2f01eb95d5b
cace770a7d814b7aa4d9dde378875a7d,85716a1328fa1eecafd60d0489d94681aa8123a76e7d46b0d08fccf9910822f4
f7ab4a4bae5d455c83db9052c930f150,4af20445f94bf7412bca3441ad431d70e1063e0987ff998d2c79e6a022734a93
865a5f55112f4061a3c225ca60262572,d72dd937635089f0a432ce4c3bb6a581672877ab08cc4b407a89a3c3f4656196
8068237a124940dda74ff8a8621bc5de,8c4b447033df2dc39e46f07a5a8b838b8feec7206f283508213f21b54e879ede
7306a50e52424bd7b387230606f3274a,61a92be14b5d627411d210c5658021be9cde42aa679fa7444e201e963209c644
ce3c5c0842ca43fca199ceb6387312ff,199587db16f36a2ca578e137e0fe730ed44a4a4ebea80d5b98b9eae1789dbefc
13b9bb7db12f408faf5fb0778e456ac3,28d008240f7fb1a88aa592525db4a24b2a6b64bfa1036d04b55e9055a936acc7
2f36b2546069458d84dfff1b538012e1,1cb89a7fce83cb73ec73237bb6b2d58eb259365f488311994aaf764ad640ea3a
b007b5970a30446bb281f6d55f43bca7,83a1fe07148aab3c052f8c99032bbf0c0f6d6c1de9d1594edddd7d844fb97403
66282d51daba493298e71e4e93dac545,42de884055abee4880679c39a38a4591a59c592a1e2b18deca142ecb851a2b9a
16b329d63fb64d8e9a01350dbeea7b4a,a49a20b0425141da741d9d583dbd7c1c623c1c6a050999530cc25fe14e336621
6cd2ebded20b4cc8ad8d6592ad5c4bbe,eeaf29d1c40242667bc98a2026549246fe4e2407a0f63ec84c4c28cb96c03605
7d78c727b4214b0f9266284b868ba31f,e40270b9dee6a5285efe06d4773bc4efa6a4d42d0ee3117c496ca0a82a05131b
774e5d87dfca452b91c25e282879f89a,3d23a5bc2644d545819ad75f96940e1b55410e69045c5fcfb4ab71f8e5264040
9d9c97eef4c44741a8575e9b7beda1a3,cb5d9a718c888add51192ef22c516c260e50fe8b8c8ebe7199e425007c44a1b8
938414c0aeef4effad36f8bfb5d88e88,efe7a692665fcef6fca5a28a009ac605aba7408df9ff81daae0c36d4a967ce59
4f2ba0636fff4570ab97306bb6f3f2f3,d8f2e0d25ad4f885aa5d98d343da53c6dad91111e0331d8b7d17242878b6dbbc
1ce38bb3f1964437a1908b632c1e4c3a,030c266c3cab3ef26b2b0d1dcaa51ca6e9663e54f56703f0001b3b4524781314
f88c9a7b15b440d489b5d535c058d7b2,b6c96c1958b0868afa21ba036132fc9c229688bf85563d802fe054b0a83a4d4a
33cf954fc8814b5eadfe8dd0f7554e04,eba77ba432980ec40bc0037ceaba0910229e2a9ff9a51097a6e3419bf66da330
a89f8c846be149999a8d481bd4c5d4eb,c95e71779f837a9432b371785cd6a69fe48474a68fb50af62468c4033674aa72
ed9074dbae45451f9f0afa394cf6a4e7,50ecc1144bbb3091fc0c716aaac3b4a79940a4367ead52b32dd7c4792ea96c78
9810f48f56ec4a39a9150ad7e39d6f85,6e61cccdfaed14e2e3debc120ebde6dac37edfc960e27b58e4ba9b3e13dbbc5e
ee19262a2f934e9a95c739a9f15a809d,cd9ac8f1bfa76b0d24e523f3f3e22b1028d8957f741285236775eacaaeab0f59
e449f0dbd82047439326d4e75c8bc31c,84f582c2b04444eaacc36f23b720f3828ad9d92f2d3d4fe86d863a3052d74745
ee4bc6ea2e364ccd86baa6aca753718c,f111c6b1a4d013a5140fbb1630a0b72dbf5fe918d44549e02281617935ba0b39
6150b47e906748839bdb0f09e0b39dd2,8029479dbfde3820cf6c4920b0110ea12fcc600457a40e8413da2ce93e0b60dc
fd74e43619ec43fd9835cce4246dfa67,e196a45bbc7d8ae5de1aa945d3eb003d924e3a6d6592bbdaf10e0ffb727ccc84
fd3f6a43a32f4fa4948eb8bb6e7d2b4a,108ddac5b485b5066b195b9c5f995f0cc4746e830bb3752cfb27d3c94daffe11
0fed8ee0405642ef90c70ddef4c139d8,3623d407f1f9dde9568bd50d257541c88cf1f2ed598afe4a905a9d68950cb302
18daed52d9b64d579514370f93f45ab0,0a306d52cc08f54c0d5913fefeab39ab4669368609a5e9f3d2bfecce4c331aba
eaf5710066164b348162382e29885134,b56bde339bd43544f421443041aaecc72fd417c685269cf550b6a178b7adcff3
82ebcb233e3a4250b0f08ec359ef105e,d4d027defcd2c37d9b342f103e48f79ec7aa59835e57813ac0bfb2f3777d1721
e726c157543d46099c4bf5b75f74e4a5,8eb411956e862965d5cd744bfb437075705ee6060f2e0099d3ce6f5c2f54275f
b1e7c1f3a43345abb63d610e634106e9,f51fe63d397ba610fb20927d0dfad6f6e08dbb9e5425f68d31aafd7dff144667
1177d7beb32a46228e9e751fd95ed3f3,aa5a7badfc285633c9c501e5a566c0f037b16f588a832a71df5f744d1037dac9
50c3e610e64241e196a54572326b53a5,5098e56df74b58d062568fdbdeb0e81727e7e1421c3bff6a90a75a7a0c67962a
b5dbf37e79e84999b0adeaafe3a79bcd,56ffd0dd6e27d4b5ff64291388956a9c50c0d5ccd84096e70354211f0d4bc755
56937776094d443395053d7b468ec68c,29a236d155ae2155702774063d77cea25aa7375350dd2b60d1de8211647ce2d6
9b164964e72e4a5e8e81f4830d85c63a,d65144b7c4869a9ed1d4116f795756d5a3e9b80730c05b16e4e3989f19ea8c3d
c402f61755194b87ac51e29c98e8674b,f72ee046f19083ff427efab7cb7c11a21bcb8e5fce5552dfdc54dc034937ae5f
8dd887ad17e14814b690881d6723b9e0,f96c8c70d69ce451d89e7f0823cec53e74cba062310cc783ae1e19ebfdf51d2f
3d345108d040483081d9a9a3a59b5fdd,9cdc65a580ca82436a427d52e2cac09aa5fd36cea220e388337c4f739bdd07ce
f74f94dd4f5e4a62afb3ee09e863316f,22437380dccdce27bed58c417ec05bd5831a72f26360d7dc48724e210f6c313a
d1497c6885b1461497046a64dde40dae,6fb5ea82cd555a96fb4e03fb5b595c36df68326a935082a16b892782adb83782
1c5af88b9c704cbb813994c4081b5dc9,ba5223128d20d3d8a63112882b9dd77769807ecc2bfcd08ff18a47371146a299
53eb73c454d74013a69167dd0bbca71e,5f796d8377c57e4209268eb367d25827dd712f14d86660a337a164abfebce807
04ba20ea855b4a5a88f08f08301ad5ae,0dc32ad391c2599ab9aa970337aabbe5df49da6f087d9c301a4c554cfc505d38
1103b658b6874d019600b849a50882cd,07ed041263053afa916de616292470561db81f4e9a60373e37535afefc02fde3
9f290509b2aa4e5181da148415a3dbcd,2c9705a0e4673f1f29f770351d4d55d93922cfa9439f5b90b56b7b009f71883d
a6f556efeef84f85bf853298dbd87b25,676c17e05e184bde569697f30833527fe786e772bd385b27bc6647fc988c0127
8ad435febc734bafa2e0c57405337bfc,2ca3a7f02ee783b0fda16c67dc1ae6453c0a4124c8fa153c6a90c6e3edd2512c
2b55a88db93c49ed93a3fe95ad463a8a,40448a460980b0070853413c4cdbf223ad91b27bc7d87437a69f6c918ec37243
bbab763f8d174500adda198c8abc887b,386b987145111f16e9f52e0ba65a9b461d9b3cffce09afab166f6167eb965692
3dad912555424bd0965fc62428ddfbc3,dc2af00535f7b13d03e2378b1652068f1df0c15581a6fa04d6abe995216599e0
e8ec82cd893143b2af53d7475806ee46,f0aab57c169f4c5a33c19255885dbab071470e2b4c6e5c652b2ce52f421f661f
247f47b73b534467b34be66129716784,c279a253a35f29c86818dbe507eec6f45ddc4a8494e06ecb874765f6c6c6fe4a
36eff35b21f042418bd7a2c154d1bce8,c294864466aeaaeebc0974efe31661e3717b2edc16101334621607f70556fad0
02b35ed5630c48d7a99d121d19234e01,a6951e4cbbb02e5f0c7d2d1ed9fa04e702eb96766d72b52ba7546fd63bc45001
b52ea31fd91a484285ad6a9b35c71662,58e86eaf43931f2764bb0d4ceaed65d3526a9639cfcf18cfcdd6459b18a857df
3d7dca3c371c4367a670e3f9daa861af,ded7bdfbbe04da5e56af8b582e574d353a23d898ffbbf84c2496f9cea9b6c454
087f5e3ad9bd4b4dbd5d7fd3ebf65603,f4bedf252feb41edd507c3d591b7325ad3bb87cc1538483d5873a996ff72a361
bb5f8ecdf8614fd8847ceb1eb9a36207,61659bc2dbb7246d5f5f6922e2f7ce84ac26117f51a8a6615883d1dfd736deeb
20eb3c3a7e1341e3bb87c9a68940a133,d6d6ba7e511fff1002a2d0fd9ce312e646f34ac6d853a506d06fff3ac243788e
dd328ddf560d44e99f384a30a289eaec,32bf3ede6543c5a34db80b9842519403a31a1ea48b876ded5bbd792598b5ab51
2ae2b223563b4eb5996dedce135e0c95,2a53940d1d239996e1ddcc1daad4f429c86aab1db5fbbafa871d4014ad8fa2b6
488c6eb30c72409d95af1aa4891ee0ff,7b05c9c926445021c6a4964f7d0d1bb32f749c321622a52230a90f6f4fe2ff88
442254a537544777b3210621ce35444c,45ce762d57ec0b83294b3bba0c87d48cd8ce5ccf35d91af51cf50426d6ea17a0
dd796d1fd01e4d98be30e26b8c4e187b,dc58d842d501b4f597f8840420eb9a9adfff14f7cee9c1f2904f8556d3581ca0
2097b1a9425e4ff0873bbbe6805e04b7,a92e4a95208d2bb7f1176443a85ed0a4d7f81c2f290cd621f6f0c69a86dfff8d
c2570faeba594cdcb9c8aef7d47d8357,5d0274193dbbce8458d7439ce1fae9118870cf2966cd3fce5019501945867cac
d6e2752113eb4db6b27e56e9c6293f1d,b40725757c6a31e07a319370e3755f5f01823afbc5d0a3d624f4910dfe5f1a71
8a93e45cd516494a83ce3aa0b65d89ed,1c1a9cf071231ea1f4b638d03b8855503b7248daf60773d6e2f0775cb0bb1f2d
5dcb0b65cf8d42faa34544da63d9474f,c75d81b71affb9e22b35da29742d731caf192663d30473725d2cf3787d123cd8
8f6b5dc021b44986a44fd2f14a5ae9c6,5516b0eb67b99d2c50da2a403bf6f89eae9f3f749147467cb4d37079f72bd76e
9bc1fff842bb42e6b5438a597e049ef6,4e028c997c6afcd063530fc32c90b35ed796973ceaaf5531fabbeaee45b23b63
de5ea0a6bab64210b9ee60fc19960b8a,58b27dbc4de92abd0f6697f2504588ac8463b7c8925b2f0ce195e9b42c42f8a2
1a51aa215515429db97b5b3f054e8181,cc0a2ddf3bee3f618629f37fb8122956465b58f7a40be116d85283afef365450
6dcbb08ceea54e18a77ac266b76d3db5,83cece2d34149e3735f457a700d8eb279fa227c2a3f80a5bc46375712b3ebab2
43ebec8383924bc99470988826273c6b,4b8a6ec72e5c095d15d4adedfdbfd6c60e96d6751f1f27a34210d5f4194b97d1
708c5ba92bd540cd9623aee880ea661f,982b9cb9686ffa75316d7bc7c6f8ed32976c38ef4031130553262dceaa939665
6543ac860e6840818fee16a11e48c9a1,4c374b3de9f1a6ab8e88eb456e720a67c23d28a50ecf7bc436682453d20d3331
448d9a2cd008461e9590118acff5e80f,ab12946eb7fd44823a61c3383f781e016febffdddd4a6cc358dd4979ac1eeca6
3e32635e6b9d4b6e815596ed61338925,a7580aafcfbbb78f2e37765e35a129080a6b0748ce8ada9f238a2d4f9b7fc730
4b5e3d8d52884a4099f60c2e7bbaaa41,ccdba959eb86b0b2fdc48f9a386d034b465b78b8f50f814c1ffcb31eb555b412
9f5528b85736466d859953e83bbc7019,85a4f2e05fc95a29a0eff751236c23dab52be0b49e9955ca9b427905b8207427
5d9fa72b31e74cacafe67f4dec77bf1b,9c70bf27814361e34f53fdfad9d348b31f51bd1d2aaf639a24d763fc5a7cfccb
115c4c4f73c74800a277db8c029e139b,9fa11082e3640d52ad9d2b43ffbbff657cb40522a2a99a0ab90d186c833963fb
54683f16a63a4d1687cf6ed2a4aa8e77,b9a6e9a1c4c980bc4f2a6f9dfa3d21c786bd64a765da0a450e8d81ea31a696a7
59e7b6644f384f51b7cc82ce39380377,203d7a1f4b802f62a0714853003d60bf11a7cb25484f6707c593e8cd09a8105a
31d7c4f1a89d4233bb0022fda6e5cd2f,f9bce983f169707c13a4a43853ef1297a59d2ba59ade77114e72f8e567fd8fe4
f30649090a884ffebf48303c43e608de,1a47fa84f12809be63669f3faad488678cba2e12d431d1450f4729ae559fbf3d
7b9b4b58ba5444898525c3929a733a9c,84f2a96b2497ac1f2518ba96d30b1f8c7d529a5e981d88df01c73fc0d95db762
9e060e62edca45c39df9e2c1d5cbe46e,730e6eadea5e7ccd4e1365b269f970ca62cfaa67e1cabdd4e4afcb672633d38a
25ddbe9cec8b4ba9b974a213f7bb1b98,7bb3dff8277346acf41a4b6ad5a101f9ddca7c3231d89a26e0ffa1fafb7f6328
b3315e7e26634bdda6e5b54d8eac1b01,cb89db36d68f348ce4bf021fe342a48c3fad0642842b9a0c8878c87f91bfc7f3
853c374249044366a181bf46855b362c,29d89bcedab2c818db60d3189a47cc504d3c70c65deabf40220bcd37f623eac6
0ffbee6c2dc54ae9a9090be51e6ea016,424a8ae5dbe81f9bf9d6a7eeceda104fd0b63a76c7b85cc461c1bf58b1ee9391
b915dc6bfff44afaba7bf3c7051bd0bd,4c4cd2f5bdbda7f57f3a6e0b93137052214b694ee3662cf44d388ace6ac39bd9
2d7e053d566c49c4bf349afabb2125d7,c8b3bfbd906d5c3ba739b9571c194e0c851ea3029728abc2329ea99131528f93
8b55e7cb08ed4acfb57fec107e22872d,cd69b17e69c5d554a5bc92f5938a3697855c83d447568388a05c8500ffe07dd6
eb0e2d6210604301b592da71964e23f2,157ad0d2e05593aa38b36c2a85afba7c2a037972b9a188042cfd4a222944bfbe
06e4f2190fae44f8acbf5a717db9f58a,542bc29ec5befb14e14d224c646831e1330799031ff647d4345a8598e0912d95
2c5917937f334d3d8873dfbbf47066b3,d502ed70e82fbdb69879158bd45b82f19bdb2af2d16d796286be75c772a6550d
3ed31f79d68a467b80992c2ba2ca2cd0,af7ebf013006479feff6a1073cbd3757ab7644b942b0ac9b651014c64baae1d1
336839f313b84877852683bcf7295032,b99852c3393e6c56772a60ef5d42339f9de2e1ffdd6a5a628ff3205778226fc5
001a7c31c7634133a0689a81997c61f2,c2a0310e99c298024370fc320df2603e5b7fa68335787a1e62dd609f61a5f548
f9f738baf59b4e19b113c20ea6d4a7b8,b3a4394398141d4b61d8671a2d372de47dd8fa378998d9cf5b8472513ee6c151
60b34c843fc344afb521a8b3a490f491,7859a255224e301d3643002bb399b42cd97d37884a796925f061875801324dd8
2f1baa265663493f89e50a28df16f31b,8f4aced35f1c5fab4bdece73528b5990d09ac9fd5d1e9dd50e1e375a2cccda3a
cd4826886ddf41eebea51fbeec51321a,d5ef3cd420f717f862cc5398a69ff65ade2ab43618fae28f5b9a7d4451e7b3bb
bcd7e337e2814da8a43ef57ad7b0697b,f6f8182a84667cda4b00143f9412a6eb365420fe9a73b3bd87d749731398cacf
79068dc97c184a74840b576ddd0575a4,842c60fbb413a81867c6f3fcaadd8e30fd446f07a496145675bd0994ac497e16
74a90fcad94b4605a4eb36e2609cd824,87f60bf708a8a2b4d3162e1c17cf15af26c9654505d2bf6add99085560118c25
fcb400d5193a46139135bf1de2c9b948,1f5cfac029a650e3a8238d9866b7bb4109339fab2591c064b24825c19023e89d
becbbfa1418f4b1dae71c11af3ca5acf,d7de12989942e1617691b5db5458059baf268bdd8a8b879ef67dc9a0a21073e3
fda1fc7a252b4750b57cd62030272e05,37dc0a6e1f3505261ed8f8faeca51fd1c24c3d9b4227fcf87427b579ed08674a
01d8fcc8f0f542d4aa75b0b61e32b6bb,2de0618c1eb0f843893e4403c236eb980fa19461f241940ac9a0fcb2b0eb1aa8
051f99889bb1497eb1b72f91148140fb,209fc1fb89f525d70e97fead75b6bf4bd6c30206b1d035a9c11c2995a0bd7aff
7b985348c001475c861ed73cef4e9229,ac2a7d00a0d5a67d35b1c1ada39a58c788fc7a074487eb2841c3b9269e15eba0
59ecabce487b41d1a447478b70b5ea1c,67a861b7c4014db33084d1fc7f0a42559e70837c76058aa64f09367cfc96eec9
9998944a10934c2f97673608f02efbaf,d797e9ea7c12abf1245aa759b16016c55fb9fcfac12746f6e05546220f278bcb
16ee466f06f7449b90ad8d20f3621f8a,42fb96e5f9e38634be032858fdc5935203a4799c80c18ded0756f4f0eb0ad852
2867056465324d6facf1d5773aa90158,b0ff3bc217b191ab9eb71b2536c86292c312f8eebf3dc0a4766119725fc5c053
c3e765a8f0e449c197580245781502e8,a23e4b01f143163685d6f40b98c9f4fed0ac710b9a86c49243874649deb67716
2eecb9a625f4462892289caba01bfdcb,e4f0b154381657fccab62898028398137f20e0701c9b21c5d7f119a3921dc5df
e909458b2f6649d5a30afbaf367c79ed,f05e15b85fcf797e0ea12d6d5fe0f61064569771dd4e0a8248058b4a4ed495c6
09c2cf3dca0f4dafb36e089c84530e0e,1219808907b60ddbdb4322ce99a1f35804809110843927eec7b69f4bec3c23ae
834692e67d184b74b60a52e622c4c0f5,dd2a2f153dab1b357d991a07aba696019f8d485b93b040e01c1f69be8bfdca46
7bfebf82af8b44879f39ab5c13fa2305,e3d09fc6b1e694939ad73752b4d61ee9bab3308cb0f46ae69abd5a4e666c7775
42d4ef0c83f848ab82c7ea10edd043ae,eb8709ef3de0eebba53b20f66b29211e63d189ce8c0fd60f15ef8aa57d1d41a3
668a2876b7ed4190a517eadffff45c7e,d8cb95b99ac9d8d71370f0cf885b3e389b09236a32e45c27d311d922a682a533
983daba5005249b190ce493d7b4fd32e,b874ebfaee0f9e7e820d38e76159bc5ffe8c2e0cb32fe75ceab3e44f07522b2b
c3e727c78b5f4293bd29441be80889c7,c72e2f91b0774bbe09dd1d019495a531ce51fc5b29b712a93e012eff771a3200
c0db63fb46d74f019f98d124950d9270,e83cd257ed23255779d9d96e270c85696e4ba3184cc28257686c4514c0241961
2f71f2de7b194ea7a52771c9c2d621e7,ab9c99765c5c0f74518c76dc63d14931bc985cbafae7d234186ae9ca6764bdc2
ca584ea62fc04136b60d370018d7f640,4078592cad07b00e0b8824105c65d90706e6386418aaf0a2cac8c373e101d1c4
538fc5fd7b28483ab0386907721861eb,56a04a745b78c2479fb250628d4f3f285856fea2e95e6ba27a90c67bdf6f8b9f
22fd4bfce8a841c3ae9269b8378e60c0,3feee649483e5bfbec28d27ec321488c2cf0312e1374fc7fd06f3b68f9c5d0c1
61d42fd58cfd47709eb3e723c7775dd8,b4732386cc7f0e049b1fda2487ea37208ce11e86f1d8d310b7b9b549ecb3c6c5
d4e2719e9fdb4181a79d68a0b1972872,be2bb09a15192dbd8911e19ab65ce1373f753383a7b82b78018ef7d61716b989
6c6aec79db044a058a1f6a2959609d54,69c9642f7933559e95da41e08fb6dbb66ebbb75df6b5cea7c8634b327b3f040e
2c846875799e4c63bc366eaa7a2ef110,a45a8e7a5f63730d637a3110e22ea13541bb3a1e02ae43b368c1b9f5f5e37a7b
8506b4617c5c43598668111f9412b7ec,ffb8a724ee1f90e039dca3210578cf6d1d8c833a1e0ca90b21ea245f431b7d63
c43287a05e4b473fb4c7a88a6bf6d2ef,ed1614ee9f3215ce9eebb9d9e0113a34d22608f2f3460937c3ba37930cc07c3e
6d85bcade765403b85936d3c2d2b5f0c,051b206104ede1d3a4e03dd25cd31d879a6240f0a3367fe57f9be375d99aefca
4d236076cfeb46969feeb85af74e466d,e084e22fcac911271774f9d58b9d3bfd2ebbfe252def5284ccffb3df3de0b88c
8d159ab60a5247fdb67d878110effc9e,69f9633ce607c5baee5c66b99550b733105506c817841c88f7b1d6bee8b9dc6f
5b862e568308436f96dadcac51515ea9,452b41ea33fa427381205a14c43134a596b29b110790eadb784d445949799020
44cf2852e46f4ef2889852ee2b04d9b4,71148575091e5db124d423e9f9e6f507d0d815edb4fc59160900e973ed7614d4
96625181a1404478ad5406074c34e5cf,a31705d568d01a1015d61c46ed42c527bbacf130cfa3ade59cb1f2e791b896c6
1fbc59a602e0405c94edc684a0f93279,cba1b3b82388024981902c1da3ed036ba0fe4900d28989cff9b2297621038090
c6402ff13df94afab8b4d10b92f3306a,ab547615f123d0cc68a7025b67794cdf74f24395be6a36b4b329e7bf9e81b4f1
4386401ee7d0401eb35add971ca0df6d,b4dbe296e437071936c5adeb5ec98f0b925cb1795472b0b2b8504348e6def299
6a43a492a8254737ae4264f765978333,dabf189847f184349502bd94c0282fe6da25484759be98ed557e1adb28f8ce79
79e74469b76b4dd390ce01f86d27175b,bdd3e67c4fb964c3a8158734c2b77c126b5dbf6abf8dbd0a2b058b6191b1a16b
c7f1d601b72d487ea8c2a98d6c014fa7,136018c2ae2abb5202cb271503c10bc16744ecff75761d6a1ae22ca2ed68c284
424887e361c84b6c9413227e3a90a620,99bbadec3318d534df509604c60f943df7cc66651e807aade57620ee99125133
5dfc1289dc124be7b1fbdb849e302256,ea15445e931cd0808e59726c0cad71a22d75cc91af570f88d326de3cdb5952c9
ea69c1c480f2468c980e63465ca2a7b7,bedb0980859717ae0b34a0190195a4749268e272b6a23f1f71389106e897807f
9a5c162a5778482bb82e26ee08ea403a,c9265bc89f7f905275b386504b37df777dde391af6d84f59349dbebe8b595b94
5b34f2c7099942afbe7bd3556078a5e1,351134d843fe69139f83e2480d5dd5153adf98fcd3eff604bc114617d09dd671
f8872fe975644d00861e415ab76f96e7,32ae3e7343ded78e67e20fad11ee3d191779ca135f0f4729491f043c7a013ac3
50d74369da4947eeb8d71b7c0c5b226b,50393f88a059ed35bb3415ceeaaff3213a85f87ce674f9d48a6caf996d48aea6
f2fbb51da05c4b5a9a56d1f56844d4df,2bedb923ad135a9d4adee83f4b89ef8e605eaa18dc7f94e1abf69dd3f8b7dd02
174b8a978c9c43df9f858bc4119fc1e5,78208c6615abed1d96f309c2dd1d5f0b855e235edd38c8f0ba7507955f90c1d2
758d4128b71b4b1298b740fa5d4a45da,09218f1fe95b37db25698e7a8c95c928761b6f47655d10a0b33ec755f1ae524f
083848c47f7349acaf9354205287a816,258adece82cb2ed862389a1a6c6a89c509a66bd586fa09125203bac40647d679
7e6a244fdf064fad969c33d5dc8b6b15,b02472b7f918b068cec01ab39e1f4a59af8175d7be9e35a61654bd31c2146670
8e6b39ebcc7c44cf8aaab39ad8bb4575,4c1143fdfc4409b8c9af17d534fcaa857e82f2f57ee515f76a7464e091ae7959
f7af602ce63a468f80a100cea04fe151,45575367442fb2370a29d3ae817200fcafbb838a3248024a86c08e5e5c1d2139
d2cea852c6784416babda102acc4ac7d,c5c28193a9c6efa93cad89bc067effa01d660ce9570f400f588403e6f7fc91f2
0528b5d221ff40a9832e607e6dbc357a,9a55c0f71da5ac9b1631d44c4e56e9ac494c79674b846e17f95dc08f0c86715e
aa6a56804745407b9f215a606b5538f6,269faa7f7308dbf01e7732acbff554e9b3bdc81daccd18c2df73978984d87c6f
79eed1d1b75a4b93b2a192a413d4d1e9,f9c85e76451e3b9045b08d48d45f72a27d247e8ec8eab1f261914c4cbca7c55b
4243a0a6241b42a384f25cd67a6a7677,613ada69d08eb24d168a755ed16552debb9e392307bd16f1e3f8d51ae9d4ea59
a6f15b1d1af34e1db25e32d94b4aa30e,ad9c5f219920870062467384901c946611ee46dcc7f43b4f25d1ad321acf6a4f
fc4e6277ac8c48d3b616429e07332d68,84fc8bd8a0aad04145c11b5de4006b0d11f492c94eeb4dac7f6541fafc7f46a8
2adf7306f7774063b0fd047945e2b6c2,50d6d67794c2882b51167eeb0e01d1cab47e48a690e75942dc6f3a4ac7b3fdb9
1ef29881a7e34fb394bfcf8823f23c25,67ed55216408128be32e6d8b789671248e95530bb003be1a0ece94482c84c652
61afb64ba2a9454a9493060ca7afddb3,e3bd806edba1351809597624d07313657e8314792dffa4ddebea1f3227559385
d29556430b8d4d8293ba644fae4dc307,8981b01e60b7fd3f91c7c6fe94accb5471d48d91580693c05860d85793d0ae2b
761d959b690647c8a58e0999c4d931a7,1c15a32b01bb089d9cb3feb97fc5e427ce01a9a57816a2cc5a17250620dddadc
d0972c3bd2544bf98624fcf6e2846fdd,41039cdc700b7a1eb1f07417c6ac7ddbbbfbdf236a688b736a3eff4758982fab
c274bfcd7b12473eb6e43ae33b3fce38,f769e776493c85f16ce287cd401a1e4ad9256859d9306f84a9f7fc9c74f7a4cf
edb46152fff44661bf96c4e90e54a83a,a8ba211b180f3a96139c5a341894008c183ca3a5405eab964248be799f7c53cc
c6c74ab3000a474c9ac35edb6af00e9e,279ee02ed20cf31517707bf3cdd8045514de19b030e21b51eacd8f6a6c2a71ec
097beb7e40db4054b9cdbf6813110666,647e2da3fa6fd4aee1a3272ac95bc4b5271b5bbc4d2bfea9e83acf62b3c3237c
23da4df084e94e6094c531fe0e57e5e7,f86875155c9a27f78369673c7681ac057d43ab4a0385b26e9812ce24815f6655
93c169aa687740119ce2fa2069810f80,a01922df0392d571455953b5f024774e45230f240b054ebaa144fd498b95d1ea
3db464011f674204b3b3a148595d2b37,1ad03be23a5d638158406f1b994d910070397cc7ca5df2be12f87f77b7cc9064
317d688a7d3949eda7bb925b3148f142,2ac194fd89759e542a30bd57a42b495352ab7d40b4f6f1ca7fc142e17f4c8dcf
80a5f543eae14b719697d2b017ffbb6b,b15fa6cef94876a80e50c4e91e8427decb79679cd8c6e62a4939ae7039d7162a
e5898b9fb49b4ebb99ea21763e699975,6511b48c6aec386d425f917f445d358fe728c3ce1276af43f342c2f62ef5e766
047c7839205c49f9af8b61c5bf77c3a6,9a0e77dd97bbdd4723a2145ec23347176f4618cbdb21c523b89daddf23b31690
03ef6069fb6b44618d513c6022e55d44,668d471663742bf379bd420a878db89ea12b2edeeaf38542a45273ae1319ae7f
fe3899d809034518bde28e7426ee4323,3c84709beee14c4dd3bd644180db95445d60c049129dbb28beeec59b5cc5be43
4ab503c9434a4b719ca6ef334dad84c7,2374748ea6a89f07f447dabddc45177a5bc77f41991c5fda6d59aa96338da7ba
af6a83ee54544d3983aeb6a0837831a1,63e13650a05a61af44766b99397b5600efdf63c9fd7d90537e6d53462a15d741
872cb5cf25e7453c8a290ba67cb78bb6,2ae5eb7b961bce0781741bf6e6cd9a298fe8ba1cab800853ba3961170277d1ca
c198fabead164c079dc71d9f3cadc80d,c75f8e75da50a96800e02d3805930fbdc14b87a1ec5c44e5c247f172fed78d72
334d50e47df546f488cc5cb080d2d9ff,8a7bd626f868afc4549bf9783a490b0d59fa429b151632fcaaded29e7d550417
2d8e6ae8cd51436bb3a24d8055dbde60,f746cdd17fbd7da3624c464cbf052eb9104794dabec7e35769911d48209ac84d
ea6b021b5c2947c89bb23cda5633e08e,e4129fee707a5ea842d632b6333161d98cf117e900b57a34558baa246087b0b4
dac5c9944b7147549e7bb923511a561e,ced971e26299e613f2e7af424cf0b0f9c0ba737fde294e2c1549356e7e5fcc53
bf81035302fb4daabf077bcb6ae177ad,e192f92b1634ac806d2bac049a0007580082404bbbeb552af177ba194cd767d6
06e677ce1b9c4d6486bac580c0ca68e2,8d37706b2761b08298da6ede80ab30662c13118c3ad762ee500dbb6d752a246b
d26effadb4c140b58322b8823dc9dd5b,7c3b8322fa5dd004db8df05eefcdd9fb661f150087c1098209d2c31ab5d2933b
a5e8a5073f114751a3d644dbd0c2954e,d6056f8b8786914bd240b6aee899208ccb19b79168805f0d0ff7602815ff3d35
2dbb1d34d5524db6aae90d62b0b4788d,64e7f48f48021ed607871fd44057d191b7347662855f69872e42965dfe79afc9
80fe99c0fe454ce69a5feba94f48f3c6,86a4347ef00e88d5f05f0024965104ca9c41988b75e220f9d6708d98e9a0d4bc
8b16dfa459d949438dd28b2cb2fce400,7c97b420dfb4e84924df2bdecece57ab9eba853f8419be4f829591df2ff39746
76e88c3e48fc49458e1854c79c28534a,f087ba71fa17e8b9d696f468bb86f4f98551514362cd2bf155a0dc1d53b729e4
f44dc189dbfd4eaaa013370eff065cdb,9d1d3daf2e19ecaf9111f6ee947ff8a8a63ef1a1440cb39e7c014d1af24e1f8f
700259eb47584d42a8418ca605652967,931154fad357f3b24fa3f426aede7050ea747e052c4aa239227661dde05b583d
8fe52760cc864e5a941a3c63ee2e9759,248f6456547eb6c3c168d39c181577749af869b9af7a4d52121747f51f20da6c
614a0ba120434b28af65db6488865e80,476273fb0f65395a61014bd0b7e4cab610877e7fe22c1657f8cd0a71b4433c66
b9786974928944039dc11e9ea0d02fc1,ea0ffacbc656420d95c9eeb64944954397ea06082c7015b210d8d090f4501c63
d965e332fd2746e1bb41aa495ee09462,e24347a7c7da6ae796160714853da809087a9cbe88f2ae5754a3f268345c3ff4
f53016db78994ae8af335794d52b17c0,d706104e53ccfd9c7b51f643dc424fee4a8bb6eda76133514413a361a9c430ef
328cb67409e14df89686c0589c8457eb,b00f0afac75fe072653754a5be1f11d78b2cb184de1a3555bfef2ddbb6434cdb
78c288d5f7424a51975a13096998c93a,cc7a151afcf42adbbd0007f2a06cf029c37c32ff5363762da624d34f27b42c1c
ab8447433581436e9eecc0bf669131ca,0847f06b44ff941b739ba70059b68fcc268585815b5ac29ea44cdc7df9407a40
4f080318442344a79f31a0eb7cdc4b31,5e45b6f8017bdab307bb0b10946aa00c3c66b83bbcff586e3b187ec1741f786d
15d73004ef5b4ee4854d24bc83eef00f,3100bc2ca50604102a22ce377824956156d10958ba3e581bdc790658b43e967e
9a737be6d4894f63bf6e17b9dc60b7b6,2317a483ae90a5ef46afeacb31415d1e3ab4a0580678210af58d3042a44e8581
c868b3aad38d4686bd723b80fda985af,bcd49a063d1adf10a3e63e0e1b013056e492747b48800d3b43b1a29b4a33f8e9
ecfeabbd59c44606a084a13f9dce68d0,64f903dd47d47c7d31004c1c2267afd554b049eb353ffe210b077b0d31697aa6
8c28ad193b8042b6a922f267bcef9485,d3efd36f009b1547bb685b965426d023c044b41728280309a24131a53e23c3ea
3c6f0007e0af416492bfbd53668de91c,e2429e5a73483b07920ecd116cde06f725a22b7e828b4470f25f4a32b4fef007
fe4d5cd72f184fd5854522e024fb4ce6,4a8a03ac9f6e797cf510e3bcf6dcf95a5320104c9235a7f95070d2f1f94603f2
73c4a5569c014474a95688fc04c9b982,123dac16c3bb968641f9cd1891a3b0796aeeb742309da2463871bc1d6cf2ffcf
8355acd4fba9442ebc749a9bb0e09d96,7059cb6c84a7f906d862ad7234b3fdef8c21c19e95258dc29546cb087d9a1799
35fd763f0e9d47cf9c541b6bd5c4b40b,d56358503e6675081b9f6b1b8b50bdefd4a2a049bd3258fe665be14d1bea90da
e0e7bd5c9ab8444ba8ce9519224f1796,dcc899dc230c333b99c2a7ace4a7a170dc531cc2f4d30770682a2b64a3c48833
160b4752a41f421e9c8470610a64cbce,0f66d21448dadf5438193f2c507054f1ac7e757566730bf289de7f034b489b4d
deefe832ae4847e685396b7d0cef172d,e226d26737c2dcc572c0d29a509c29b703fd04aff9e9cc9c3703e93dec0e02ef
da98829257254c17affcdbf59f52087e,53460cc34f419d4fc68426eee710fb6ad54f55904b856135c93c685e5a738084
d2cecf6a57ef4cd98f0aa280e0e9de78,d5b2b639e8217e7e00e6520f6055196e7e33488361d3908b70caa0ec0a556ad2
ef00662f157845178007ae71124291a9,69e10a9946d4461da3a0b1fa6263d206f778aa44ed0cf0bae3cbba8c6bc56571
6e264385e09a4c58b3dafd63e79483ff,4efd4844dd70d0921ddb12405efa62c154cb1a40770a451861356aa8aabca4e0
555d6a12e1b64f6b84eef81b7e0cf10c,9759ff14fc136a93fa1c485f14ea9d61ef50fe4b961b273e5c7672245bfcc01b
3d118bdb06504e0b8528dd04a8a26f92,5a8aa824efebc436ed893bbc38ebda9b383fe1f250454c3cad2fac687367c570
3cc4d79ca9384ca885468fad6bd519e9,5a25d412a4debffd9b79e148df7892a2189605b7e4408fcc394637163e4a5390
6fb77f2babad4a4c9d70d529e0f1392c,96c6e5164138e591fc619ed99df216c10bcffd8cc91a8516aa216a02968869ec
2148ea1efa3149878bbc2dc4fe35ba1f,96e2f7c9af162330ddc7fa0381ba9d84aa679dab302a5526deccb48c35f5c6b1
2a1976580e654d53950107a6b404d995,6e7477bf510d4bf25e39125480302f90cd89a8cf341c83edb8d23958fbed10cc
83dc2aad2aad4bcba445809729557cac,6cc7a505eb682646cd8f8ba14216cc858956e96638759a697fb2910686c4ba57
e3890521edbc4e02800661af0342b8c8,893f15c918674a2c22adbe5d7f1d67f771329da4d8fa2189316ff1dc32a48868
6e931798757041ae8d28ea9391db154c,08e3540a8a8c6ee8ae8cce31f754c022b522ae5bba29996e776731d36bcbf30f
83551d1a776a486a9cbff7d169fcd6c4,53a6824e6235fd92176fb6e8805032d5e8c2b0026e33b0d776764354d74a07eb
121017bc21ab4cdcb8f346e52836308e,bcd8be090d29beebba2773163c8814dd933795b0ecda2a46134487e994da8670
ab8953c31b754a1eb3ae6b31a7d1b94e,50884815000c6e471647f18ad13732ce4cdb272a994abcefbdbfc10459ce8cf6
a5b1ccec23e14bb8abebcb2406e01bcf,b893599dff0e1b8d48cae6088f5a7413d236ed2352ce2293bc7cac301e22b17e
139c38ab14744202a1b66d966c45aa69,763ec7494fdbe29fcd402eee61d99cdf48a790a0da636c7bd59776faed74e4bd
38202b1c04c045fabe5eec5ae971afb4,06a417bd39e93721f22ee015b14eaf5d0894ba0ecc73253805d1bc2afe038518
99f7db129a6343c3b6c3cd41840eaff5,3a39791f1398418ada915046ed94d0d1efd4e068ad38b3b3f846f64918f5aaae
baf81f9f1d0e44b98d8f3bd2425589d8,c39e056d3f94a8248b4711be27b5e1e7440402fc6180ba5a0464488c745ddc93
373dc10f746744b9b877d1994e4c035e,eef190d746829a9d8575ae441e3eea8dcc4a5c5838d632b3f93fb137c16a33ac
074a8583cc6a4535b2ab42decddfb4fe,71f977682d90e94d6490a15b7815bb621a927e3828d3f9f069fe929af43766a3
8ed8eceb3c994be9928712b74738de00,98d216e42f8729ecaaffd28b3001fce8a581bccedeb44621f4a6dce4eb07eea1
423b45ce630843cb9d2cebc470de012a,a2b9763fa65ddeab139bce1fc593189d4caa1172d505021aaf20bec7cf21a80d
38bf9e94e4594e03af37d075e47a7b5e,0d3e17483e525fcceea9d6a671435260bec11bf0bd75f3ef7a7e17b88cadf020
13e2d66f461b4b63a09822269bc8d23a,ab26a16bfe9f91f58b5508e82e2027c14a24123f0a84b230529d5375de8640ad
44835439f73246ac9227793cdf0fe392,02201ef524a04865b5ecacbd80272fb9bc047c734e078b01c1d2ff68009ffe93
98856f9d38174610a82c48423a5c0973,0c93b3bf40a56be56db804a6a0237edcf1dc31652de974cd7012ea169beb2d51
4bab0ad29585446f92e5235f5c93602c,4370b8eebc0e0adb770bf912cd2320dcbd0ecac4dbca17eb3004adca9d53408d
d0fa92d732e847b4bfeeb1f48d0c9687,05ad3427492483bd9ab387645a5c98bbb831ffbe7188b3866f22db07c2867d6c
71bbc471930c47fbad97ed8e49e09896,e1cf14c8fb4ea99b1fcd26b8747dfd425f996b64411ea403a908e02d2960c38a
d94b27ec7c8142e685ded6d921baf508,9c07ba20f1bd66e4be4e79f3944987149ae6b286814ff3d3203c248693253d9f
2f35894be966494591ae8e00918ed4e5,a053d5326ffccc138ae6b89b54919f914037e0bac14f5a73204e90cd72423c53
e45447cec3f44d02be07068156f6df00,29f09d35090abd511f0cf1f59a0e40b4e8c6ab4cafced8f8f60333c18237fd62
2940159eba884bbcb7a3f1a9b329eef0,f42a51e23a571be96aa8fdfcbedc1af02a0b1c634eef2fdc1fcc66b9fd35279a
44b962a182ae462eb9fa7001f3df13c6,97563917f05faee327728c3d30e7279e5fe3630e50894b0c6d9bf4ca6c544ce0
1ea7d50612814ecb927241d45315e273,2fc436080155d5f15ee88282492b372fa651c390c1039ede16cb47bae8f2be3c
dfc06ef82ca747699b7326dfc00f74b4,d899c06e8c0bceb0bf0dfc43bf8b5d4fb01b4f6716cf8c1e3a02a73dd0afb33d
d516aed1da68445d98d7ad722a9ed013,ed8460e066fff81723c7747a8facfa9a04b3a7ad4e946b8c8a1eb0fd095d4513
e2d996c3baee4e9ca3b1d65ae894c0f8,2254d3a23664c0f30abf956cf12611c795e5a01101235adc2a7e2b2f4ac2714a
47503fefd51445bda21c9b2c0c26a4ed,cbd2121b6e18cefb48814fd08baed96006d6c23bd5f7a304e1c38637aef6301d
c62dd3b5fc10487a9e2bd54b601fef51,d360fa12a5e90ff40019373b7ea6959440f58ec130041cd52a6455b03d7fe300
d7f03a5573e64e78869bb34fa62ffd32,6d11791cf2d7ebfc69d96a5171f49494bdbc0c295db3936cd44e8ece7c36bee6
4e98d8742d144f13ab8fc5514a77dd22,210dfb5ed592de039b6b962c78f4ce96bd33e28a892374e589a17e47e80ae18b
fc56fcf119044bd0b0bae2fd7c22f560,9edba78af316d08587211f68da51ffab48f10af08db89503e77d16b7c3e321cb
e1fddda5a6c9421c9fa56735d3633779,4e29e052f088f2e7f07a4f1378ddfed3ba061012fcf10c702c01f2bd090510bc
c713bf2e92e9460b8f371c28d0c57909,80ab8a119b474bbb533e5e531f43c6595fd66678bc67c28e446630e77985ce5e
268379cc3eaa4ac698e7a1d9687a8c1f,fed81f84caf734b3676372cef45e8a31eea5a59d0ac45d5c04bb60a6256a8fd0
2116b28ca355433e9e2af24fdbc6e7a7,ad9610e61d67108c475801f056592e88cbc403d41444b18fa9496f433a92e098
f344c46b22844c34a0e07fcbd312fb11,a7d586885ccc38655bf861f1890d2d8f463bbbf1479568ecb9bb9a08088ea8c8
43360493e8c245899ba46ed1277075cc,05e50946bdad089b7b50fdf70c858203ce674da2794bfb1d079466ca64b96dca
3789522aa7884a84a55659e9d5c45a82,8cee4a4e183f78642a16d79ed90c9f8bf77cd0a82e0cd335384d74077e5949aa
1823fef705714ea9aa18dc3606c1310a,7ac42f427c34b2baea321130f12422ef178228f289bf51cda63dfb3700a81a52
6f68e3c388b1410d966901ef79137bec,a2e8b6c764fd06d07564c22979a78a464da76507e5c70d96c43020b5f50c7dca
9f6cbbeed510445db8e61f3febd54e1c,6505359c883ff1555bb1c22a4172aff5608a3ef14e7d0195431f95f287924de1
af4189a4b29448b08962c2f0f6d4fd06,194d2b8a30a4b9b8ae80e09d656c5c8dcf1b988535d2bcceaceea382db60e1cb
8e140f1147f84a9ab13bdbc1501e2e89,beb695304f272df70c70a91262b5568f91ad49dbee75d2716e350232df673fde
cb0967695fa941be8068d8767f35ec7a,a25a416ca94533c63f905f3b5f4bedeb55147c8118eedfc88210b1cb2f2e3854
1312c107d57c4ab58e897beb94e6a88d,d2ad99f8a2c0cc3496bd8c782ab7b1d6330d7ec016f3a6390e1068120cb434ff
35d024cf2d614c7fbf54cc580ef02a2e,d0e4d36c940d9c101b853809a5c90a3757a0d20d97094b4c88828e28da1cbfb1
d267af5f323f49948a43e11d96a65ad1,4f7c4222208ea177b9596a02b7eebc7389b2ec58f71c7eb886926cadc65478b1
388e680685f14703a7409535152ce44a,83d1793ef84baf4d58f3303ae1f0d4c25e96c0f4cd3649c3dc3e3c54a5a58514
adc641c7241e4975af5a1c6709066b08,facd09ba49036bf992b50ca47fe58e4ab0e2a56512b2488ea4f60ea37245c98a
5496fa9bf2a44a2887614540b0a16f25,53502a67a0e84111299807a43c6fc30c812ec4643eeea2c8a74fab61a0feaf1b
de1726ebf9d6479a9c527b1b81794b6b,0bc3de0d8cb66f2d136a2f66c3956163874c0927b4359e43d9e433e8f4c15192
309591e58f7446969bd8e77624bad54a,fbdb85405f69880e7216bbcb2b8dc30361cd0d0697628caa329a30cc25ea9567
cd4b704165464ee89f792483ec3b01ec,b6bf5a270ae43b51e3d65dba459138e5da65b03b9732db7dbf8cd5675877ea32
229d3abeb9664c5883e0da5eea59117e,21b7cb921bd7d11441cf1fe3a63ded19333500680367830707da98db0b8b948e
0bcebe2ab92e4281b7ecdce4a7c30945,99f3e04d46aab7ee20447ea892a069666670434e6f275d16ac42fed6ecc8c325
41f3d053b66448d5a1b1efe999b5fd82,88240cd06438b103f916d5949f76fe91a5aa4fb6201b8e277ca51b38ed2637df
f9693dcecaba4f0a82f7275417df4efb,c0a813bc50f1bce8d0c1579e9b853c46402a15ec8840dd3a7035db19fd3b9997
54148bd5b05c4855a1aa4a22a978e68e,2250937373266b81c625c11f8aee448e5076f12978bb0f594b26c3e8f996d956
4c07704449724c35b6c1dc33887da381,a23dcad5b226a520bfc6f88adb9c379b52bdc08e27b207d1187f7cff176691f7
6a02dabd39a84b80b85901c1445e689e,ea0af8e35e34cd194d1aa801d2ab865d56e37e5da96bab12c9489382c15ebafa
d13c05e0b71d4949afb88e3b294ef913,3eef5bb3ee9757be7b2b4a3bba2af0cdd68f4c04f7cc4aa0313a2cd42f715a62
4f43e335dc7d4f439a8fe429b8aa3716,03eb89431a60c9f3630b48a3c2127fcb33bcc6459f4b6badf002aa7475b26ff1
43a7b29eeed74127b19997cb261bf017,ed38f46bbd836a9fe06b63f14468e2e907126d361afb741179427f1597ab8711
f4c6709409a245f2bd73e07fd9cbbbab,4f657a21a5859765acf32fcee905b99332d105cca13ecdcd04a6abc15681ea85
240926df1f0046cd95a4364cf98eda94,420eb78733c3e48579b9657f9047562c7ef75ac231b668005b8f63c108948039
9ad6f209a41c433fbe6554f68e136a5f,2c21b18dc1cacb7f6250d3bea999e075385847fee7a5083e29806fda8bf59fd7
d6fbc59b547c4acb8b555e955211247c,23d96859f2a7d73e0e359a4b7aaea972aeab45649584a5e13be3aef1c5a642e5
4ce27fb8eafa4910b8d0b985cbd32df5,9807bb29ae564719c393800c2c003e5a7d8ee2944520570a21d0e84f7b5eeab4
6b8fa6d788e340aea24bd767c0e8030c,de75cb887f3d1b30cd5f3a542535e51467d877aaaf21528f68a9c4203e79a8d1
4ccdbdb25bbc43b49f1abf94ff508173,c77e1a6066cf30735809def979fd0379b3683f7414d6dbe44cfb41d40a62fee3
7dfc5232d52b49e4a7bab66f3deb6bef,0d08673266439d664db9504b1022df10b3a0e8ab8c8b1c94b0a73a98c073d3d3
90c3cb9e6a03446d8ac0cbea525f6ca7,1950eab217f0a1278c0e12e1935c4278a4b6a9e70de99469000360efb21f6f26
5ee4ff6416064b34a3603bd02865af65,ab4c80fbe702c7ec51806a4c40f8a3c74c515859a9837efd8fa31067beb1ce05
bf2c9373afa8495d915dd2c54551af64,06e9f258bad9b5c881d84b28787c63ac8a48f5a86299f887df1debdc350aa318
7068bf7188794d2fbb79f4b3a3b56dd1,9b08698a47e8628e60a03c5097fae8af675f8efaddc0977ff4cbea8e4a890029
363d1303205b4009a0450cd8e1131f27,d56b6d589264280ecff1b89b38ab806aa0a5757e38166132c9c4fa946142ac39
151661b9cea441b2ab98389df452409c,3f547a306c839440119c805fe82ce9514cc8b9c9bd3135e6af7477f8b64589e6
202b3aed780949e8935b4305c4654749,f53005a39a40397adc632e0b895d7b55610c51ef8157f62690ba8097064ba537
10145bc21d2d40e38ce769f830914328,de18f7f515df0b7f78f2129df33829cc52db537abff7d5a48c5c30196aa48f51
f164ebb498f944ccb05b48c35efbfc4c,b85d1bdf5040f6aad1a13f3a37b45f492749dc2eaf863bb1518a833d9fb2dda8
ba4b714ccca648e1a24cf60ee3e1e3d5,7ae972576bead34d35c60c0e5fbf858c51819b857d13d62ba48fcf6adf5db53a
d1e826bb5532490990466b153e86c0f3,c77aba6d3a69d656cce9be8a490f9fbebc5e73ae3ab6489dc03c856c15bfb627
46404f6ffa254981b34638aacaad97c9,774ab99d8c6fe1f09ee01a319a8af0fd8f6226e733fefbe77405e9a872e73326
2bbee7c13f6a420a8d8b3c79f0bf23ac,a3016f7c8344a0d7d9f9b96d1af62700675a4ae1455c1f04081e4a28079a9c45
435fb1fdbe2a42ae98602fc5a808b0db,06fe1ec2ea17c906e28b3bd61f7b103a44352f6f55ffafbd6d5ce66d8bea2c50
9b6f149eb23645d38353c9baef53d904,c7da0fe2cadfef0c530493d69ce0657b89f10989c11a32c9f0ad3f1b88995763
4f5ec982f84a457891bac75a916346a8,bd167d0803686f393e4f1a4221d4bcb94774b87effd37aa3f711ead557610eb9
a1fff3f9641c4c7794605990ff287180,1accbcde1cbaa9dd1d9362de1c2880697bb7746925108dc0a0b966f7fece1a7e
bfdd1f609bc8496b96803a1a44dd8a75,dcff0fbc70cff778cc60fff283c496b5380cf6d57c7739c3225d2f802f12df09
e8855ecb028d4e7b85f950dcdce6ae12,ef54e5e3d2fab6434186d1d8a356fb3a88e8a83956cf0f7fb101e67f806b6a69
5b9b0dd8234e4dffaf39a99faf1e1e07,423a4d61e3545b638e9da953a2fd33f1aa8f81e7c35411524cf5801da8258fb2
22de2ee3db5e4ae3bacc8bba29f660c3,ea63b802be55c5eddf4cc3a2802fcb26664f579feab6d91e11232708595cb9d8
289586278b8a42cdbdc28ab60c740385,36350e546af7871c4ae0c9770ba4576591df2392af16bb21cff35584291ef221
5c7e927f8e684f0d88b7059aec900081,14e7ca896054ab8bc00e26cfcb3aa927da5edf28063bc6be29ec3d9846161406
e0a0795e7fd74b6cbdcf4206c727b174,5e8c490b4b9c6341af8405c64466cbf9ebc0cf69cfa57bbf16f9d190a4ff1819
ef3d9b3539164c93a81145f6d648f47c,b5d6613b27c5eef96599da199ce4b74b75ed778303bd5355bc04b913b6079b29
86e06cdeb97945fbaa52d54c94f9ed1c,3df317041638175ff589aee737e977dedbb4a861f9d1f3ccce64f577055ca67b
60e65f95c3134e6f9dab9e6f04b64241,e6d74d36355f18681b3510829ab2a3ccea6f55929d12d3234c83f3aa3c1f6485
23e937a4a1ad4a1cbb03c80c9e1ecec9,a6af95b37c89834d6441b606df9f17aee535a5fdbd81069aabd98dd12ccfc998
6241736e40ba4bcbbd346752c3837fb0,ad68e3e0a55216978ccbd4e36e87d1d62e794b071a027c34ca7fa766602e2831
96ade277c99e45d791f3dd326bef3ef0,50b934cf98b96b5034a0c1c2f2bb6b23260dd48bb61a5089cc226c5464586256
e36759ea6feb4e969f3523657a0dd487,80cd1660388287ddb8a439d58147a5fdeceb184b7087bb6ddce906578b15ec33
54d79841021f4e5387dcdab91f208c3e,77cbad613fd9efe43b613860d2e31ead4af455f31da55111a9ceaf477e0e1ebe
c26b062548d44c629b966403092211ed,77a6930e3f1fc075a06424b2c8048927d16230a29ad7ef5cd70065b80abe59d3
34da6ee77fee49fab5175d9187528124,c80eb38af6ef48396950be0d582d0a357cda4c8e9743a0c444b17989286c71c5
eaa45c0491c24b53ac68195cab4740e6,886f5443429fe9bad7c62e6298f284b83e74c5fd0d6b97be38ecce2d0103b6a4
438abc690b304e999e676f555d0c90a8,f7d7bb14f3e4ea496d109344b2f87a2f36821c724b7f0e44fd857dc5ea80808e
856e3f403fac40cfba2bc41e7f311bbe,35a8ba9078271fe517707b18adf18a8d4d209010c8a57532df1b2fa11d5004d5
b19de8cc867d41b7aea3608de0c24c82,bfeada2b70a520406f8173cefbaf2b3f2dd6cf8bd4a395a744c83a0c8438c9a6
962c53b60f494f759d62098e8b84cd15,ae9ee30356086e17d11420d0cca868b538083aef2146f363035ddf7c781e8f34
5f7042e9b926423aae1c8975de49e995,65023a08380e0493602f735e0ec967c3100c9d36d18d080e583336aa77b34fd5
cfc45921bdca4296b1b226f44a2715bd,5a88247d701d52de18b4a61dd0f75d839eb1ea427ade651873e52a25ba89db4b
716534de657c429a996caf07a3a3f0b8,fb1cad758cc8a6f2a4dc422daa1790b473c41a3decfda35667be2778c031a26f
c2123df822c14754822049a217b32c45,ff5f871ad819af4c015578922992efd9aafd6a598282c15c341073a380b5735f
2efe96e56dee456698460b5644d909ed,f57249f39402668c906121e0cd4067d331368e1b0563277612eab6500be6ab2f
ceea61d2c85e4f029a8eac8822163687,952eaacd6bbb66616790a57a1021d6459974a181d5acf4178a6df8fcf1403cbe
e7682d94efbf488fb4fcc63a325e8dd3,e5d18325e8b676fa7d0150dd2399a7e5bc5af32bd779181889a1bf2070a9507b
1ea6740c97d848a58f24bad1996c4e0b,d7b1aa1ea363a138e70366881727509bb40860c4c7196b4ca8b98e74d0db60fd
9debf385d80b4d709eab83f9cd3e2b96,cef08329b33f42d3656cb7a5f2b019b53b4d56196fb11e06e4694d1b8a3f0a56
e32e1e1eabaf48a88e729d2cac2b7ff7,6820b5cbf775626f6e6f2b8c50f7a66ddffe5e080a313870059047e2e19a698c
732b421ba1ca4da5b0e999b663f4eb77,d91a2899cbc2b8a7e252dda224673405caed1f506a319874d6deb8ea09362126
c8369950d80f4d9282a93107a51df498,921d1adf289d0b731d2470ff5e40ed450b9a2995027995a7b5b3d3181788b470
56ade81fe8464cabb81215627757cb26,69e37b9f13abb292d6308136003e9f03bb4a54378781e7d5ed8adb04b8a1253e
d87a915bf33640d5839dd53b9889fd01,d1b5335677ec7119336dc03d722f814663a6447efbea429dcbce9053a1db8cd9
6442ecf87d3e49c19a1c651c282641cf,45f31dc8675e25680b08c6650ad6d89ca449a66443d97fb2170131078da4212c
3fee1e009c804a3988378a9ec4688058,eaee8dd47ebd6981c1b08cbb13dd8f253c06b8d500716f0eaad724f48a1dcd83
940eaa771a1545d1a1808c1c78e1da09,1c75cde30e4ec30185d17231c3da7479d116f718085976559cb4b9bffbaed91f
6914fc47f0474fc5985ca6d18dc3e346,ece4b9a9c2d68d97e0a3e2809edcbbbba5e4174e8436ae8e807c8c82a1d2dcb0
484cff9b661b4736b918d2bf51232b8c,9d71c8e9eaeee4188372307a2acee441677bd4c186b21bbf136bfbb912d3e04e
39d8b726344a485780e27eddc68558b5,0f2ad33aaab031d9e402b65dd911349d2614d0f6133d8c56d5512e57a31aba4f
be3de10fbc2847808649e01b5d05f651,64ac623da4471e4970fbeade6306ba47c0cbeebe1ada2aa5d4cb20cedf48240c
1f0533ebf4d74e05b466ea623d79b5df,9cefdfea4b2907ac9280f8f1773f43c1d73b927e4d6fdb9713dc22cd28a207ac
89a95e1fc6f04a33b0f9be393eae7c37,6b1d1c1bad84995415bd38751901d8c441cdc6f3f030f4946fb5c9adc39c4739
f64baebd0a6b4c2faf5a7ab60373f1bf,89b041390c5ccd1ff1a57b4474c840d3d4a2496db73cc72321400f5c75b9545e
6781475ecadb44a49ad56d4592791821,263fa55fd60cef254dfa345b84e3dfd843ead1aef19a93079037d9f8802ca14e
efa0535a955f4414aa9e89516fc0ea86,ed4ac08de2a2d69cca0a997a09178c3ba2fd5c7c04fcdcb84bcb986f110ba1ad
496b9f1f330141abae4b3b9eb041150a,e0c22e12e569c5c248b2c35a56f07222ac8a6db909dbe85085a3d5fd0546a1a0
e4352a1faf7949a48e978882c2e97b38,443896d1a241cafc0dd94b70f15375ce8af31686c7c998c22e174083e31b60de
c1316496ab4d488d972a9202349f58eb,3f86173320439d84b20df3ccc6f0be09bdec33b33aa098af48216eb1c89c4bed
6eed8e0d976f4e4f9d86a2388eecd748,bca9eeb28603471d6ab28cc670af90f13983d239fe13584c49acd6cbf954ac31
43dca85788ee4902a13918b25def5495,a9e4226dc39a303778e94bc7a9199357e6d8c79a25c6e89314329c296e4b6dba
002076e5835f4070ba28f966cfb2cf3c,a6b114d8a5b1eb11e7a908a5047bce2e229b7818f76a4d0fde25ea2b6f657f2d
21e2426818484884a67ac79a0da49464,590dd294ceb9e63cb11bf527eeb58d1eb4cf66fda78071f137dbb70971fcc714
ebe9b0b248c047db93f889e4528f64e8,959201287858eb27f8212bacd61f419e3470bb8b98310172a7b6fe9d19c36c3c
41a0f09856e34c0ba59164f13c8d9eb6,17e2ed6f07a4284057826876b0508907e4913ae8e6a7a707551e6cf0793d114a
9744aae6b6c548c891e47877c9f9d102,b5db31cd47b91bd6f8e51b8e0e05a7553efb8f5acc3635f4066cffffc7f51907
5f4b48fe8ff749f89eede8fb3d5871c5,e047f04ef7ed795f228ef8aa38ff5649d6aba35b5d5b2dcea54b5be438677a07
d111e82dd0ae43b3b24e0861b4a2a356,928bd8cecc9e7729b614ff0949ee6c16e4723be62c567c38104a61e55df595f4
40b9e72a78384dadbf0070d4b2e5b592,1e8d1c7ed81d0ac12ebb41f876668738ffdfbab99dc237276835128d73257754
cfbcb6b2127e4d988af03dddefe92861,ee755a032d9c4244390257aef7622df5a8f803501d3b6ceb459e77f479df0099
d2513863544f480a93815220c79e347f,77787a58fa372ad1070c9ccc84af288eb32705088e3af030b23ed5561f2872e1
3969bd883de442eb94836f13db6eb80b,1da8d6af390175154bb8b5fd7a174180f6c9376c3ef7f743c401259f3181c012
8cbaf8db854e43f3bc208ceca1547b92,7fafda2920947d7003746349948ff006e2fef9736ee930d6cd4f1a8977838bb6
d81a7520f8214791bf2f631696872100,0426d8924293a87afe8c57050be5539d9cc513637c55fb2729bc6bf5e3260b0d
135aae53ba9a44c3946effd4d223a535,338d03a5a3bc7ac4649500f813c54bb49961bea5f52dd0a63bd7315824328983
9deed5796a544ca79a9862b050508412,471e45faa2a87e6d506064b5bea71e935048564ff9a751142713c6c385e70942
2a7628776f024d6c883ae0a9a02bded9,a7726ba1fbb5901618fec3c7b370a6f695f7be6dfd3b6de8b39327819a4be7b5
44b96529e9144514877960446e45a0a8,33b3a9dfc949a8f2c16198ad15a4b8148eff5f9215660a544800044c48d4b4a5
ca80673d7873474cb9e5e0dfe8a1fc71,dcad68a5ea85db9d7ad6112d37a32e756f12c4c724b1acb7711fea1e1d7829b8
3ef77abac6bf4be5b990091c5a7bfd7c,bc04978c525d1076cc4e9553b9155e297a1ca60eb76279d76ac5f223ee7672a4
8497451e050c49958acc470a8c5347ee,1fd6247cdfc51d32e7989699cdacd2a3047d93742402c25113b6bbd0ffd71f5d
a4dfa1d2c562415c80ffe911660dddf0,4b22e802d3238a05cbb68826a7f42d7a3eeed830617844b8c9ff2ed9fc303398
20f7c00e259d48269471d3dee626fe11,1d21342c7596ed3fb05b80079670260b462ba3187dfa52011819388598784076
599f0ad4888544f59623fa162e23059c,572dfd359fae7cf473517462f2a8c5cbc6e6da42e6cf7b902d7d321308ec1187
711a28a0abe94e1c8b967b302f2f4e1d,b8e348010038502f20a9ba634f4e6ba4162aa1b89235289f7db2e37b60c87adb
dc4076b6fe9147d0afef0b60e3f4c983,55df387de3bc5b543e280cc90d2cb3e890f270005d27bd839ef451a287121bc8
5033e1dedb1d40b1ae8e561144cb772f,9e9bf288413d34648f6469a0240641c2ce4e3b6f52350a03d4fd13ce01f36ae9
7e902604a9ef410c983360aed275b6f8,57de9fa65c7ba1069ea05d788bde54dda27f1ca6a9bbe78ea1474634e7c5c373
833b97c7049542fa9df78b0fcbdff78d,6d87546694a149f220aa745e94c37f875abe6ffaecb908eafcf3efc7ce4cd19e
5eba5b9c2b804981854edd813118d54c,93a5bb6b0b16762bfb996064ca94c25f99c5f0719104998ba51b0cfc5a156f73
321d2cb1a9bf4ada8bf48dccd448a34f,cb6bfedca9a77ad9d1b3ad8229b00f40a1bebffd3e73cf00e9d7e7531ec75551
3f406dd9fba9485c973188d1969cefe0,816d402a6996e3b4d02df1019b60185a88cb86605d970baf7ecd353473390ed0
6b36944b1c33476a862c98f3111af553,962aac8389816c0d34b23eddd1dab17a28cad2854a4d67afa72cea55080ba361
40bb57f493e84e13bd21696e89d56ae3,5afa03e0818a464531a79b9e41e1c05adc9dbcaa07c83860faa816a6a0154f65
59e2fa06699b4042b88200b1273524ca,13e860ec80a2e6eed8fd913acf7618ce1f11cc1da76c60ed3a29220c6fa44a3a
1db31165fa3a4a069ea7ed0da4b73d96,3ac40796658644b96a0e1885e1a7fe33ac56fafc2d498cceacaa3cf8710fcf8b
fcf5b35de0014093ab6ddff57fb42042,24b90c7e4f7f6884e78edde80e8608054e707ce094f329190323d57b991177f8
c6feb624770d4a0bbb337bbc14ac2e06,8383b4b761714d4690fdb432a00c9fa19ae1a0f7352a06f8349dc49036e7a6ad
806d8804c61a49278cc2c372caa148b0,c664a992d5f96014bcb661825b8169710b9af43115963d626be69e98a1631bc8
45937994eeba4b87b9c78cc5a89262b1,b862fcc4b128fe214ccba4c004d4205e3e918b6d06fc96c8421530e07da6a15f
841c538a9a594d34af8ff1146726c4af,5828b802333f95965372e2b864f7492c2b7b3723edea0b204d546400b80d80f1
3841d2e2856e4beab4b3f285553fbc45,d2418fe232fa64cb5710831c69e63d3edc4b2f63b7152754ca5672e463a8ea17
b79bf5cce4bf4b2984b356daf76a6c39,f7078034dfdc35e3dd68d836def88dc4bc94bba2f51cdad3f904dc42d7ac6d16
dfcefdca520e4e67a6d66d62096b14a8,b96790dc1b6bf0674f265416afcb745b7b782275f33dc2abe7edd2bf1cf58fb3
0f435fcdf84042bf80dd2406ea239788,d3448390f9a2914e0dde84cf74c10a5d26954c1e52e8a29a82d0ce992ccc7a9b
f1b98ce0b7a442ce96f34d65d49a37ae,4a82ed44a92e48d1fb7406dfd13ed55f62f073940f01c1dc4e8f6cef05edb76e
cc5a37c8e8254fb398ff28604a83c07a,2039694c486d26850203ec072e016035c741c69e5977ea2ca48584e98a65a745
0beed12580ab4861981de196b77b43dd,288675945c2c9744c426b64d5d18365b34546a655a969fc6df137c2bf68659d2
0f8ae4bf79304d499ee3af5f5c180885,6e116ca45192af2ae534ff195012a0deb7069949776889ee7969f7cddf411fc3
ba8635bd75e74e33b2e684eef8438224,10f72d35c260847cd8c289c13d15c4db2b3926b092022b2ac207ba97ae5cb1af
1836a5cf88e8423b8fff945bac1b2d7f,55ba536f94e718d154fca70ddf3eb1dbaf49f1c9d8a6240e941d0282b49786fb
fad980dd0643456a9b87731ea47adc63,4f33c810283ee7238a6bb366562c9111d804f92638d5d82936c087205e96ea42
0a35c8b04e2d466d9274db73c1bfd161,a9fd20edc92a8511e9f1ca1dddf8e835e2be8ddc6cabc1e51e3cb40a133ed824
c338de6f7bec430ea087cb3823c0a603,3ddd2d59325b616f10244df061ce13d92a72449b966a499bef1c57da1abc2418
63cf1476fb7d4200aabf59bec17ae779,fa64e60f4d87bc0256655cc7a2eb9833cd3ae39fcefdd6e414e3866bd209e17b
67c03869bd654524aef242ba3ac0152e,49977c396aba78a1dfbc598293b271e446a7ab601b873033be6d4b777d7a527f
edddf7b3e7b848b681965f65b2c8926b,0d59d71537c1605bb67b3247cda6b5453136721181339607e93feadeaa47d825
2382270f83d64f5fbcb281535bf15559,59cca543f33e7057dafea2860e8d580dec6d8bc7743afb587eb485d94e239c51
eb21d913bd9e415bbaf4326ab174c4df,5906dee15471f3006b61604cd337de499f07229beed621e1acb617b267f3c7dc
bc4f0e240cbb40f6a7dfae3c67e78c6a,f33e64e912c6727ce4d48a4e48a707ce7d75658358f794ed10819bfe5a189770
0b3c925cb867453789f7b288aaa0589c,1b5902ae7cba51aec3de0b97afe1345c4d39db1e646f44a7e256593d7770b34b
ad261b2151a34a40867b55df72b2e818,bdeb883bf1bef2ede5cdc7ba7c0cbbed9066b435f33b36d8b920b9804dd3f948
deeb3f6dda6f4035a3aacdeecb21f333,84dec4275b9bc047c3ee0da625df207bd266bc0871d496fbc5e67f5eb2b50688
2a8711e650b2447ba0c5337f507beaf5,b95d90ca5740fd5b46670dc3e3e3c8e0feabe0bb42b042fb797dd1ea9554749e
2ecb32d3718e44fe8ec56a50198d3d52,6c046d352e0dc2b6cafd968af0120ada6f3cc0e99fba597669dc76a90514e044
0d5628b176884c9b9bf07cb60bbaf428,70fdb9b15d0f3680e17d9cfc95ff04048a0cf43d09821c4a734b3cca215afd46
606591b2300a4ffcbcb70b719d0f69e8,68e0fb2591c48f0d0f60ee2de9dbf9f30d0812fa1b5f86026cb0b897523d52b3
a9efcfd43db34244bf51cedee006db14,8d51e50812077f4da736943cb162574f43100f5d2e0fd98e8a86f406561d9ed2
c494ed4a9e064e4db20a5965e6047f9a,668c5207dc8ada56c8377d02753e53cae09943f547f856f238bc8730f9ecc1b3
1d295a4bd0684b0abf740fca79cc38bc,54a9c7105b33bb0c5c6d296ae6bd4e42a82f06678aae02bbfc6bdd3100e48c02
675247afcea74179a30c7268b106a28a,c9872517500b3b81e8bc603302b0875a554cb0e2782b28eb7e0edc366f7536fc
6c7732c06aec4003b1bf0a83f4d57169,d95ff58dfc797c87e3f9c1e4044972d94d5f0528c4db6b1d604eb4463cf21696
b29290cda2724a2b96a73633a0644ac1,9dc1d86da834bec2112e7eda6330698baebce62f010f549c78481f086182866d
47244d4219644b1db36ba71dcef6f124,dfb06299e49c2ac6ac24a47be1ff443700d3823c05606d349d56582941ccc8fc
b1bfeff28dd148b49bf7ab3da0cf7fae,ef68a6bd391be084538d0468362933e648028234ad427b7d163fb9da9bacd758
96b5bf707c0d4c11a8cbed7c4f657cba,8b1cb56f81f53d0f4752b7a97b5ddfd5ba64fa99619a53a15da424e717a5c08c
fc4b8ef4b290429d92198b747644593e,4ac6bdc87877d72a9b5e128607876ab9c27e0bc3933dcf4e910caf9ef4e76034
61e29b6b2deb4a578342ba0a35c9cc67,cd828cdb51b308ccba663507dc93d14500bee4794071a6fddc51599958049124
52bda45977d644938e7410da28b62d97,2e02437be5a90abe3e2a214ce69c26acc76cc4968d80a143ae0e5cf3db759f58
94f51138253246879caf2053fde03c9d,d211fc52d5c3b39d68bb1bcca96afbac528004b6789d89bbda560d03a62092b7
655b5930ec4c412b8e3e918ae6c94cc1,cd7cf59646e0650837785f228bf453f676a6e55f582c1e1af138d815ef5eae7f
faade257ed32441c843da8a4684b93c7,f82912ddf841996710d3f8e9cad4e857c582647c28b6a7ac78f03c5efbcbfb36
c10270f9ace444e9ad1cbe4f5dc90f92,d8472c60bcaa5e30998ebdb9f6dca1534b2b59095ea169c1bd769dedc5ab73aa
ae58f63b92a848c4835ff63dea253a26,b48000cf792d53ee47141cd87f421daec0f7a696c21566d73392a89c66941690
537dae1f084744248e50999b3841a2cb,d394c62f36c3dcda1461bf1cf67204f9061c6eb370615e8875e6349853e05301
e605b6e1af9d44ada37601d98a57c279,ec0dc853f1d01717e91b4baeb10cd6a250b5731411785e9fa160ae19beba50a2
86ee27efbfe245d38d1fe36e92c3d140,a625787edf36a67fa852a8662072920fac8240063585b2774497c8bf1710a5d8
46a666d331d946bcabe3a6963bafb904,55808bc2ef0aea99d2dc49f6937143f64a3987f6bad734c0905b00b04b573a5d
e2775055fbe64e63836e300261b7d654,e34cd5e42261d79c60a01fc102fa2fb219b397c62fc43eb78eaf3d3ba7008089
c8b4ed8cb78046f68c07719fa4090245,5c0c3db9f2c8e866dd32cf939fd42175e517790341a1ab4b6f2bb339b300269d
38a60c4439354e05a3a00495fb4c549c,650b30306fc77ebffbcaa6570c5f09ce70984c1149907a55c447f9439ee2dcc1
60019a646fec4605901c76f9da646a30,56e3b29c9d451f9bb66d08a7a23b82e31894f4b9020f3c1df07157a4f7c621b5
c12fee2ce94841ae90de280dd6f7576e,56cd5ca1127c2d517dbf85e8af3e35f5ab4256b7dd7e472e7ef102c29cf933dd
25dde1a12b5849688e782d79b86db70c,eba76157bebfe2f68ddfbc449d0be9b523e3fe2a21a8e153429bf93cf8eff819
77f7c3bff2264ec99d4528b06e5113b8,2c778d7d07322ebbe87eaf104a152e0cd487406c803079386328352f66ac7691
20bf77416b26435d9d737600c0c5cd17,e5ca9e70e0f26dad79c3b6d110c48776d15a69cdf9d8e61d30ea5dae448b09e2
6239f6173c6d4abd8e5be5678dfdd965,4d0686c98357c16454d8faa48f86af26f382ca82487676e71604057c5bb7f7ea
9f1543f4b2774588aa3858c55c4df526,b366cc7c19e87a37b8fac85506d1b8c80f9610afba6cbc261ab11bcc1d00f2fb
37882fa4d9a3419bbc1cb1e1b8d5fe69,f31c4508c38fa6ac81a142e54204e9e3f970970b6b603f324901f69ec52714b2
904c8a24b8074ea5a5a3fb1881bf274d,df4d284519b8c9df743b012dff893f7072bb3836de74473a7fb32f71a9aada9a
b31e8d5de95f4c16add7a76618ebef60,08f70c3473943236be06ccf26019aff3efb061b353b0e4d9178ec2e8a68730fb
ec21723f0e224078b27bb31d9046a1a7,baab9731cd94ee007743448c656ae89a2d77ff847fa1d1170b1b04b3f243ab1a
29c54f48507f4f7faca334bf9545defa,e1ef69919783bc8d3edf2dff5bf5617989ace529cb668f1aade527f3ffd7b681
92a1959f184d462599deabf99ab8c289,4d0502991cb801fd99c174ee85a41928fadaa67c51d68fa1e3b50848212a758f
d1418de1db2a4144b3b8e36f59e67a61,d4f9af46db4ce2cccb8893380546d194c83947bef129beaf8f428328185a188f
2f659d88439f4b3c9c1c89a7de3358ba,1e7828d2340de492b6d99a329b614ada6f62677d9d25a20aed6381b8c8b78511
304a5c8d7482432db8e7cba18c573ce5,afe5243b36cbbc66bbabeed88824333d68264a41d716252818903923e5edcde4
367939d896b746599a5028a6606222a6,f69bc096e728adf14a1b768eb150bf529c70f98df67a9f840997590cc23a840c
a17ec7193ad14c1a84312c81f1fdfaa3,6aa2e6b96aff7a71c150d0b800827339fbb67638003dc99a17276b3345f0560c
a36a2995f90a4d04803fe86a5c5b381a,aece986e6dcad711a165b168de85b1230603baa791b16e14c4d4f6b863d7fa96
4d83c13de14449759eef714525f1952d,b4edc532333192e0b4af3c4fd1828c32eaa746a42866cd8dac4faf5b577fa9c1
29d5abfb055a4d178e7dbb720d95347b,d86d4919056fb6be8ffcc8811189b7b7484db9788ae08313c6b29e2ea39493e3
2cfa7ea4d30544b895c7891b16f462de,70b89675a192239db7e0e3dec76ca65622d1dadc96f31978bbc71fd38efaa3db
ced1db80999e4361b585207e5247e0ed,b367ba4dac7e3e9404e0d8622f1d08a010d14cccaddc8347861398cb3f4c5ab3
ddbbddeff620471a8c0149568f298961,c1c1303103ec0bed55dd3ffcf386cbd391f10648093888579e31a1fda69e5fc3
aa5b3dc70e5c43daa580d22114686642,5b5e218f8895071e39f4954e7a56046a45fa2f38a7edcae2ae634dbf8f286713
d28d895237f240f7926b3d39b4ae2eab,fe0694d5a7b7a3c2c049d4e8fb73a842f90925947e11cefbb8d8b89d1f9f649c
457ee1b1f49441b3a0c29f627b679ffa,df8d352cb445c82a8f82941cf41fc951239b472d8c08988119c6807bbb84f93d
9a4a65e09b9d492b80dcccf26292eb43,04f7baa814b3725760046504792047d6d8a3d2c433724bcb293b9f70067b91e5
57dbea5bc84f4611ac17d839528b5d38,7dd9f8297a9c77c3ce48aa4c37910d4e8ca44796be408174c821a639eaa2a86f
9d1ba3428053414498e8c696567cf835,501beb26247011ef049f825d47da3c45d052bf6382c9f1359e9c28e687a293f2
a57e2829d5014566b807417c2b88d440,2e4705e34183143eea6b1cb807e8a23e3dfd2c6af61a878a065fbf57bfeef24a
a3130d9e3de447c599114f9a42014e93,6d2be98f2423fa523168ba7b7869f4e6b9f9793ce691e13fd58c8cd9338245a0
75007a4c5f6b40308a39c7f33255cfa7,141750fb4d97287e4dab30efb6640324cbb26109072a0846ba96322340a1ba86
0da78fa7a44f4cd99a4acad66c114cfd,47c7a872ecc12261dedb3ab2fc212e097b16c29808b795598bc05b7774d4ece6
40fe085c9b804901a3a967abbfcbb0ae,a042c3988c1eb4d85310fe6cdd34f818e7bdd9f27629bd3eb9b7c1494d07ef83
0029dc0beee84d1a8e9e7a7bdd52214a,7c125c9115839670d2628f6ec0067ec4315c108d6e34973a910f0a69ac8f4f21
4e23ad167f694226a74a442d43fa3a06,09516fc28371d99cb7839505d522641ff2f93ba16e9a9efeb1b4512ba62c69e3
b02f8cfe0173476d8f992cc24659b0c0,0c34efd96c76f40d14756d3016421bd898b2035414b892bc1d5eb08cbf5ce75a
7a984b6d6fbf489caf0bf900a0a9a4f8,e679cdc0339938eaca6f4524f6f4a84e225edcb92ff459184e906dfd9f622409
e4e36b6b14f844abbd7f86a88b9cdd1a,a80c8f1b620b8f5b16472c57359ab747b27ca76067355c4f107ad0a5f80e7559
19f3ea4e40134a7ea06542c6992aa3ac,7f63a2a113ae39c0b6a10a7cb7861486b2432113cbc09e29dd105e2f7f2c0591
8021d0086d6847d1a42a1a73451b2bcd,eba420ed1bb08bb2706356dc168a826be0fa267df0de7719235b35c21efa8eeb
ed0b42045d6144e4979c97043164a244,b1303c4f6f87e69ce76715a82e6541383803f4e4ab579d37edec2a870f3c20bf
9c137a713aaf4f1a87ebddad2c39d110,72fa91a5799b118e1e8dd76598ddf0a2c431fdbbe5d76faa045f9ae252e21984
146a0c75c60f426b89298081fdf681ae,90543942f37bc86f4172e1ab424d5947682c52ab4f8f9d7987421608b4d20255
331a591eeae44e6da40524c6a4cac496,035ad6f55957598e78f00522cb64636de62fcf925ff183ee38e319b259d88d84
1289a46b77894610bd54587b56d4fded,d66679feee99ab9b671d893691657093f19a1fef2a737b441879951f007a1a88
3c7e41d1fd7e41c99ff157f52d7aaf90,30d9941ec9c36fa50f43014ab97a085f5900989e91bff8517b4666e1a5bd2cd3
3b9495094ad94fc4a3eca1241ceeb21f,3c403ad583026f829f1d74495773766378e5204efcd882f70f84f702ee9438d1
a8cde392fb5e4e2e917be9371db1a115,58a52c8d95dafe6fcdcc336e21d53a3f86cddd1fc071d532ceba0f497a850670
741b3f44ca384cfe832604727a22105e,b8f4301b80544ba7d342f1b92f4b22eabd1afa4d95f4f34e031ce5071bcb03ef
aa7bf8f490bb4b9fb8c8a6ee0a5dea6e,cd3a2eeca8a4ce9784b5590f33ff962cf5e26437d9ccd77bb3c027c3b96a4470
d0ca4b2a74bd420bb6e6a3608d6f794c,7a994d76fd1ba78c61d04083c3e29fa3de3bd2f84c971c1d5e144a26cb1767de
90e4631eddc54329a3684f024b0e69b8,7fb60330ab880840be7b7cc82de98edbb3baba342619bf2a0826614e66b993d8
5e967b168a8144f29ced9d75a93926c3,d9af958d984d7866eb19cc1e519742979e7d5e92d26f4c4aae14bb4d8bef969f
b34963f2021f4d72832f49dc869d8cd3,bd9562d360dda3167cf682beac251c96ac659ed85ba8c2a839968fb7eb502774
533604d1cb45479baa3b1c8fd42c9968,362a7d3e464e7ee1e23e03efe1f4247d126fc6405525fa92cde6274a3a2159a4
6977232f68c6477d9ade81dce63d1a32,af4bbb1a3cdb986d6c81d4052d966ca4b83246256e0bcc67cfd9065c76f44303
0d59b4710fe042e3ae31a2c15495b0bc,8ee592bab5960acbbffd1726e914b6877551a8726d6b9c12eb2deeb311bd3440
f5bb2d69572f464580f827ec131232e6,7e08a2da5e32e946f98a6028510414e6b2dee8efac1ac439de1557cbef2056fb
07ff9f778d9e4bb5a6cb1c116598d315,070e1a1ee3b884cb67d7c2939874d770a8c521de7e12da1b37b6aa90e8967d04
5bc35309275a44ed9547156ea4bd4ac3,06b1e3a7a441b13680349430941aa53453ea8f9308d75b75aee624cb7f680511
df1a90dabf13477c84a8a006419d6282,d06ac97fce0486aa037edef2f50634a9b339a3a288b32b10e6fc14272d79b815
1b43343c78ad44eba44d532f64ea387b,29b64a84d846855910bbc1bd80371e337574028e8a004d8bb087945784ada587
9191c288c85540eab894c22de1a4f95c,e54ff5a2521211d6813eb1485476ec40eee935a10338fc2a2f171a62f76c7e5b
840e33d21d9146d2be6a5459035cfd07,e3394ba0131ba094a8e9aae60f625a9a81d518b021e4d4c73211f350c8559f05
dd308cc9639f44328206efada3f18a54,98b222db7561c3983b625baf8374308e5f9191233e48c17adb50494eb09450ba
941f34200a0a4e7bbb042e374fe16057,8864086671ab6d6e7d399c8b7127f3c497d09d6ed6e56e3ddc03564540b41d49
0e00bfe9b3dc47cfbf96fcdb81f7209d,75e82859fa057b8b7f671c325bb114797c4d5ab3a31d4c879c7f717982341f4b
9c81167873a04126a05b81eed9b6b091,aa4856c93cb94c9f3db2784b778307785800aa92f9e107e5e802ee9116db1fbd
40803709191c40d3ab325aa809d3e1f4,4ffb37467ddce0c2cd54442cc7ec16123e42096be8c8a305d4b7c849dbd2290c
d1b8bf74a5174b9fba874d921d1904f9,2151185db347c5609137f8f9c9a84c07fb2297aafd18882ec0aac0aab54fa6fc
62bbf0640f034603bf461dedcfeb1b38,d413a792867e57f7790bfa8d07e01aba5c06c0b7b60e821252ef9939533e569a
ac628f4b1eb641c4937c282eb338707c,9806a3381580da8ab207c0dea1d7edf5e8e20b4e8f914a72f1467a75f05c325c
051b8a56027c41a2803c016f10507178,e8a62bd583213f6ba4ba246af64294c640115d6dd732f70cfcaa3dbe43c4549c
570f53b86e5a436f94f2816c30841b98,e2643eb8c2b8d6f96aed1358e854747dc4741022a1d2dad9a0b761b6bcc785b5
65c51bc038df467f93caaa8056c0cc45,71b5efc97c089c71691c17a3bf770d4a12ad2c239c31c666a1ef0aa8171ec7da
5f1c1b793e56444f9124e3d122e032b9,38ebeabdcad026b92feb24e3b96ebe721a488bff85cc4e7aa95ded815a66e764
cee8ed3ca1ac4f73a85f75a91a29e7fe,3f07448749c84c8310043fbb77213b7b04c95e689317cd541c4a95c87f783a8b
2bd8f618be3f4a7cb6b9eb173d790a2b,790fbabc21fdf7a18ea28ba47338cf81c1775c12dd4e386dcb3d95ebad005e01
2714fbea722e42bd9a2ce147d80e0339,6ae54ee4f3b333d3d1e291411c99d8260042af33983831562e9217301f757a97
eb9034bbb2c34fb296ca595f58f27e47,8c989b4d057b0913b32b139230e298675b866cd9468c0773f516581829f18e9d
e254e93b26f4422a977b8a6b6859595f,b2093ad30b31777a13baa21659c969d62a168e1280f7267cb83d7106b26be694
0937a82d5ffa42fbae0a91a615302b53,5dc089fbf5fce98ca0111e2034d8ab2d120c7915bc5c38aac5c21a17fb084c0f
c48a0bfbab994b94b3d9ddcc4b31b734,86a20a079765817c5362f05e56207876ecfe1bd0caf050c87380092f9c152efa
a59c6d911d994980a0c5508d178782f7,2dea3c7644a22610f6b7f0e7808569297deea00485a8e97898daf95d1b6b7680
befb810db561463387a1a389615df0a9,e080c0c94924db40c8765e570984825704c0dc155ed1b0bf8297639d843aa4ad
41dd4705b70847fe9ead3930ba2ad437,246899bcb69d88c59d4fcef07d7d7c3cdedc832b1a473729429771b3b0e84a00
aff3c674e8c04f69b45d8a9dd8205fa1,f68c22c860282aa6473a029e7aee38c16b5f4bfe5b845935308aa943b9bf4ea4
4969d27332aa43d7919a6d4405c3563f,771a57bb92bd6396f6d0e1fbbad942b6693d34e084118981f160eb52b8c8c5ba
527ea35c130447de8bc628adcaf8f2f6,daaf07036a835f538b0df2e0cf8e60c558b2bb8c427d69b0b0aba23675f96cf0
18c3cc6da5dc47798e3383a86d6be99f,4872b2c830d13889d81bec5fd4861cc37e56c258f3c989bf2da9e013e0082210
b8a7dec32fbb4ed08163292b6b3da8f7,a8f04e5ac609e6453ca3a3990711d6b5e96c4d467b4c982c3322da7d0e42cd96
44ef3f4f80ed46b583e016e94c0c194a,ede4e117499540daf0afd00851e7d3b41be1b23dc5d9176b337d48755a58215a
589d71ec01434f82b3329a9ff64b2490,af8c09a79b268a2b5ec9310b6b6d19bf33289c46b8a63840a88a2d14831803e2
1d578447016d47948c1448c4d6435470,53c4abc4b3d9d47de2801f1f7fbb885c5820b4fa1b0753c68808c7b126e26197
48712a079f074a22909e377fb82b785a,374d7f7053a31b968d3218dd42dc48a7e328ef2c0a5264e4c2fb140471434d01
07084f7754064162ac5c31c071830563,04bc7adfd272ea62caeb4cb04470c59660271baec7713011a44ccd072af5018d
e160b0eb8beb4426a4290abb06a27ffa,3a8762b9ad739bd4b48b894e77b21df151d1848e2f1f43eef2fa6e3a6e9fc2d4
447276d73c684a2fb469e9faa02d8d56,4aabc290ae4219f6f13ec1cad07578cf22e5e9762e828d58e08faba7e256206e
2981cfb4dfc34fd18e18a379911b85b2,5320f3f209cc4785b22c6c46c14efb904ed41eee40ecc2191df00be588e73590
f5d19ee170a74aaebbc05338c73350ae,685989633b96edf25b63930d3d2b6288efffa7dbad60729d6316cab2c7983181
40f8c18a2ea94a1aa463f449eadbfb32,da33b6c35729b580c7ed13a9a01dbd142c271e0400b2e0d8b7d3ad51a9da4503
032672096591421b8f38c67fb05fc17f,4189e117be715f1da37556541af3e3dbdc3c91171ce202a131b859ff043326c7
f7bdda32a1544547947af380c2f839d0,b6f179a873383bbb53782e01b3d07ae5667d20e6bd413d8f979bc8e1f9e87028
8ff723acaeb74fd39a6e45608ec2cf93,bcb5b3ae746dbf97458bca0da3aaab14beeeeeca7f735de57374763fd072a83a
f070167a5104463da99761e49598224b,ac7621a79d867d9d484661d6740d22b6b6518c56e82d663c431a225a9da3ea1e
3133005893484f328501fc4096fb9c6b,85def9125cc4f1bf2d50293a26ebf35e026d2423a1020fd5ea93c3811304129c
2781c53e14da4d7dacd7a375ff90a839,261ef44b6a82dfa7351f19dac6b1b362cb8a82346a283e09d6d8b472609f18af
229f8426f3864c78bcbb07c3133bceff,5f380ca1ca4135e616386836543c9ec1a063be2a8508cbf2e540b9db60b023cc
366a9e1b844e4f65be9173f1386b52ab,46823de3b20f20902139eaf390f120322a3214628be84c1b5b8e7788933da3c8
33a4c46c0ae34527ae6b5d7225c29247,a18240a581e05418f818e2338a380be1ae5f6082eff1a2c2f4018cbf60d60d2d
72fb44d3aec64265bcd68f4418410dac,b6fde666b56f948f9b527e125fcce4decb1a3452c303d1fc056225a6f58968e7
eb7b3a6271ea4ed8be2853fcf07a162a,a27cbad81dc168ccd7f5f6468f4fa5f3f160ba8d20fee3cd8111c553c27ac360
cdabbcf5aec84bfc87faa845b3b02b5a,661ed38620eaf949f26af54ae175e90e429b45c55c35ce9b0b2321bc8fd585d8
ff720e5b8edf408c86a6fcaf0e64470f,227e2c91600d0f080de80cda4778cf4ad6212767d113805242bc1cc43e325875
73e3a5301ec248c89210a3563df1e37e,bb73f35be53ab18075331328fa0e190b857235234c7728a619bc9f53d8cf275c
a3f2b69f85814fe18b44ddd58a896519,d7bdd23e60c029388dd4d0c6d20a83f7244df8e459fe99ec78db1cad31b93745
938ef4fe86d8485d98278817a771328a,df3047f69ded82f5d1c73a504c4fd5de9467d4c7e7db23747396d5dc439dc65e
bc4ebb4191384f178377662a2d9b2a82,f38827a91f3fdab2719d2ff6bea47fcbe010978e71d2b310de95df78eccbe4d8
acf8658e60284a39b3b09c8b8d4106d0,3cdceac174b39683e08f16ed77a278f48ad031494790143af2c35619d373c602
5e8bb0f467ac4b53ac29fda3dfc8205f,5398945b826729b84c03c12816473e7fc9183da70b80879d2efff6c1c5fe08d6
e9ac40492d7d4abcb7748b1621dd9215,9c21572c1d7144af60e2b554c2c78b2999aa46b3884b0d83b6ec6779c3a17ca2
f6f6c5cbea4e4927bd2134f1f356ad6a,5ccd9b7d5b0c395b6d6903848d2856c05901c6c4be907cabe0a364f38c7fac04
1abebc94489f4a298cfccb7983847f8d,466357121734c2ece05fd97293233cc4d53d415f01153c7d902d6f95d92b2b4e
6e486282ade247368225cf17ad59e708,7adc59ddcf3c669eb183b9aa50eb9558f65ab73bc64e1af2b3319483e1cff8d2
adfd00db37ac4adaa65f5b6ea8e381ab,a4f2b80986171d257c0d44f0ce86beb0bcfda61d8cde0e49908f2a3de19c6e9c
f03ac53176724668924b86c5b04d34ec,bdd015545d4a4ea46850add07fb5ed8e3fee4062ce8fdb74f40afae8dcc5d384
6ead7cf603324a66824c43d34a843336,1d6cbe865423f0d0ac671ea3bb0fdea0a2c608c08532180df21fa491ffecee24
55a7424577d44070978a519e69f718c2,af6b43447dc6383fff94cf46b8e7be4b815623899760348a8a1d2b422a550836
004bd875728b43d1b8a0d1420dc77378,c0a2ddcded2f7b85853a18720034850b7a08763f6e31b6122fb26071d4e4fe41
9e5418dd09e0424984eafeda70f7fb91,a3cf93062927b1d41d8f838505ad3cf42270f82a06a9e64060d6897a7f10ddfd
b44b9fa0dd594998af04c2be698aeca9,bb58cb48c1f9ba192caf526d0360765de4e331b6ee844a5080d68e6325424c78
783fb309369b471794482e2da313d940,300d49bad55f5317d53ee0fd35f0697bae5cd07b27ad1dc89d7603729843bc93
3d1ee1211ede4391843b1363154da541,725b32f5fd364d9f32cc5e81818f031fa78280a52d9e9aff0dca0ecce88a6a73
dec54753e9f046e2a5cf77a5c2470eff,f55c4177f20800136327c6a05608ff4179dee44914d0a8c8c047e53286489f0f
d0cab96c2f0740dda71086ce6ff1c874,55ca21cb223e23dd337e572c7d82ccdd8296868175f24dfbf69921bf5db061ad
4f6cf26f26ca43d896671a30c0786a17,8c38ac46d590342b174623e1e31c1d4fef1950de2e363f3848c4a4bf89a9df3a
9448d7a1a71742768fdb45b3b490506c,2ee458eeafb03522bb6080cfdb2e2c59c1a796bde8bba7b5f690eaf41d9cdef2
bfd3a23073b844babbdc4e3928c8dae3,09d9bd3e623207192e3a8d30747197216f46e7c90b14b3fe7288c14a3febd454
7f4b42cc979b4ca8b6616f3839eea3e1,c087c3f4d390d53fb251ee45beb4d1a09c5cdf4ff163de59a9d0accccb1e058b
15da2f398e2d45098f7b249e9bf78d3e,30eb80e9f5b8014a7351c13a6e6cc8dcf4d4b4537bc96f6146df316ddb50d779
91ec7f06b8994fc4b5f0deec34fa88ff,85b2fdbc177e2b5924ffda8e68a2c34d48e78b4b50e9d41887b48aa40a497b8a
8953cc3035264378871558b333ab7d5e,ff121f874b741cd8b21d75274d8cc634aeb821c0c9b5be4b6e47a55d422f78a4
30a366b0b38c4deda9f245da32083f57,803f278d8154a14cd8965eecfc670b2cf42a884ea6dd5d4a406f7073ca677a22
761fb86a29ec43cd819a8dd61d947529,13e5e93f436e764ae130bcc71a3baf5fa1a29bb6a7b8330d46f1cdfe1a8ad5aa
7715a84d34a3450ba68aca4985959ed0,5d44f893ac782a89507030a26bca4c68a3c57392b29137642d9135ddb54745da
581535be47d24e7f91f9b0e7d683b40f,91a83f2975e52a9f0af8d78c11d6ff4337e9f2ab5bc3cd4e9e600aca0398a81b
ce923a7d39004cf3b944b57f985a7397,e23a36b32ac9c9a306598047dcc4b5c6d90608f1b705ba6ccf22f7a06a79adea
003847f838f8430aa187065411bdc9e2,85eeffd7bd77e11f93d244947e8e5a02154472a69c3e1f2ae2e0b60bc5938dd9
873421b5d5b24783beedf7c18ee5fd9e,d895a784de9ae6d169bf8c2437871f094af5bcb93a51ad8bf8c067937ee9089d
31a5eed781fe4cc6994fa02c01bf78c2,0f68876ba579767fa19a53018c599a06397292b02798b946daecff0857f994fb
500dde979b994a809efbc3095297c761,16d65d7e0c079aa1e860ea21e45632a6c8d0c978c9b96749380c4b13b583a13c
04441bddfacf4380bc6e67ee047df92e,46ea34704b3e3cefd4477af284bf9fda7885b3b99ce85b10e4972edecab60400
255dd23cd4d7499f90a4b5b0ca0dda93,1c7c73cd2105d9a75d549af352adc607fef6d6a64b4ce73d13b40dcf8d8db183
9be5d5996b95412193804be759d34c34,0da171bd910f9ce120e6bf4bc8210456d56195352b79cb465cc594643827eb76
c21cd22a44494118bb6f46303404589b,70f7c3a370c7f146a90591bceabea5acdd3267d2ee9ab7a77323505b06697fdf
92a3638a4b26446baf224e2c66e3469c,07910ea4867c8c339c068e947eb51e5b03c2f88566ae9075bab4b4ac773772ac
500b61f1a7fd4cfcba4891c40336d398,6b2e28e9cc4c59c5e4235b92833decd93b5c0976d0f84b062a9d3a27688f345f
5bcd6dec80ff4b239dde392e4a5f65b6,2ceed937f96d9ec0d7322426bf47690649002e6bd7340f9e620b1dd49af4420f
210a0c8a04754d8fabdae2d59a7ff61c,8c2e9a8bd7d83ae03e6ad50528c697050e6d143ef030f310de996ac12d98bc5d
ceacbbe27b6c4dc6af96beda3391f10b,100489ae551abecc65a43efe7c1e4b6ca13577ea155b6fce41c38ad99c788773
fe08bbdada734f649f3d276b369157bd,fda838b66d1e1d744c798b06336a156081ea85c64b5f2e89d8b3b223e5e475ef
5b2ad7a4f35445038a5a0595a9942cfc,975fbecb88055af9de54df608d0c612b98aec4b30a87ea49238fc5695a5a5678
54526adb198e40bfa7b5eb9703eccb79,904f2ebe5c301a07bbc83d7f61821cdd4709be4113a9184489904a3d2663fa22
1d01496f055b4b81b1185697ab1af249,ad948372f056046e70356edb15dd4de48b2ae7930d57444b5d56b88f0a81207a
455aee9f27044663adbece281576a9e3,92a9cac4257c133a155042f9f5ad7a54179b9e27144ec6a6811cedc738a7bbd9
09aa09d3a0c84b5999991097baf02914,2194a36eb8deffc1fef688dcb0a64e964e8c9cdc5a6889901bbb05205eb3656a
d16cb802759a46efafcfa13d6aa942d2,fc23844d83c52f602c010c31dc447930cde1f0acf5de7d4e03b859a442791825
c5a0ad251dfd46abbe02ec6195d84ac0,d2d40b9cfc07cb657aae1ac02789a62d549848dae363c9e1bbf1eb73ab1eadeb
fce133a98e1c45dc86278fdc967e8bef,93eadd291051eebfafac9917780f4ca7ceef7589685a47231eafdb0d51ad1dec
dc843a018e0943659b05b64917f02820,160f889130d07942aa06a49bcc5a5dc99ab83c474243506b77729899f63b9f84
4bb4836bf0564cb88882abe9a4ca5c7f,90f9938befc265fa465b55ca6008221c402b6c0640800c134ca9c93ad0f55651
29db981d2a564fd38437c388c94f1464,c202813c075f1685a5f47b0bcad9f7cd17b10deaeb4d3a3d2c9a12022619130d
c147f0f9c06446f9822806cde29c26a5,ef280b46b9197fcf7f1f82f321552d74c8e9853a213eb97fb73b79ad3f0921cb
cd0095bb78af45f7a3457d404899016e,9ec0a732abec84a9d9fcc56009073cdc3e30693c5824ea2bce7021d3e5dc4588
daf76afc204c425d9f01f2bc1e346c0b,21b809b46e131034f5d4803e11b35c415c4ec125625dd19802c342ea0d58d403
d961f3612edb4ab09075642f4d2c5a68,f9a64a906fef4f5a2c4629aa1c640ea93f3bcbfe1f21bdadb6ceee86aa672adb
e8c8a1c580a24ca08734cf8f6e66a9e0,5fb98497a99b9b66b4c6fb2c14bd3f2e576fe05db8c8588515b8a30f2c9ab318
292636b7b8374d43abb9f58609cd5ef3,2e488ed46cce424604cda87a8980be3a4ef7da2ac394df982bc5c2e425008e7c
af73e21dd39f47aa93b69cefe27481e9,cf809b11763c0a4deba073222c7750bcd30bd0f801c291b0b86cf320bf77dfe0
99eca7688fa343a7be35cb74f86e97e3,7b2d64bf850595476badac57012b1b1baf8fa6a2d56f3128bcbe190670c37009
237168095d954f5ca7f21fbc7655d696,d82897f7e1d01baaa1fbe39419b9f1695ca61cb0a3ccddbc317760984c5efac5
accb3c4749754e4880ba4bf26fc65765,4d42d814247b09a0745d9320d71774f4926ba88f1b2a819c050acd609104c5c2
c3333785bf8b408487b05164eb778fe5,6ca81f7842e6e08c98119c92fabaa57417353e444a5d2fdfa072ec7ab515d6e3
a5812046b9684894b08eb701932ebe36,9aad9d208148cc0dcc03326d9be2e8cf95ce2c6c43b6ddce12c1bab191e0991b
36729a26584d4174bbf3ca3567379ca5,dbf9a43be36072c39407b074e54fa6e0d6458c3070a8eb1e579834c406c4b547
a9c4b9b111534c1e893a3070979e78fd,c9d592e51107c40108aba1eb9bfe1fd4575522533739183f1e25ab7017dde123
8095940621b94a368c0e24484e663c19,da93ee1ce2f2c4a9437066aeea0b4c0073b6d270e028be0ee18852e7e096b6e7
63b514e613a44a6b8a97be5698019a97,bfb1563d66d0eb39eb6b21d12a074083a133e81ffb17d1c02d600d6656d653af
f5a4fadc132c4a2c8505ce2f6b629e4f,364c8858a26a19e02647e5aecf4206ddbea6f3328f451c4e63059854bcd0276e
2cc0452f28314afc975927e84848de86,406e3d1f35b3e66be3f8666f86c791b5e42f827f1efdba973baee4e44d9a0b09
af83df6a148c4d6198fde6304d3d4ffd,316846669e9f7d5cfa5fee63edd17960b0e9a758b4fbd306f1a78599cfb0e21c
a558139ce2074f2bb16a97f78f234904,8aa32a1bb1c8a2e98f3bd1c1e7b648d5292e62063eeed6e3458faabbe7774dcc
4ce95e0c34b6468ca407dda60a170a0c,1870bdba5e005757e7f0d129c0561dac2388bba2654a8315c32e91692dd7b4d0
23b059da917b4713adbd79c5c6064e06,28fc5855548b92eaca2d1799d1ddeb3284031b30b5911f93b9cea9fbfb671f9b
84f8127c123e44f281e77af6940aff2b,9b9b8f69f49b0426b19dde0b0f27c516f317201881d01e0eaa3194da0495668f
f65d82ac0bb5486cb7131471286308dc,b8934f3b4aaaabe6e21dfbc3bb44e461bf9d61b5205098e13574307ae14596fa
4c158bb6a98a423c90e3d0f510ac35c2,4c3296bb9cc98fa996bf44d508ae0774d7b464bce18141c0e2f6b9c9c018affe
077944fbb1fc4d15b7b91354e617ea24,f420a27a9fb5291d5aa1bddbc86d1723db343ae0fa6cd65f604d1df99a03bd27
ec30c34089984efb9f5704f2f382b062,a2b04fcaaa8f37fb22c41b03d8682c38ac75063d5bae86b681fd7559d0e58cb5
061e1df4fcd6405eb6d3466d3348739c,24e963995a3ce651e90dcd7e3ff7be7c58c44de8995d4f725c3cc352c6ad6ea7
918474051b5f49aeb4705c9ee918712d,857342cca223ad01db030dcdbd28ff0313ee51607cf68198240d195d03e76c25
931cf4c0c471412b9f0963356720b3d8,1219bc6057b3f63209893b7bc8b14ce163cc32df24251089a1a77c498b4cc9a3
1c7db860c53845ba88dec0621b52f44d,7edbd09da3255b93b2fa94cdd9dac6dbcd382c41834fdfaf1a738325bbad09a8
fb95aeec5dc5448ab02c4c259f2eccc6,041e35f57c9f0e1f660a508c5e9ba6ff23ef0c31eaa36827daf904ec346157df
dd0854e90d144409a385412ea45619f9,df9f4b28cad6307420aa3ea7d3832b29459634ab622885b9e695ecfcf7a05c49
285bdb60a930450c9f96934f54909470,21b9c1c6d573c8febaf02b35abc2106635cad65ecc52870d1c882ad76a519ff0
06c3a825ceb04c95b363950a21d29cce,518e6797a4aab89429a72fac0f3691a1f3f047d86ce79f66fd66051d3f4e82d7
b605c2f6fd934ebf9e8c60591a6c81c7,9382bb72c131ad83caa293ab15a25b2291b525d7a48dcddfe12226b5941328e5
6c307c24f87b44889f9f25fc993118ee,7c5e8a7a4dd7e67a823c7a2032152c9ae0d25870c98b0f4dd667fdf3ecdf61ef
74dc7467446a440abe4184af7cce43c5,f37df2c2333af33c736dfaee1300eb5b969dffb7a3c916c24b72c5f5beee3a23
b6530415439c4642b800b31a16055a82,d1909d0c651936169518ce99ad9f8887b368b9569368be1e27c84067c559c94a
c914d63ca33f408f8bdab13e65ecb676,cd5621d706dfaa83a15b8650d5e7c60d698b93d5942037811bea9c5b9a674c73
bca0fbef5d384865823f35f542f23185,5faac81b8c3353454d389d9693f6a7f415c41b5cf490b798cb043476c3be6d2a
1fbea5061707443bb4e25ab775250cf9,83662f8c36b3920c2f203ae5ea832c2b94793b847cb537077503f9a5b9465491
a58213be07644549a8cc2348967e8c24,afb98d7d883ce7f9d840f9c9540ef1b3285146d3e003ad1b1df57fdd6fe7726c
f1256730e768461e91abe0a0f489614f,0519f40515c93c1dc7bf7fad7fcd40c4afb9a6cb19b56e6ae93c0a9f76f04bc0
5c0c5cedc6c24460bdd72e4d9f1f40aa,8c1a2999eb015f790c06e0085c077fada20dce6991807f9990fcc0f570e55203
2c44a573705244d4a308fc3b0c527797,f6d1f865d88d6219a95b940e1d42bd5137005fdff113d0bb8c02d3ec526bbda4
d1ed30994a4d4b448c503c544e1a0182,05faa1df039c07dedd78b522b66b9bab6197c4d5ef8639a900cdd827038c3c8b
b0974d5b157743bea51f59319c30b8c3,ed5f8e55b7cf9b339194bae2ce3270c10cb37580ef68fae649761efd0797af64
542604a56290406e890a2b42413030ac,2ce5832008785d7ba514e47a9850f360e5264d614c9fb0e68073e6590a678c68
ddb67b1fc5e64abbb8200a8acfe9726e,3c6a65d46e6688bf7129b309eb6148f6f6904ab38c200c5bc161d170beaf221c
2881cfcb2fb64069a4c3de4bbd61519e,9298e220fbedfcc05204d5f1514ba21ade9ba3b4642704d942541b84093ac863
97676d0f2ea24bd4bca354490f6aaa5c,fb09046e3d250bc69b5c128da5c4b7337c2ec0c1ddf9513f6e2463f587c616b8
ccf488d94bc3431591898982c75e311d,2afaea2e7b932342ca2c5d2cac7d14f663556755acda1703c0b4dd0c810cda3d
0b5eddb2f2c94199a90cefa6e60827b6,9e859f861575495645410c390b4553e232b73ead780b07b05392dea8e140d7ff
3585d4226b5746a991fb0b44afb11e2d,4f057f92e272d07ea8e2a72721558829dd6a8a2a6dab1630eb576641ab111caa
d4732b437c8e4b59985826f6c3516097,f8840665a570b23ce2a996cf81d99b5e65b83abacf61201532f1bb56999c987f
89ab324127df4ec0b06744c0ed326ace,e4f1f866148b4f36884e4f239421d6c373050686847d69d574f292ae7fb5d555
554121b381094cb180e49e69d3cfb167,ab738d0a7716e0bb46c05dc37ad376eeae93f2846033b25ead3c38f507972dd3
ea05cee53c924e54a39d4c0258a7ab3e,7d295b115ead6ebbc958440032d7e298c5aa7bfdbeec54f8c3375ac7055110ff
5609c27c9c27444396b23514e68b4cf7,720ae9b9d8515c7acd8180de75d0036c88409db2681bbb4db926dbd95f7846a1
b6a8ad6561ef457fa4e704f332b33cbd,df6cb30f1343c519b49dcdfb4b66b4ec5b1b945277d24edc96bad8d8ca0b3b38
1907efcd6cdb4d4c861e0d90612d769e,8dd4277f36b65790882d378f852e409f841387d95aff20466d910286c454871b
a908b89ab5a9413da4dd49ce4622393c,d296c85a07c5652165f6d8db620584799c06c3968c2aedca8e86077437819879
d51d02b4ec744966871c577b38ce0436,28978c25c7d6b3524c277cde2ce4614436a5c3db79cdad7382426a50a6d24b4c
31dd3de1d7964e8b81426a199fb7c97e,cc43ed29029528ed832996b87402d53a8744db987dd6967cce9bce745c9334d5
1d49f39e69f04f0f9b576944b3290647,1691616ebeaba1cb225980c70f92da0a159670d09110d96abd2bab1b8a7fa642
bcd1f74c05374643be114bf05d4e0e9d,c42fe984b9279b7e462f4686f49a2a330f8a3998e44f9c82989d36b8d94ab8b4
5c614cb470ca4f9dab295b194650f0a4,f8c5f7ba798b4cae17806be2fc4bcbe6df3751e80e9764623ae716b7d44e7f08
c7a71547daef4ea3b6ccf62e679dae47,3c719d0b8acf5e2c18701d7b5e9bc98812de09da6ae438aafd0a69c5ccafa1b8
55c52d71fb5d484ea43ac10c0dd1da49,01e47049f38a635d90ea92ef70293f13ede335c19b818374b21ccdbe19266367
57a9c1e0addf48a6900db0d6bae8a4a2,6e71e71388f530abd3bf0599ba8a6d84324cf03de16b48d09dbc513f354d0e58
0c0fe72b532545a3bea6e845f840c85d,96652ce3a4c6a7a06b3cb91a2ab0e453df6fa16591deca2047411e3ea4342b92
eb31f641e60540ec8db6546c9da4db33,0206a749fcc1208f59a99c37d6c8df8e758e214d48a20eb50c64941c82692744
34f74fd38b134214b47f51686c5850cc,e088d03cb6ff20ab5070abe29d923d113c732ae4f67e7061ba1f107f41c28d0c
893737c25f93457e94f71e3afbb3fa7f,1cf938d9bf824dbfa6bdd94c1c92b5c5080cdbeeb9c16310cc0ea23cb46b3eff
baabe64f45514217be7bd490308c0f68,e2727e38406ff7e804d624eb81d3f84adeab1d6072f482b7bb51c7abb2387629
75c4169787b043ad831460e3ad995945,bb424c5ee78b1cf3ab6e08e01bc85184739f5c10e1ed069232629a2add0ad0c0
d5c5759146c24acfa932e7add279a07f,2d50f90e383c1cb0e9e76bebd102ab54bc7fc71080c360bb093c4f79cdd36b99
5311ef57a1b546f1a995690dc9615dbd,a70c6fbd7e4a17756f1c83dae1b772d8db38038a0d3474b012dbcfaa89faa90b
5e38eded890a48e4a2633467c99db03d,58c878151b889643e26f2d764342c1210c38f45300dfdfa7ec87393aad4d0cb9
4d041a821af9420481812fbefaa2cadd,f8a7ecc4f4569685d0c640c828edbef8ae75c1d93213040ca995d4ce9659e811
3914f8a2081841df9af051447fc2d3a3,94de89b1c6b0b167c732f978f5a2199b7baf0d94d54592800bf5e1a2f2ab9064
866794bc12684bd3bac9f48795fea8f9,9ea0e57f05ea0be741e119c4c0a96a389c9b0e8e6e7667e1edb822bdd8114ff5
7a2e0045e39045889498c0ac4106b3f3,25358131f9327dd71a52252f9dd631fd1422fb9ec8cf5382dd53ff9d22a4bbc9
7c03b7caf12b43798ce83f7f226dd9f3,46d2adb72b29fa44abbd2a34c5e8ecfe4b04c444e91819dcc587a7da32965e17
64931986ced74aa7b82f5e767e34494f,61854a490a749c298e91eec97a39e726e48a6a677b68a0f4117cb78309b130a9
4ac2cb0d337f4f3e86a3d2e79563449c,0d6d3ba0ae4d066c9d4b7cd1774ab51c617a3696cc2d7f8043d99089f559acb3
bdf08367387d4e07872fae27abbd3a81,2ba2c87046059b36836e98dbe92dd7e5449a303d1ef295de28713ab5ab6c79e3
7fc3ecae95ee4c158ec6f9ee74c4e62c,9db4e76887bc7c48f2759f35ed294583020f1ff46d8394f929d67969074072f1
cec27c99ee784bb4832290224969fdfb,3a7e414a6f1d18465813cc5e7f4b35602fbc2173aa70ded0e5505cdf159d0bcc
1596fc60628545ebbdda643ab23308f4,6c887d1cfb204dfb533d72d9fb9029e10884ec1c4368447ecaa0c60d85ac85cb
2be33ce9b9a041a0881d58c87168c190,113ee553871bbfd0355d49f18e4f88d6834aebe43ad0442ec47d9e36aec3c393
81973a2bf3dd46538c9ba9fe1b33886f,2adf424a75556385d094de031964ed4ed0a79a46c414dcc5a5ce16ff11d4db3c
134b022384434f0799446d248ca735ff,052ef9a6dc1bf9dda783b4bc3df6b3b9e202b8d5d2bd8ba0ce54bbafefb90fa2
52d6cd39593a46508a21bee675df5d27,7c32a33bd08136fb410bf938d3faab3cc911fc3bdaf31c1481d9f33f456fab7a
05d7ebb5ffc64abb9fb1a56ab94fb20f,a1bbc078f4351a9acc0ce5e565c23bc5702d40d43df9ae3af3e3848d8d2db7a2
5482f2b2091348ab8de43c68e978b9b8,03b39c67cbc093227d4932e9fd97932013e7f975d2e1dd4e4d0cf64c10370494
72873b32ce8f45ddb9e77485a9cc1eb9,e05b65b084e8abbe486c564f5022eda49397b1c496a85651276ec76a5a7f93af
f175450c29a0468d9dcc248a738892dd,c21e96c3dee493090ed2b1515274809e6a1088bc594f3c4b6a7866a7716daff3
c772e409272c49f5a879a5337aa6d6f1,d182daa9ec0aacdf00d4719fc3b564ecace94f1cd6ca2a0f3ccefa56de2e3f0d
4fc1d2cd468145be88f4b2c419084572,277310b91d544297ece41f187b04d824743494aa3c7479a3f4a1e8fc40c6749e
c2ddb49ef9464fdca06503ba55dba3a9,0edb0461ec6cf3440f23165c96597743e17370f19ad4d49fefbb95dd9e77b162
e1c28c14e16c469f9ba5cf60ca2fabe0,4fa5e60d789a381f9c3c1ff6b012a9a5f61c509f0a71329faab974f592853311
228c86209b924e1e9c4b4df1475c6c59,f95acd8cc459db5609d2cd4d0e88088bff25e155f642d4c16d20fa7570d4e0f5
189b68a513ed421da9caff2e39194fc4,9149c83699f9c87cf2d68baf9a3653eb92417a04ae7a31badecf9ad89819f0f8
6f069d2db6bf46c4adaffcf6898e7d1a,1578b91084924cc970835f58af506c075099706faaaaa09bc1dfcd5661a3853a
fc65302b064e42728ddaead7a303c7b1,c5aeab932e420c6fee0f87199b724a97c75b9a1f0512f8fd2ba4b025728ecc2a
d52c4322945a4d47937e9cb1bb179a92,983e14edfe78b4df165187409827aeb282bd56d6623e7fb64c4e30e1ef1e97a9
e9a71272c0be4688ac8aa5a2289b2461,bda5d92640218b20e91fb773be122230c65faad6a35bab780c4ddc93b3607580
488bdd47a9264dc5aef2c8fb5288e213,e5efe884ba86a28b8574ee4f7129ccca0ebda1729684fbe7fe2b1df55c58ea3a
bb61c7e2a33b43d7ba187bb3d71d4196,5e5245a83f753ba6b3a74ec8aa57484e9bf1ae101f725c831e802d2091dc2e9f
08c1480375b64cdfa237d45854742b87,57ab09a16b2ba576e62d214b7638742f83e930b92285e3f7ab1c0bb3791f5fc6
b2153d4ac95e46479a676a1126719107,9a9798e7248ec46483b0d7ebf23510978f1786c35ff35afe4da343ab6ccbe7db
4a3670c386f24c309209824808c29384,a89a4cb9f1c2a185ed384aaf19cd875e64f0349941795ee38d852e94280e2cd2
8c8c0163d500446ebaa9c01e0021515a,34bf3581bf2645cfce18f2d92131f9230bf59ef32787e8d30dcb43d96e54b709
2d2fb93483af46b5bb9cefef669e3ec6,dc1dc783946b3b32b521066a156c68cd51ff748c85d1490471311e40d1afbbee
b955d15cbdc449fd80837bdca4b2efcb,3af094610c18755a79bb11c6f53628e52848fb970edfdd7b2b8538f9d33bfb55
dc8ef4b43e7e46f1b773a041e76a3c84,b33962f3af5dbba61b386c1000c63c38b808e6a9c0882b72918df9465a5fd27b
82ecdf319b824f21a76ba892746e2665,8b9c6e5ad1b2331db8de5be34a45720340210b0d4f105d7f64c23d3ef0958689
ae0481c8f06f4ddc82202b380b81e996,5eb8101ebe96ce16e5f2676f325d727ddf864e3bf42a509f3b83d6c7f4628479
8c33251ad21e455a9263bb2ad173f17f,30271d695bc66957d143d2b1a5d7e8905916f9b52a853b79a4a35543f9292d08
eb60a7d38ca84464a9f860dd2fd57200,ddd004693f2c3e74c197a34bb1b382473ea2d4a744ca83a578b52037fcc79307
d7230a4fb0a54155b5ac379b957540b0,704acd2a59d90e766df376a5a0fb66a6e39783d4a2a72db1a8d03faeb55ba033
d63d6d20e4cd45e0849db2831f448c1c,c50bacf02e3ab91c871c1b66c4bd029e5fdd9b99b3fc2d4a744a869a1d881a59
485120de42dc40359d90766bc95a6c45,a9db85537cc1f1909e7f5980ef41912a656a8172eeb686253428b790ac3be69b
2c727d5d1c4644faab2c15a7be578af8,28404166b16362df78e40c9d86514f1e3ebef347efa99e8df404506b19f55263
7f3cc594f08c43608d7afc4fde3b39cf,d61187da8ee7e43ad229eeab6b52e4ac6e76d5866c529c358f9d41d16ef63259
03457634d32f4b288210543a6d416dc1,ee3edfe644760a3b988bd70c672f6f1c712cbaa45414ccb02e552e459a5c97d9
cdfffea515454e64953f6d80437e9d92,7b8b6b984d7630b596bc06a99fcf136a752df225765b9a8601dc8c2c8e4c6053
91691cd2e6664ba4bb5c7be91629f311,ca50bc96f32c2a7212ff760053ccb95b33347af8415721469ddeb1fd3cbdb9da
6ac5f70d34f74efa9e46f407a7875ab8,ab3bf5282a7e2792afdce24466e4b91632ca9f870ef2e776efaf7ae8b3fe5252
9972a970f27447f7a0779da1135e9392,853d92580c5bc56b4d06a4d2c9a4e68b117d81f16eb5eb25522603ed47a51d0a
0907d4ce12fc4cb79c5d23b0126ecf1f,80a0357ccacbeecef028c43222952ba2a12697ae39c8d476a3f551004f69cdc1
0a778a848e6d4886873a2e30c6aab13f,1da356161c80125b242e0f414a4cb4549e7f779875f450b20fc8ba8f2029dc24
eb82a9a3e40242a997d6e6061452a77e,1d279e7934e08e4d54f1a259d402f875aa5e0235d804efe10e0891798b515d75
041ebef07d824c229dbe5c9848d0058b,73c048f2ca1fd48dca9653352ca23ad623beff22641fcd98b6003582b91f6d83
74de6b131c4f4e428dbe140c490cfbfb,d99d8f60e5efb6a9a17fcb879ca03375f310286960912abebe9c4e8b251dd144
59a7c36215724a11b2dcde850fd351a3,8d01ea62b7f92e3db20bb12dc316b0d132476f1729010845b11ff22cf34f3244
37950892a1034dce8b71c284b92abb9d,125aba158080c79cbfcdf67244fdedb75284e3f2816247e3a432f88a2c06fc25
728b03edc20d43a6bc7432e63b8e6156,a844bfd96dda688b1db04a293f0669718ab6ad57c55492c9576fbcd77ac9bbf7
9da260fc8cd4497dbe5ed156acbc0ff5,1f1d61666be3ba176c8d5bc7016043e7c62cc44dad8296e6b8536eb3d61f6876
c22392602c894e3dac6de1a15271f30b,0d046e8920b955bdee1c7e883af96e4847fb6e1c11327ca9f41bfb4f1d4c2c21
84848031ac9d4c8e882c9849f5486402,ff30d27da21a5f629c08c4bf77a3085a5a70b9fdbccb9ded560554d83032c48d
90da6751259140c4b6e7638936520031,9dcc70abfda358a757f9820cf475cf788e072546bb5eb19b6a2dfc9af24def0d
e4dbc519317943c1a2e883fb5769b457,0ed3eb3920d346dfb3da38012b5c0f786332cae278c472e8c2c1eb04557e2d4c
b98fa53ce7e14c1288ee665952a3e277,113fa071353b9c6b17199fff0eae2ccdde801ec10ad15e0ccd6332b3e04e584f
46b4dd10d5454b8394e59dd1753c8796,9ff5dfca94becdf16502976ff4303efede2807fe95a54559973f8df4abd0c80f
f50d736f73cc43dd966d7a4339b3ce4a,8c15f9b9b245af7af70067cd797df11c1bb40d9ff8932a3b4769a16fafa006e5
9dff7069b4414105bcc41471498640a8,05ea11e0cb310f5174d98ebe52c1732982a884df73d1f7d52ba8f90183eded89
33db3143f82f4c9cb27152c3f6161199,111d8cc49ab302f07d575da2de749783b1984d9cfd210dda27fdf3dd0d2fd9fb
c93e0d5cf66544fabbe415e60871d015,76ac3301677a48d6f3fe9fbd1b2a5dd419dc92556944627038ef8956f98a83f7
6d8d18fa000543b2b5c6a2ac4f795eea,0038c13c60ad1ec4d1ce5731791edde27904b3fdfcddff3c86b4a9251821a6c3
81f5f320fe9045568d5c0916bf107575,09d86baa1d0855eb7b490103013557ed1ae76f690d5f75356ce1e1f9f01e6262
45f30ba17b6d4ca4b2daa1ddb4099014,aa3ecd7d16574c89ce76072d539712769f15fe09566a4aab4c6111899743888e
7d197f6119b24ce19d98aeb794b68f6b,2719c77ce1b30d952202e21825eb3b03d829c62e6ec3f9d2d854265184df0dcd
3153253baa2146adac5265e5de965289,30d531d6d3ea1ee7ec9f2e25d5fe4130ed726347c45f344dfdd41053a9721b32
bb19d401c3704a7ebb500b2015b66e4e,e407cf1f9428c0eeadbec2327bc1fcbd443da3f8c5914d3e0877ab71ce42db07
7f313ff7eb5e4a7fa7ae4d7e589f7faf,3c93797b46460c7dfb1b3e461d47386b35434ec6998662f3272f174a37f1e170
de8f12b6907747b5a909bfc51a992d71,593ca9cb2d326fb8a61e28a7a4e51d72493d63560b89a998608a0d0f165fb3b2
802490d5815749e6a27e9c5556cb8169,db32290f74ac9429a2be0893b93e7371d094c36bf924fa5a84ad5d4dffe1e904
0fb917c70e3a40b1869bf46149476abb,217a1c8b26e42dbb0eb260fa1e04f39c66d9368d86d537e479375fab04302d7f
116ac94dc6624f28ad42e9d451dfeff8,f3a3ab987df32f7b70c8b2c061b13c50bf949191fb41f304419b630492d30c89
3685b6f049f941418fff20feedc6a7c1,a5fcf63ebe828ea2e87d2d2f41cad9f4e8843769f0c4b93736706e63fea515cb
1105e5f36caf4c42a76d82c3d989361d,f538f02e6268796d695c611cd357acd352da54039b0d7c11075a0db5849982ce
08c68477cd9d42b1bd1ae2dfc1787b3e,27e4361b7e6bacb0c06142463bbfd2f26f8011bc47d7cb167a148a0677957195
1ea01a5fbb3f45fa987f7b1410537ede,c3ab5ec0c6b2d989fc6ee6fbfd7a8914b0546c6cf07d38f55c7ac032ddbaffdd
a6542b2c506f4e65a101d37d11be7f67,65a2da0c07547f46d53170cd6dc31e1f2bdea1c28dd30f69bfcf5f3d4cfdb2ca
99a2ca1825504353804349e9157f03f5,4dab4114ffd644f698916d06b8a5d43418317a61cb8b489d04e476ca4c73e1d0
ce03c11b1c1d4b3597e7f3dda36729bb,fdcfef063db2445ac9d291a5caf21e73b8510f016e0066888a8332577fe48f7c
33a58476c027404b904f724ba925581e,70f091e62e0e61b8d7c70de4649f0455767f976d15f6e2c75035f75fbf497721
db77fdd8cef64a1cba12afcb9e1abec3,d5e82602d84d5824086317bd3c8c76c8a5af76da4eb6be9acf85b3b541d5394c
ab336043aafd4e07a3db3329e5e649f6,1e7ec2b8f9f190c37a6618304634a8a45b55962eb3e743725855214893ac9705
0863e05bb2a046a3bf9d2b944765aa70,210b2fcc67b9aad9f4babdbaa529fe824463e9b7a1185c529837170e9fc33298
f3b35c06659445ffba8db5bee88a023d,bdbf10a67d83ac9b3ca4209fd24011e8a86325cac779c15e05a5f3e8eba53188
e5c2cf2987c04f8a9e4504228baf05e8,5d48672bcce6b7949ef9c9e754c2fe5d2d9b667c435cac319fd0043da657cf9b
34cc446ede9e4980b0bf8f4d5127e3ab,e34feab79bd172c6c9207c6bc002d1f01943c146541b4eb66c0de8961d2af219
3e9b33592e96406987a2774fbb08d246,04d2cdc76447b4b2c475e2cbb9d756d9d4c5e823d492713bb602ac7bf4c820be
a84a2686cbf5425495124a72a1ed12eb,0e5af2d02358893b0a4c83985e35f93b5d9d0b8148c3fc00305f5c58cf03242e
4f2d55272dad44dabfa7c030f55bdff0,a1affc500217ce4e309eb116a090792cab42dbd1831f0ef87de3de33e446b181
965fc2032ae1480985a0d5bc8291caaa,a458d4d149c1a9902c44cbdab59be9f919fb6b80ef315ecc68c8bbddf263b8c1
58bb0db5cf7e4929b635459571a639d8,1378ec8bb424e52794bc125a4a33ef9f9f76be390637b069b4b4b50f54b7e910
f9348a398aec4687bde3d14f4b52e0f9,643fd4f520a6509cce68aa8a5f198f1dc2d948bb15ec0a2a1efab8f0808e7b4c
96c228b3e536453e8228136b9ce80f4b,e3d5b5915e8f760d15f52468f919441868ee05a871ed25f2adffdd13cc067c57
b367af2664af4e9cb3e0665917ec8463,92ad416dbbd29dcbb138ede3291a6ee16d10981142df2f7ac009cc6bee717f14
e504dabb8b68442b8bca6fbd775031e9,24d3f484e586db113de8a928d30853502bbbd426e7fecf8b6832d2786c58c806
6045e8f121da4ca3b974e171d3f26563,11d0222cc1a0b49d03e9ccadb96208d01787b5c99ccc2dc0fa80b0f4ae7b1933
e70c6644278a4a689327a2572ec4847f,eec0735a72d3b30807bb056e79f0fc15d75d0aaf41ca72a9eb972553f1797399
30b681f83db24b7497ebe427c9309fc1,c2422b58df9f785a1b202312220781486c3262555baac68a9d1663a3d16d50bc
ae5e85f3988a4f2d80a868a7facd7a71,694b1ed2fa24a5b7310a359cbf34523dc5220a060f6913d6ac090edc01b7bccc
c3ca415edf2e48dfbfc8298df1a8db60,c9d0d327e79e39b9ff1c8f4051ed0221f20cd1a4387a99e030b2a56dcd4955be
e630edd2e62f4ce596f75567d7f0fa8d,f3672ad49d85d1eaf7aa790b0614ed1f5c626a2bf3d36bdc7ad5efff6d9ba87c
051111e02ad94e19a214dead3839ae06,dac45194d4c51ede756520423f60d19d1e0034dae5e9ce3126e2f0dcdf908873
650b5f0e47864b18a0fa68c14c85ffa0,6064702cc0ba368fa941d59d3990b807b484349e50793ecf5639407ca7d0db20
f61685e293254519a8eebfdffb92297a,215aefcdc4b9409a78e9a56330f8757cb63bfd1e768a36b77d26b00b132ba229
d3382c0e788744d390608ee83f306146,1956ee3aba2e36a03fc6f6575d1c1b232ed265ac01897295384de13369069339
df9f13813cad40eaa07dd17d5baa80e0,db55a048231f44f5b98ad13315a4bfd256edb09490c6d0c9ec51c4eb146c2b55
7e35a67d79b446b180d12305fbbfc88f,2f7d283e008e0f3f27b104f8e10f8e1bf3212fc8d6e2742c3d83a57526abe493
321192fde550405c90f59d7de29559bd,24bc95dc108033c4ded82f1082f442c2a41b1d3fba561acb5702ba84f0a302a1
4b896ee546d64f50b0518f35af79ef31,5ef3a562c7b7077df085e8b08948f77b35caeff8ad8a7c2beec0047f20d1f81e
72fe1ad5a2d040d69e7dec5065579ec5,7aad2fa30ab23e4d1e314678d6280437c065fda59207b80bd149f55d9a3162ef
f21cb455424b49dca2c4c8fbc863f79f,b6d1498e6252a3b9058774678d75cbea89658219c6884da673a27f9f9f202d07
2c56d61e9e0c4b178d48c1fb63cfb06e,d6660b0ac8eaa6dcf3a2499ec8e7f3e7131ff48b82eaca0fc67296565ed1d5dc
90fd320922754082b5d8bfd7f0b9fecf,2c4fe1d28b757c6fed31b4cf4c6ac7e38b7e6f3539f0cd2ecc3c857c3f33a8c4
fa1cfba517b74650b8517fa8c7976a72,26df45f36048b920018ad9481c0d5b2b6ee6d951991803dff79abb30a7b590fe
e0ea56cac3414fdea7ea79b25a430ff1,e6b28bb5a96e323eb713bc72b7632c77974a01fa94a9ff6d83596a9d9bb8a12a
b0090efdff694c9c93b546ddaf4f803c,22960cc3db19e0459c88302f0701fd54156e1d15f8e5b1430e4bb20f351a059b
0fab5eaa89d94d078cee0569c803e788,a5c0983820d52eac307e44ceccb3f776ffc5ad39b74d6b23c7cbbf81d89c7275
fcdacdbb664742d3b4ded6d65a5b064a,77611d08bd7ae13a26b5d38128c62ade936d1d504bc18a3d8920db74ca3cce23
49a08908f13442cca11f4b8eba6ccb13,cf53e4ca6b8c652d4f58f07827e080c819c726ac4343f77aa58d0375aef80644
264ef923c4d340b8b74e9feaff1fe984,23608a506058ecd367cdd814fa4027e68f444614d09895bb3a203ff13fa6a41d
6acb5e9f14b740ccbfbaed0f48660555,1c7a6afd33ed6859738a39511b9b80a9eee31fd0e75812855185ca465575a10c
c089a175566a476191c5fb70f2349e60,b464799b2ecef79287dff97f0cf86008489a8617acba6d75f3e55056ac067dd8
4d7a61ae345643068b5a88e4bb50bae3,245b856b1a673390861878db93811fb97e08d6509e6c3379ada9d51b6b4521c3
610ae385f92d453dbfafe44968a07f5a,7d7dd3a379871f67e35d19a4b2865974296e9131af53c8823f82cae1ee0625e8
cf471dd6beb94b6a90db3d9058d008cd,a848f28b42a15383c856f4c2e147cf5ae288ed15f2cb5544d682382eb96e1b15
b8cbc9a170ce40e79d3de194fcebdb57,00b03e5b12701621e6a8b3a7d949b8ade3b6e33e45033b8f53d66b7c92001c97
cda8ff8f70de40cd80ebff66978b542f,7637d1f8a8f831b98173180793745ba49d7a7cd49f3560ba0736854e2ccccdf9
f88f248fe8fe4abda97eea825507965d,75b060ec76b2d8b8940fe2a18e98addc9c1ead206b0fb84555347b338548a1b3
4fc0f58ad0954e4286554c6c28d2efff,383400a88dbd27e317c7c71cdd100e5f86c44f950278a15d21fe162274b3dcd8
9aebccf0e3a14c5f80b9bf7e122ae16a,989a01c42bc61b35a92415c3c5f79174d2c5093141256925aae0f7cd985a529b
fbfedbb0a93641919c50f0cf17808324,77d6af48a58cbf960410b1a04e4dd0c851d4e182b4a2592f32eb4ec4800f1797
a7239e45da7740099e28b1c6b9dc1e99,37231439ccf5d71a32368c931cd6feb02ff35ff8c5085f7663950b1f13921f60
1a5c8c23923c47ea9f3e02712d91b9a2,01dd4959da9188ebde8af9b719485d25282731de732f4d9b50343e9781b726fe
1b820faf6d3c4ce9812124634c310db9,cf2a10047385c5fe4e9dbfe9a765fcbcfb501b7e529c1e25a9ee1862e576fc71
096fff46f32e498099775ef53e7d1428,17668550edbf73a7aef8a79cab2e272a561753e8ccd90205703775e7e7888869
c3070edcf0fd40d78423125d54df16f6,e9053c9c42b3193730e7b2566544b04b78355fec56749a6d59df2fdfd588ddad
d12422dac7d3435fa57e7103ea83d998,9ba3bbf1240b3803fbc85345f1f57f470ab9b9404b75fa06996e2c12c2bcccf5
3a3955096683485480d8a1c48ba4ea56,30842511a1941ea905d13755b07a53a81bb19ccce6b7d639d80a5a08e06bfa85
84996c14cdb245199af931d5a25d2d9b,1c9ea5e6103f21c83d36b417fd0ee0fc4ea15da3b0c02c10e0ee9720b6666c6a
b00d4eadc56b4e50b3b5355edc68bac6,8885d4f5c1bcd012bebc946a6f8526ae19a4c287e806465c72f10aecba193dcb
51b8cc3343924c3090afb0d70fb661a3,794768d7a3359d6537a4a7446b0f4bfe2e27086bc3abaf83f1fddf85d80c6db8
5ac1dfb586ec4e739665a4e2a060e89b,80bd624cb3906c1707af6c20bfb88c2d3099a1eab056e54eba68cce241969bb0
48a3ccecfdf84227bb48c56befa156d9,e4944fc3d6135c2792815cf554f46223d698a9a1342269ac4718e6bfedf66d7d
a06a59f5063240b9af72dba7fbd6e0a6,f6b0435d3891e5bf153a2c1d96d51a7c3ef6c33310f396a3cd364db6adfeb366
a874785d87c241bdbc43afb9edcc7793,94f2b05e246b2d7726aeeca90f88a3cccbf1094cf70f04f782af3aa08d686424
ad3582c22a984e09acb0624f56d57fae,05c1673b65fdfcd9f3c39e71a3993c49444deeab1a586aeeed56c03977a9123b
89b578509bc94d18af505b479c2b463a,21d8d53d6365f5b294376f72938cc1edd8ae267850a59457268368464615a857
e6474307adad4ed9a79d45655977d5dd,cfada954e9ca8d1382ff2902f4beb7e9bc6d25c048012df82bb68c8db3ea1ffb
ecced11c9f97437ea52ed84ef40ef0ad,9becd915bd57dd2b42b6661c6cd8860efdee138f5b111b7f4320976cc6014263
1c0518174849428aa965e79de8a74f9f,e35667d3d0a006ceaad03890d1f346e37be63d9e9b53adbbb69a8fc3adcc0cf0
8f3f98ef49364d8a89eaed6cf3bc3d67,0d4cf9ed33714ce8023d0c5c0b199c706caa43f534540be22b91f360d2bd6df4
d10d562326214a5186bc4a3e910f9106,b6cf1e30bb58802a54d82922a24adf2958ce4bcc29daf270fcbbc16188ce6de3
31432bf30b134e2ca8de7a5bb78e37da,bd31dcb5bfbf669220b8a6e788d4a2d5b307009950759e2dbabd9dcf7803d5d4
0100262fd33f4347a253b2d506e34afc,951f10d3021d5204c2f07d28e7befd5c0181a1c3fa2f2f25059fe6f50c46f492
d697020d5af5439bba95bc27db41a509,48fa6d3b2d290d0ec2cab844474205bb71a684f9868c8d141dfe5be389eb2556
5064fa274cda436bb8a8a84fd2fe4ddf,7a724992fb1582cee6723fd0c834a920df2a4348d5ce82daaf52641e0de8c849
c587e1de745842dfa2a9374caebe7e16,05e49bb7557596a6ce51fdb4364b741da114b61f8422d87d81d9b627ca547dec
ecc7caea533745ae8566ba7444dbf22a,42ed67c55f416a79b88c3820fc2cec4add8f8495db29d877892afa496e501782
a04c6ca9880741bebd10b8c341231dc5,77f7bfc84c3627b334f04ad886b3cad20e1831c930f49aa08f3ab93677fc237b
2f58f47243ca4c9197cae1d61009b3e2,7984ddb8a5eef8c6be937a7011246cc8497a5a29e6959eaa3ca750541d134b10
002ea2db2d56498a854b74ded9a312f4,4d30abc3e657e08c404cf8d9434caa31de7c82e9e2c74d725d01e2e0a63a50ca
c422d177b63d4077881cd178768c9830,5f86c5fc6c8fc6d2886264814b627ad522bfde0bab228ca06c75dd1420679527
270ef356264c4e1b81dd52876146f657,7e7a3f4654dde2740f20d401c76797ba7ca536afc3a401a3c62cd277239980de
f415888a09524c1097794acc56b634d7,4ed30b0c0770059c6e4bd11f77a1cc51cbe55cfe1f2b4d1047b47f358ada62b2
9a71051f37c54df7ae1ab5c385041295,1e6b62bfc88429aa5583634cf341c7a9f663f09500405e669ce77b54727f4f59
b0fada94301f4b138509940f9e6149c0,a008cab082a44dbb9be66aa1303e281d3d0b6e5b2df02b0311fe50ae94fcac35
c26735d38f59479884777353d68b20da,ab2cb6f48de93c752ddd35ba3068f0fc395607b7c89fdae431c9107911de8526
d21c03bbe5124c9da65545be272615b9,a67fd262ae83a6cc7dd360b0077a3c57690e71c460a45c2bd397c068273e7930
9d311ca4b19f4ed791aa7ea2502471d2,ca0efd9e6be2e60f3c67979fed9d026875e552797038c856f2f11145690f45cd
e8d6c9ad93cc49bbbe5b45a8a56f861e,8856ce4faab4156cc04db3e70466d39d0d3942cde17e008d53a6cd29b69d2b38
ef2b76ab8d1e4c06a8f31a45b26550ce,33efbdd15f60abf8a668ccc0a54fdf44d2ecc5906e2494f728017b90a0f9b984
5a599d2726f04c4bb6751698a2393a4e,bec9440e7b3774c0f69d65bc5c5883ad1d8df9912bbcc45137f9f532beeafaa6
369a8741ccef4a898542340ee47077ae,d8ed8b9000f1c72ae6dc6d246cda9e568d011f4fecddcde10f736ed538fcfd3d
f97adc97458844148db818581653e730,eca6f6f40f6d21653edd31710a043dd1902d09fcf1ed61474f0112e34d787652
096e320debc946eaa6fced6b85f711ed,11f04947fa25faecd6da241a6f49c71a48ad63535dcb30e5e39377eefd29b782
9976807bd90e46a2b88f6bac85d9fc7a,008affaf31fd60e7580fca5e14d1030f29aab481cf8e4c46a14fb7ff9b18a483
4bf1e11d7b09415488ba2ab6645f21f4,1017bbbba643ed463938b351b340ccc8b2adea72581f2556ab0aef3ad5fbda08
5169801cfd8a476a8891ecd9d0bbce8c,eda4f3c142237a0c655f79cc56e68f74b507e2559e57d7d614387df92e0e696e
5304988ef20143ada6e7fd28e6eb33b9,2e1a6981e54b031a2785b1a258f105600caf1bb5bf555550a120c8d1029b276e
1e62691c1bba44ada7413bf1d706227f,f39de2183d311e90a52b3377c2dd4f1b888a1eb68f7f48ae5661d156ba9781ac
314202ca0a6f41e5a04d64bba21b78b4,7e643593ea460dd3a59aaa0a66855be041d6ab212d7218e63dd3ad4366eb06f9
18aca5e7fb6a44bab1c7ddb943896e60,1688e07b64d5207da9dd499fd6b3a15f3cd2ec10618851e53ce6abe38a1a91c1
ba4707bff0464126a30ad7f7bc584e97,307638baa0558469eda2623cd79f6416b7b25c0617f0a79d31844590ec2ba277
8e546ff674ee488f8606cbcb65e0f443,97e34adeee650347a55440b52c95136366f3353d65895f37e9b3ee9a8c74276b
f05f19313b534ec0b0f406f0db55ddc0,322b50af06e5869d1276ded24026b4eca7ff3414c60d46153cd8e4864acd0104
8c23001680a346a882645a0bcebb4ab4,06ef5a5dedc0fe8c3d65be8f222fd1d625cbf022c5216cbe9ac439b366282918
f714562faab342219491e7cf4d02fdae,3b01187c54866f3c6c2086ed04e44e5c4b9648e81401777ec0ddff7d27fe6ff1
086c8add949b4d2cab32cc353a1fc523,1c422a7047a54b6e71f55300f20ee9b64ce1b0f9ee15d127f563cafffbb3c480
a2576ca01a35400d944952f43a4b47f7,da0ab264fd859529b0346a1abe4681785c02ccf4d4c82fe542a71e0f20cdede1
ba8c64593c894d63a19cdb8c6c842dbb,d7f781d5cfc68ce82012a06bba4f07b82709ac19a6a1c20f16ede3a142927665
b56a4460458c43e0b3253c9ac5c07eb4,a9085f688339367d93dc98113a9290f9b6263c5db4fca367eff630e38bf98fcc
2f20937477564adbbdd4946ceffb6ac2,76ac7fd3b585b59dd2d186900b86b20837ab138248a6b47aa216ecd3e7359bc2
face7a686d2641179e81f3e8f90b505a,3136d6878877e22c335473db0a67c3e943b0933e0d910e69a3d921668abcb45f
cae2b4b54718461cb5823f4c92d67bfb,36c68d2267cf88402f46d5c5950148f8a966ae44fc2403614e02078029d33f8c
6b676f3f7d2c4ec8a371a4760a99cead,6538e89d971345a7c304029865d576d3a18ae10a5665e9470fcbd25f45ca5386
a608898d91fa4487b6bd23ac48ec354e,596dbc45e787bff36aeb0523454a03750f33fc9b7a556ee8bf0370bb02d0599f
0064cd3d114541f89700fef581601d6b,a0e4ffa8c69d65794992967d1f3fd497d076845f452b2d313c920549210e3898
3a4caaed9a91457eb5364b0b44c8ec1c,3d72c937ca75a2a61a35a0da93174bfb23a9dec8b20541065c517cce5af7400c
2ad365e33a5e40359f38978fdf090ee9,717713f519441f95dab9939840f364525ec1ac152ed1a62e3c28b8f6c2027349
66074de216424bb8833e5ab63d9d7c5e,ad7514db6b0cdb9a3d6d0b4138a5f11e7cdedc993a81d2b4902f70c7bdb12568
e7f2a8471d0a4ac3aa49d6b4bce08d5a,6dcb6d5151ab634ea36771805b478f059c96e13a744f9995066d30be4c4c777b
1e642820747047c49017a4d52f906584,39911856e7faa9aef796ee560976265008fe23da9ab33ab95a3cb7d178a26e4c
2899b9f198c549db8d22cef2a2308a27,a5584e55030eec52e90a59afbcbf01dcb5b5d606bfe03b35cba412f0f1fea6b7
5105e24106ab4520b22ab66e21bb2a9f,9b5da7bb03769cd177b69a1b39a923aa12199bee44f5b97b8980681d69bc9f44
424d477c3a364ac99ad24a1c67120846,82bfa08b74fc19a6792db71fba81359439ddb68d3e4be796f3314edfbb9753df
2f0916669f7e422cbcfbbc702168b370,06b612c1d0596e1506e2e9b8b7dcadc1d9733fdc1e0ef21ec8c36b3201c92d2a
d1a71ac1c628497db261dd16c8f3071e,f50c0fbe597a95bf05f7d3fbe651f212a710eb90bb1309903639cde2d19b300e
9e4081199f05417f908683f639f6dce6,7d4ef479e8b8c73b6cf02ff54db27546f2bbfe20fda39e48c1fea6f525accee3
328008c27bd844998ac769a4239b7a98,527099b1015d4f90d9d99b28c3b2b800faa3f98c8a927c96dfaafe53ba08c199
62e47354ab1c4de69a6f6633531ae8a6,6df1e6abbcc857a3acc9f0c5c85c5c8b6a1be00e823a54ae85b353e0baa8b62b
0201151fd44a4106ba84436cb2790141,3331e7f8178268a9ba72f91984fb6a9b3700291e221311c2bc5a1bade33ac95f
16fdc77e94fa44eb8b5ff60199c18e6b,318ac0343113db2d9d7f5beb61d31df454aff016d125531852b12c3bfad7e182
7cfb98682e9a4a40ab56246b9a9b4b64,186ab1ca4f65048288e948573596e77f8dd2b29026b9e16d7504d0042d07a1ef
b505208543a8437dbab17b03607c1b00,3dda46119ec79b44f33d65db0889c66107b2db994e32cfc49b721ef2f235fa83
66700dd4856746bf9cb1e468ad97c7ee,fb2e0f330c1690a6c3fc1e1f3ae55faafb38daa90a7b99dc6c8ef56347685870
5618b35a978940c682822c562d6b0fcc,2958877533054cfa69522f5968862fba4f145089a6b84fba26be5b56ace4ba73
826af7b4c165418f8f4de76567168b7c,71664260e122249308f8292802db4215b7d1bbdf932924cc1bde23baecaada7b
747d2b9d1be04e83b8f730421235b549,27c74b52b39cb637e792d506cda647f61a032cd607301acd284ceb12150a02d7
cd436ece7e9f4c47866efe4689649201,dee1bf27b40b4d233e52c97a021bc14c9699bb1f999212a1a94886606c45c345
b977b18977f3410c95a054d79cccb237,6a3e881ac824d871c6a3064027adbe8bfc1c624ad0fde2ea03333f5fa3bdf462
b3ae3edaaf5c4404a33119b6708e16d3,a451055e6688c771f189d22c16c8e1a1b4765949f6284bc4532f2f4ac0b9cb0b
8abfa0df5d7548029473a6d09b903070,5174df08098064bc8f4a7c7dbe5f714d26584c3c05235934722ef297bcc99b9c
15fd085bd5704d99ac70c8d01c37d725,b31b9dd78b6b5069cc41a073651c83c874a1d184cd034499655c54b414d4ff2c
dac0e56c309c4f13af53b833d64d2822,558eaf5fad5dad7b1f83420fada86949434ad3536d6f50e6f131f2b60585aafe
2004b564aba44974a74e12a645406768,a7175acf3e9954438c19201d8e1ee3c1de16ee8fca75ebeac350a0318f0c16b5
5aff7479f11f47e59a7320cfcc73185c,b5525b7a6ae48ddca9c7f36fd748ee25d7c604efadc994b363319c1f7ce5d18d
3e35f49b864a469ca8a5d7b6070381ee,29aaed5ff6b132f3df5e583eade3b3fd0f1fc96f57552a5ff4470ff48ea3d38c
8793ac4569d84b19b69273503fd0d291,1e2a8d8c2b8de3cdda49385c435cac5e7beb2a37fe7c7551393bddecb6d2795c
3a22964034e448529437a9c3d0e06094,b542266f236b85716fb9c7c4289b09c18ab352b19957b0e115e4976378352af3
e4280c22ccff485f93248d7c69dbe3a2,3a8b57e3e98fbcea8d7fe0cb3b16f17862b37c8f8384f29d3a197ff6e3513f8d
917e286f83484e0f8100b6b828c8e4c9,e3f55e66f762f8f31c175a7a9fe91a6dd428a34b2107c05bb85278d9a5ee5577
6ad0dcb6e5bf4870a534921dc898a2cb,1e1ca759ac048415be64d07d3d50ea0a71a28b0f26d78082d5b38ec2d9d476a0
34ec62b7369f4206a56292cf2718d715,300020cc1fd19e0761d2df2918596448737f0b5536b1e98b03d025f973655bc4
4b61f6975a7e45b0af20875149015808,110f6dcc93c43b4d7790d9332f7bd1713546bb27864d4e239dfbbaa5f2f5be05
7686f80cd0d045d9a01d8fdc4abcc1e3,eb86e3c558a40684152adb755aa604c0dcc77059802c88f77dc973d6142c4bec
1074857b5ac74ace88b0dd79d3814b5a,63d1623a0b220713f898036cb7d935240c5751d720f8a898846d9e523462f484
8e55bf04c8b1443eaaa35663f2801cbd,9500ad1a25835ab3c7e92724b648d6d4255e8c240de8a30b6ab149a6036b9d32
5e7b79cb4cae4e3c9c83b4060c3b2daf,2e2b1aa312abbed4ce2acf7b68baa52ed476aba58ec8ac2e4ed4995d4338a610
9466213cc1dc4e4fbba8444785eadbd0,f6004ee0d6c9b29c0a8174e0525afaa1b8a3b1e5fe3644af193e38e3df94ed49
6af73d07e342454fbc69bb45953666a3,7c6945769deda59cb6cade1676e6316882b23db2b1f48ca50a30693b7da08336
ede68417306341caadfcf08047d66053,13c62a2cee19e3b0f605e5f2ff8b9d919e1bb2aff3f357da1ebcaa8639e5d98e
207580818f9e4128b2035bc58b4c0d13,0dc02fd3e624f06823718dd89a21fecf61e01b78e311d9566f028ecad6578b29
53b2d85ba0224fb7b63cde02b925df02,9823ac15b9c92c039db19abd48fd1e5f6c4d7d65f9fbc73caff5774f4c993668
16b74b8e32b94eb398a05d8f945c8a99,7fdefb996e1b75b5b3834d05821aed9603ec218ab961b26b0eb6e2f6a108db77
dd103d7c29374be9a6730c6a17b05119,7a0d5cfe63daa6d07e0cebbe23e5139c24a81fb025fc676c3a377781e74a52d4
3de3d2e88e4b4f9b97db5790769e2f9f,09f39ce8c8d0e64232e0247192213e0f3bf86dad538119cb86ca484326d3da4a
9e4c1189cef14050b6b788e708d6e1e9,48d1c326ed5a9b2768bb6c0c8292461018cf5b0fb1afd1c004fc6229409b3732
559d59f83ec6493e89816d7d3755d63d,ad122e56fbc3b90f36786665af8f778d981a8d8220ff1b38eb7d74816021d617
5896087863104fc5a4f099ab79eb8f1e,f4f81c41277916ab88f66a66c40006f6dacf6acb27135efe424a4d69361fe3fc
78b7de2cdce648e4998581e08dee05f7,f418ef68940d6971012868907f35a202f443423095391485b763d46e952c3a5d
2010dcec798c4376aff2981c32334fde,455db492b05877f12cd43a8af4de8a278661837b42af9caf8bb1817d9004de8e
ddf0bb9dedf741a28369f8b3383e822f,219e44c2a3d784d0e10b5ca0d9b9a73eb4dde0dee1cc9f4ad0974c83142ad0ab
7f569d6e87604f4696053c3229511556,3ffd21316216b3f24093ee50a167c43604d56659ee7de289210d819e0e525b3a
5dd0471702a74b8cb09cbb003170e010,27119fc2183a45627e0540b5441243775f4ec4991354d878657f846260edc118
0280f62345a14a4abb80239bfe9e814d,89fee550a179d8c2ec0432ef3274ec69ada3d4022a99185c4c4fdb7611e97481
e5340c5f957c434a8c6e5bc198fb6e1f,53cdd147ed6901d0c121d5431073c19bbaf6acb2a444bf559555b0a83e4a3334
5898c809bd094613b8868cab8bb7dbcc,aa67ef66bff11f644a11ed24d0ac58f905bdad6691fddce16f5d06bc324b37ad
4fa23533af5d4aee9feb2c93ea201b6d,feced2c52c581a5765d7551a6b538d1f236c8b337cb66907bc0337099d6cef1d
fccbaadf97a045dabd93414f4c4b98cf,ede952574c6ef4d12bcbb3f613015cb99cddede868ce50ed35ed11b98981ab0b
d91ea7deef994c46b7588bcd69db423b,d0d0caa5a0c89092480bad6cc3d5629daf9c4479633adaff4c9cecef8a0c2082
20da7ee8ec3b40c49ad8f987429d28e6,e629e436226decbebd9c3aa6ee1f55b0c22729c1092a435ae8b2c74cdc861f13
8b003f3aa5b44f6f83d542de438307ba,b8cfdc4031cde3c5e6c9c0498dedd65999b469449074bb6e929b1fc0600d4b12
e5f899719080479ea6cfb9fa4d1668fd,aa95361a7eae077117107ba9433d5db1293ca598f7ab03a6aef7c0ab427e9317
b4599821113d4526a523a45def30cfff,a189e809631b5fa419ad07788bad9500d42694cdac89b7fbbe4b71a989596d4f
4eccb4fab5364fe69d13b76c01a10dc5,92d2d78431f8c56b2cf88d357d4c7db6f5a7fa8bb7cc575a213c94f8e0f03fdc
cf7ab9e384be4370a9cdc86b53954d2e,7917d6fdba8046cd8a93c895a26793a594eb132050fbdc18ea24a33327be3629
0d654e73a8e34d7ba76bf8643dfff4ec,87107afd260f9ea749bc4e27fd7034b5e314e714ea3bd9e6e2e1ca06eb6ef2e4
8526f4ec65114c228cf5ab5fcc58f41e,0b711d0d737845b6dcae0b4ef123a480a8d2d4f6e98b73fd242c640997bd64a3
c3961e8dc2f243469a1830c1d883a587,e80c914255afce3e7728f67072fe85cddb42cdffd358be2d767a3ee77909ffaf
af9222e2a39f448dbf57c89889b1d44c,0185d0d0586b2fc1fd90c12e26c4bb3b8e1eb47a2d1c109ce3cae76454d07694
03a632d1e1244aee8f99642db094c78f,859a431bd26d7496074ef7dd32263fab85fe08c7b99e57c85aa8dd99fb16ae24
a14d844260f945f7b2b531b62935ce95,68b46c01790db56d3d9ce351247c3fc79ae3bac47077ac49c8cdb068c1e41973
3bb81b7baf4f48dfbf3fb36989a35cc1,35459183b65bb09a1bac93b833d47dc1bfba2af5856ce919620531b2487ca11f
acddd802db9a4051afac6e0623626971,4511ab5b8928b4d539bcb4889a897debefc361525e182ef1a9e9ffacd3dea741
e00aee0b58df4fa7a6c2a90ff579deb6,85b28775e5c193f5c847efbc3ad11a6d065a8fe9418f1c53abdd7c7eb50a7ebc
ef13fb6a77854aaa8a3c6d8599bc2689,31dc7dc17ea4d0aef6a6f2e98c7a60ee1233c8a17fe2d0fd622a30f2e1abe86d
7aa1f03d10f14b74b59b9d980b0fdb82,28a5c65f49459efe32e5043ed824cb7fc7a04ed27ad500a5d7efe5abb0d1764b
04ef6a5f354c45bfa294d24477cab1bd,769ce0289e49a0cae1a93293b94d00db46e01a83734ca2b28f50de2cc37eeb10
cb55cb301b274e6db5d0f0af6f34613b,58f79ab3fcc6ef7db082c4ffd05124187ee9facdd72d8004b1501c3b3ae040b8
0c80c2bcc6df4d63b99067811dbc9aae,783f4123f6d47760ba1d3f6dbdfa9a2f2bf97e33d49aed80ab16f58d4510b8e2
2d50684cf9ec4d66891b2e5f847d44ff,c78bc70e2d29738f53ffb0b34ffc49a4cb32d4567615717ec39fce29eec7f68a
166f879af51e419a95df370e29a8c195,a00f9879d1fa59cf88584ae978be19f313135f4dfebf92da803ca1d4dc4af18d
20a11bb9443f4814a29a8df4bb153d83,4c4015a77fa404593e3d8e6eb11321f95019c6cfcb97d1008836b674b1ded522
8a17a73a25854849b08ef983a9f0c246,b7beb7a4ca9097fe095eea9fa9657bea17b2a017468fd54e4a7a35da49aa4f26
166893beb94f4764a8da92a72bd91f05,8c7e73a278080dcd1b869bf96bad3ee87e0339034ef39688fff751f092277f98
d9b7050da26b4ea7836a5e32d76b12fe,2511c61c13c09009460d1fa173c7407e04a0f33ad47bd5b5324b511ed17b95f4
4dfc518462b04faab78b6764b2099b87,56191d6e6077fe000174687ba3b6f703c9d24914d6f81e518f45cfd0e2aaa15c
c5e0200388aa46749d0a2dfdbe1f9411,eb53b4dec0a89df66ac410c6ea90af11d23a34cbe6b41f636058f1f82359697a
ff31c5ba0a2c4fadb2a773f9538a8f44,32cb682cc875b3383e9715f032a676678dd2d4aa97d81e2c7b980e890037d26a
fa440a9ca51f4c9e9e52177a99dc5e76,da0fe454f8e871bb8c26d8ec9c0bc9bfdbf0ad41d6895cbbb1be25d128e1b59f
2d0c61e9d4e6475fbf2377b8d622cd73,f833ca9e420ac433a24c7c8c5be6c933d845feb58b75d39a0155ba7743742249
3c04152a1c574eaebb2ee13309531771,41a91d5e90be9cf61b71d7dac24b78480d284b68c6f6f50ea10d32af45206076
09c948f1a9f34701bab6c3c87df6de91,6e3969d0894d6094b1f6e6a725432e8fcfbac6c7ad805189b7b6080cfe4b054b
214b3a92784e4840b28ce58b5c8392ca,a05c0116367714807db0748da9e696074d2a36e70d3932d6785e665f9ae2c27a
4307f35ece814a41bca82de2a81d3adf,8f144fbdd4fca7c5a64672008e6cde60b2117390b7ad6f9f92230e883658435e
7de575aa11d947c9b3ff697dfe42ee84,e4f7277e378b7594a1a9eeaea4211ffbd25f6c7feeabd331efa2affaeef99b3b
28035856bbe4453ea5f25ecc52b5730b,efd224c9fb2113bebfc7873391fed3e2e12651b4a3fdd60b03657eeccd517320
9a79f084e2ca47d7a96c6616445ba6be,3ae9ee4dd3d9cfa3ca4dbc44acbe376e486f2171363aeefe19b891dc341533c2
1181d175814a4353bfb56f5f74f22181,557f5edd48de3c561ca6f08c6a7d66845cd7d8ca449e29fe7ffd552111323ab3
99b30704a7c049a8bede19077675f5ab,7ec01c833b1e9ad7ab1ddf2a7fde1d7f33ab6b0514eb68503dd68421f8eb747e
b65115ef48f54d04bcd59b55f085a13b,1b8f81e91a34b884eb3e845ffb1d284f76d8d80111387bee11185471cb9d8966
40b59023f6e34503b012c878ccc5a109,d2bb7d1ed1b766a0a82ef3f6061bce32087bbf875d8aaa2d04bfd4a17f27b1d6
1f48a3c312214b4396af05a3cd0ad394,7c82432ecca4e658f6a1226ed50a28f5537c0f001b6b660474c706c6542295c8
816251c61bcc4bfb8c8335c0cf6c0603,9cead39b0fddf471e7a90c01e5e56a68d6194641492d2433cd1256afecedf827
eb613438883a45a8b623a2088f973873,c5f1e9deaaf0990a986251f091eafc345783e74161abf7b3422b19883b98ec87
3a254c4d42994082bd0c6df98aeb21bc,19b5753208cd6a518db6251375d9c23af1146a66569630cc262a2136787deb97
0d10b7d107c5474eb6dedf7555d3a151,aea8f9921b84fe312b71ea38237d58899847445f2080db577fbe9d4be94fbdba
f07c1b7d9cc4479cb40136082ec3fabe,b9bcd9f6471dee1379ba79dac44732d6d2ebb32072477687006939497b0bd716
25f635ad8d3c42c7afe4124c782d1213,d0401a8ea0c764b335f34bf609f434d4a872fd24e836b0f549e500c05fe7f43b
b4541a4b4f524988a387394214615e34,95dc5b14ca0c0c61998d364edbddbef2c330d2c067e30668a5ba5f243397a170
5c4100f38c694654b2805057e7c0f857,ae9eed010007b2710ead589fade67aa23f1c81cbee81a0860c6ed64096780476
ccadc993aa7a462398579a94e081101a,033f73352db3538d6622330fb9703112fd8523670275e66036c26e569f2dd315
a85bc360a2fe487c9af87171ec9250cf,bd9851253b58867ba978bb6b23d8dac58cd0cf6f35fbe2f22aa5e7b63d299d6f
caf5155ed41240418bc84cd658f23092,558df5323f081d8b6dd1eba32c24c8abb27d7862a2e6561e82087106a6910eb5
45229d1874cd4ba294115bdcf3652cdf,7d3c2f3ed231eb5142a3066a4ee5a576561eb5793e514e327a0695ec40a104f6
ca3c91eb28aa4104bfb0d79f593a24d7,07c6d823230e76d0ca2145535c379ba6b9b58e7caf563ccd1f2e22d6283cad82
281729dc7fa24732ad03f6de6b41a8fb,7bcaea33b03af4cdc451615991be290b2cbdaa3e942ffc51f4bb4d8fef82f993
fea1b018396241c58718d641bc48fc42,5bebdd8a0934020bb7e1f1e70f18566c6fd9dd544404c7519cb4f3258011612e
12188fce680c477c8e7988597af3f595,5281cc910994f3f4dc560c0cce1b041465daaeed98237a4cb0e7dc58fdc66663
a401bd06bcd94f09853257f6a4061258,298decca2a7a0a65c01ef8b88a28fc2348a87d985454114d240fee7aaaf1f409
fbdc137a678e497aac0c8c45f53b22b3,05baa80c8dea64a9fa70e89ead47433d80ac4b20ae9d7007b93d7c7dec9c6cc5
c2cf5b19f1494f07b3781c8f51dea548,9f1e060349b36698dd67db81b3a5df9a3e2e1de62edee5bb359f726f15a35d1c
e760b32f23524c6da7fd0f75a3ce5acf,1d17842059e76719122cf9c4fd67b445b95b05315a90196cf5e98b6ca22819bb
2932170c4d174f538f2ad8aed14f0339,f84c95d7d23eafa960c3bf85cc1b350e420f7434f73a4c8a1799a77258e4e0b5
faa99d1d0cf04b5f9b0a691e15fcab29,27fb29ee56b91c50c232c57589cf46a3d18db6ced5efea348fa7a111ded4465b
75464fca7579454fb430d38636410565,8bd62314b28410adfbcb8cd1d3923fba4bb0995afb28f58072c1ee0398f73eed
6fbcf2cd68574ebe8939472729ff0e7a,cfb331691c60af9b62b6509410a1965c8efbe7e93dc237106c41b4a13d175857
bcd4698670b04b0b8c50fa4e2b9764c8,9928bc8a252b31c858ba46c34bb8457327a68f3fb718624d9e1f067bf40d5797
61052121e28249fc821c368383f0b971,4fc894102bf28d91d4b95cb79398043a05d144c05e991667724a70ab7ce3e22c
6291f347b303442eb03fec770cae6c5f,59436fa09165aae375fbb99437984d9f24a2600908396c286651245d8c21a0a5
a5c5e438db374738934f783a92ec0df6,b56c34f3f7dbc6f8874498ad9d9aa1639bb2a12248b191fec2486e3e75588640
7aa77c2681304c1498f1b394e3b50f2c,d211df9571f3d8c89ef6be4a0f60160741ab79e7ad70dc99fae65cd3744c228c
970d1fd0e22b49cc81b4cf340d5b687f,3b5855dcc16cf256b58745cc874bf9871049e19200ee21b1378193d990d6b244
7fdeddf52bb54a06a3c6695145d0c00e,fe7caddb621e48382933f0e3231f45278bb1eaaaeef0731e3182e1428c1a44b3
322726fe234c4ca1a32534fead50f813,a08ca806c5593d8a3f984e7d6ba382ea3e75f910cfd647e9723c47facd4e1f50
de72885990ce4ea99e79eead92c4a223,7de8133430f6735e71fb1b2fc245aae3b646cb7af04149e91998e876aa586f93
6d16ed542e644921866039af0454291e,65bdfe07747135e163bb1189aba62a539155461b2117dfce55b252cdcd03f976
650a58f2ae044feeb538f242efb9c117,f7e677303983ccef0a8091efad1f2befb4cc21bc0da982347da5de18235194cf
281645c658bb4181be66a50fb3b106a3,83692d2e2b577af97a04dc0569bf3d680c738bcb1b877722b1be42b0d38fd7b5
0a602e4ba9f94f51b046a1cbe7add527,e0d0ec31624f3ec40a310b57050db734da222c394145f1cd4b86be8b5b1716d8
e5a71673daee49a6bfac880dc2d678b7,cc6267d7404aa3a8d0608620fec3b46887d9de3b0b8beed269cc4f2549fab2ed
fbf43740de5942dc9c08caf0a6b3d804,2641bf7a9fc1030b012141d2985f26ceb037cc05b9f2ec73e4a448aed56f7272
f05890cd3ea5470daeb377e47602f07a,513cdcaf6aaa69b5db7dfbf759db3ca5beb4ea088fe3f1554bd9478faa7bf250
18bb06e17d204dbaad7c53526c0fee8e,b40a8690b2b633473dbfc75412b9dec1ff5e067ae119f0719b50b400b758894c
e0a0b00f6f1a4394a6ffa23ad11cd525,1ba19dbc00b0dc081ba187498576b756f57efbcce7033b593e98f8ea5f7df4af
4abe30c6e8884ae68b4708ef737a9e15,9b29991974ccf211a2f66386e7d754ca812a8f0e6ac77a3a189965aa83a04848
96b94496571b4fd0b4524819f34cbc1f,cba66e9f078dc3dd4e2c53bffcf1779b5feaa34aa9d07c6003b709e5c5a2e7bd
8420fedfde704458916d955334ff4b91,5e1ad9c16c9375aeb384bb38dde2f423181dec6141aaf7e2220011bc67b979b9
93c513ffbb9c4f078f2cfb461d6e26e0,331f3a7fc3a22d1c4673427a1e9bc908e5663c9cc8b6ba795a2b263460c4dbb8
d1eeee31ccd4471b82c70312e1196f8b,2f537ddafb8cb3e35bfaa8c298e058fe814a5b9307aaaa049f5e1e6ca7325d9c
90327595e3334d69a31a0798f4e0125b,1ea71120d5912e86818c75aa873cc18a3cb9ff04d1733a8182b739a656bb9411
5315a5fb0de9400c80a8a0267e50b4c8,4b8bfa4c973b59f2a8ea8f7a36c8cb7f2519b58169857f2395ce4540205375b3
16769eb54c8e492b83b74db044dd3339,ecc2bd35689243ef1ac136124df84324feea8e8f90719dd179e28949cb5210c5
25306f0dd498411b8e19523237a9dc6d,7d191f92a49234af609491ffc45e55b904e620478091879fcfc3dc586587de5e
bfd6a54536d149bd945eaad4341336c8,f3a73a5e7a8ea5c47cea8ed8f8f41bbb8456be9219ccb3cc127039b0ab581314
63716c7ec25a4e7c8ab5781f385e5cdd,e3ad5fae4ca5a7dcba02b47640686864dd025485e1dddb200033cb526db3030d
98751fbec65f4c24b1da850611aace9e,bb68d45ccbddd3a70a30a0949449fbd758bb8b10ee4dd53e0d10fc31f13ee7fe
5a00cd4066894f529d5144a5454165c1,23472611601e65e211f71a3c5faab65d32c7964ff32b88f59315790dfd10a72a
06154d34c47045e5a3b62df5d4e58b7b,7c7a3fc36c27f38774bf61b962db729a05401f5a81e83f5f6a607403b7d5ddfb
c5b0d5c30db845e7bc0a2769067cf495,38cae6a2b769683e026130398f50f22491050521657384ec335554eddeae9dbd
f08587d1840847cdb86f54bad983ef17,09f59308c9c4134c8dbb4619f5a56c7b7960907eae022cdd7e372f75d5fc2905
e291175b5b484dedb43e87e43429b625,495a5bc8e077b375147e77d2e7748aa562389057aae04ea068bd54b72ed1ee4c
13454a0c50f54cbcab59c464b9f61001,08f804baef2a8638f490a55522f1030c08a473b6b1cbc27370b8cd1fc7dd3e9b
87867eb93c124d9a986caecd2f4b3ec1,e3659ade13822f6635d2ed4fdffb4cc1b881982c1881df2d0ad1ef2af909f72e
affe9a20463a43a29eb287d2a465878f,99acd178b094da84478cd050f0c037f08ffa2f1cfce5827bd71a22e4b900d413
1544a11b3bb94ee29efb8a53238e23e1,0ce66757c73f69bda99739d9559c1e214a5b6e86a5d6ae553b53e8ce3f0ea9c6
c81003944f83483bb7ea6aea99225947,75ce14fd0539d286c9871abfa69243b90d608385dc5e7c0643bfd6a6d8371af5
a90ccf1fe66a4504bf3dbd3e4051fbf4,0079967f7945791cbd6d220db223bfed2fad9a14d75677ffc5bc35056aecc630
df247ea3c9344098af627a5a910bcd05,3254f575bb5844029a5d5f1cdfd56a4dedacc21e1dc44430f7df14f4ca3a5906
501cae72f134439b8af338ecf541fc36,684ea60bb06b2d9b863dd8f5ccb85e19696f37135ff4e205c30c7a4941a0d900
02e260f99e514d9c99ba8a32c28876a9,2b8ce86ef76fc6581f7246250d37789438e0d07d4cf53b4703a71fdf6368b3ec
148ac3447ae24e948eaf238b394718af,031a85c8d7810fb4438aa3c84003a1ab06f7188a0aa1a331126d5ba62b8e67de
6ca1b2ecacb44106bd93a6a6c309afcd,434f01c57f938e8feac3db57cbd732387b4c917d428d280613642d433f2d968c
c9e9d221fe2749469d210f716a5bb137,0794e82820aa4a3a8c14a7b93727ec11b81b664ad741dc40b384235a365abf51
b583afddbf144b71b641de3ee435d046,eabcc7c4477082c2e5414ebc6b2eefa204715e4b49fffffc7b64e3fee2d6df36
2b6fc6267ce74a99879513fd44420563,716b1d67fc92cb4621e3736c5030b893f70605659b9298873abe2cb52cd35a3e
07036423a38d4ddfbee61f6fb94330e9,ea184a3d0d2fc829d100769f007e9cdb466ba30feb3bbe8ea59f5398274925ab
8fa768c1d9fd439e934f84e93ae66941,73aab9cb93a25bb36b7c3d96dc34c07c7d4e951e9daebe5f53f95d04c237f4c3
4688fe6293e9432eb28e31280d993164,3ae9065ce3c34c330bfe87755065816ef8d34bcbd4622d6913addf843823ef20
2d75e97908254f8b84ce06e7051272e8,89c2c47fa7a3c12b5a78b7013209d4c78a1c911a89a6893c8ed80d24351af57b
e74696db3a354cb3872a0881942cd959,2bec1a63fca5f859dcbf1d835d359992d2a583d28d953b54783b10ebd72559aa
ba59a8e8c44e466faa07e980c3661603,2b8ab942b5a564b46fed11f37b5c82ace32811d2b3c2f1b5a3fa62be8a3eea53
c56f17d29f3748d29be9db42b140bd58,0468e05c6c885740b889e5ed60af3ef31fa35afac559f40f899e14b2de9d114c
acca9a3ccef44e6da428591ad1aa39c0,e123439f687583ec16b1e627ffa7ba6d364b1ed1a9e23fb93e812adc0731a9b6
818e3086301a41d5a5fe8d13a6a97bfa,7ab0a15c392bb3666cc028bda3efc70a313c4ff9da2c6a892b1efac3053e7e6f
4bd29dc2e5c04af79bc870414a9769eb,8b4ef24e8adf799862ea31c1efff1d8fc8364e3c37964d55ad5eef9d07dab4c9
9d78efed2fa24849a00e2b901f4d48fa,5832d6374580bf21aa9ff72730b6fe03901b7923ec2c8a0a00002bb5bb6a68e7
05e129e10d674a8f9499db40c2e3b4ac,91e6176a13eb1b989d8c44a0319ef43862f20cb6c47c107ffb4e9723c4072756
5e9724c0e60a4d7a8e725789a285dbe4,de43f47dd6e747a99ae83f615a967823584f3ffa721d63273b164e454215160d
d204859d541c493089759f08e923e17b,c8c17eca48dd1680bf45a98a768898d641a41960ee3732df1a7b45d39c4e6173
f53fca07ee184ee1821e38cccc12572d,a00abf8c77e3f9d1ce4e1352c545d18a98f769808e2e3ced33fbba827a488cc5
b66f97c1e5144fdca006dc34a2b0b22d,eb5234148ffb8bf7415fd996de5629961c5dea9a9210ea6fb18d8a6223bd2541
0b2c0c9f076040ba837bd28e621c85d7,fd6a459783cab6de87668625b30533f46123627cc58679a440669c37f93d88d7
688cad31708d4ad98a0edb5e9db0b069,669e3353e73f1154d344209ffa4bda1b5f0e43fc6b2b0f610b45278e45c8707d
e9c7bd363a33475986e176ad2e49e718,0b426701fb537d5cdb02bf54912b52c418fcaea025fad7e330ee697c4c07a3c6
018f3e61da774525a646c9b68153019d,1d62892aa3081f0a411fae218c53ee18e56e89587c4542749e2760e31e30aeb7
ec52d1cd164948a59dad168d9fe95e9a,83c923ea6ee4df363c653c2d87144af46f47fe83d076d7b63999c9088868d66c
2baf1c5e37cc4c0c9cd81f062aec4364,2c360744f7cdf156c8df48568fddf368f0df5482c9db3c9834d01e6bb10a7563
4f180b2816864f9f8b05989214590f40,11364275baec34cf3e464511922b7c25138075073931688740a9cb0c48217452
12655077eff04acaa85c5c8fceb3b7a5,9bec127aed2fa4cad48286a5dcd10ffd05c036e7c4917dbc582845a5f7e7f1be
28db6ae359724fd981268e13cbe5d15d,d8e141dc6c32b21ff0eea3ffa12aea9e2c90b10f674adebe258673e199fdcb5b
cdcbac5861a44a70a16aab486f23ab76,f585ef64804de714c4b794e99745c8ed6ebd7d3703c1c91154f091456c02bcc5
114dde0631f54723b80d85ad03936c5e,0f38659e52c189601e373f36cb5ea31f31a62e8b9303c157be95ac0827d18008
b5c34bb4b5764166b33bcb5e59c03d5c,3519a38baeb48a78f6ea3398f49cd5f9bae6a66693ebb656489563041712cb2c
2b227124385f451884a843ca6c67c31f,737ca70b90241817d9e0bb9f2930fd32950fb10ceb9f9981b8324cb115612c35
ef14a5269bef489d83f0fce92764a62e,285857dff282f664a535c8adaeeb8b14fd8c168a73d93cecafe9476aa5b71aaf
7f389c3820204865b84c120ffd2c7e58,f021dae09beb9fbdb99e0109737fece2874747b005c5314e9f0a1167d6203a09
16c647a9fa2e4dc685b4c577ecfd2148,235243172f41fa718f3ad6eface8285cd101357739ddd35a8d8c5110627090fe
d5b3163a125048eda9b5cf98d4497d24,96af32a00bcdc4e1b8a0cc8fb57f0943bd7144fbb7bc8147df08713efbe88b21
ea4e1a87f2e945edb6aabac46b40f84a,b18a73dff6539ecf8dd665d4686a05398ac8ec756264d2efb472d2702a375f94
e209abbb0e4248438ce36f7fb6501edc,ec75d9db1c948449eec60600a0ba650a247181881903bd2d5733f4a3ef64e0e1
c311e3ec94f9411b9cb8caa7bc411cc2,3da32b62ca1fd7f97297f306c80e26ec115e1f7bb82e172087ba7d1f8eef2d7c
71f56800019a47029769fed43e6afb09,9f83c641e51fe0f7f4627b92922e92be7597bc3ea071a615da2429986e8e60ee
603305ff9da0492c81474ef38f933c89,1de1f3c3d4bded4f7208d6444e1dc6200bb540481bc8c5164989bf513cca6b8c
228118e9342b45fdadbfea3617261279,2815017b482450ae638f8d0e297322a53f96ee91d3d1edfe7f697934e2d9b578
053c08d059c74749b03a11e31486ffc7,dd010d654e3344a8017dc8a4fc05abfc27eb8e092100a6faba91438da69e601b
abe0a9789abd4d918441129aac2f887e,9df073a8706b01fef092976f0c755a2305475e8be6c85c9a80122120b20c8d0e
9a8d8c7499b54212acde95398a0e0038,0aa2fd15619ed9b9546ec362655b2880c9cc55a37ccfe4c4f1369e8becb38a46
97a7d5ffa35e4ef3808c6ed32b68842b,9c68301d9774d7ffc2891a57230adeeaed3fd20b35e2fbe8ee246265433f8452
7b9d16225a2e4dea9d25be029cc44186,bb852e46dc55f83a00161b9121706d7e79e2faf0c7a2b6cc0983c236344d74d7
9b102683fe3846f884479164d8169398,0990af279ef21c992696804457152d739fa251b481c4b72ad1d0757166de32d8
e2f32c29f3fb42aa9d059a3ca3726a51,518f2742736ec3f8240d51642ebcbfcb3ebe9dab0e6f5caf462377157c67fd81
f013b8ec33384955b4c0cec92df95559,9ac66995ca354aded69d7401052caa80b0bb496b6e17745c9e4ab0098d6c5194
c90f7190f7f346a39c90f3eab2ccf54f,212edd210e169ad300345ba19afc641f80458fda4ebc0d501f2d43611aed4218
ef0d83931ce14f9d99653ae076e37d16,38f66e03f5feefb34b8c101227ceeecdac6818bb47d0ab6e0e328ddbb70880ca
6143c1912b8e4db99d33a199f52c9542,e62b25482479c76e8447efa2d6d1ab0eb0c096d6c66bcc50d37de548977a8b19
517338bdae274dff9ad215ac6bd76994,d4728413ef870d143e0587df3876f34c049317fb07b8931279812a70f8cc225b
775d5b5af6ea487b94b0bb6ce49bdcc0,e1c09682c36f3c7816310280cef8b40731e13ff72b8f439694a99349cb0d3878
d07e78533ca94d099ccb019a8ae334b6,27e2ddf93fc9ca12c41735a2f813c5646e3b83435956528ba59c7d4ea89842cc
36f798cb8b5e4f5683f2e2eb78de4ba5,0346b45b5a51767c12b2315aa9242b40a101aea6973c351df5cca3a8f6b3286a
45ba4b5c79f24b538950519868fe0d01,a3da02e87c4afe741da7070802cb564109e521d9284691bdc93b42f96095ac2a
80bedd74baa44a8daa2d4afa02e30ce0,827eb3112e146bd6121db14a988d8dce8b4821a8fd50e7db6fb9e28be09f563c
bff99210809e41b888be76555ddd3a60,bafdc840959a4115377e26e3829869947451fc8947bfbdbf23f896c0a251cb22
b36506ba40314c9eb54839bc0835c1d9,20edece71e891889103e29e75bce5ee56490b7d44df78753a1dfeccbf29a2005
4ad13c010a5245bd943c39f5e48e6595,407f65db7d184ad1a2a51744dbba49e13930543e0953482f086420b4d6083e95
6533f937aa35403e9e241e3e53b1fbbb,d5608e0fb97949f7b67619650764c701368302992a8f868d528715f7a6b443bf
0a1679929ac24b9d833088867e865b57,0c6f2747cff5a01234c30b70b289cb41effdd4d3597215469302bd0416885362
e052b883593f4462ae3b2348276d44ee,6c8d9f16c69580181032991cacf1d76c8919ac9dd2a592cd624b0e337141d731
dcec8d9c13ee46b19d2dc778296d2c1d,3fb5b35a7e8d354c57fff3575f1e5be7173361ae04d6174c5c29df206d3c25b3
b03d6967c08e4163ad03931ae4100543,a02e71586b3d40e919e7f97c652aa8e18506094c6665976440d72d323854e634
895117f4f9db4f7aa472c2e8a654eb06,b0e1e6cd4fb4948accbac6d0a6ddeddef1833a0c396b2a391914b81aa202167a
fed2a28890e54b688d68fb07c6224422,e675cd2c76d2e762129f086ff26cde5daa16a19de5e614a59cd98e5d6bcea662
bb5072be8653439295212bcfb0e08ede,c2e0c633674251d7b520a4214be333ec618cea95d60d0efd308ce15a92d9b337
59e2feecceb343ff9f256cf26be3d604,26c890ddd071c05d5731f9afccb5028936f7f0419048d9b96281a71e43984b54
ff6f2aeda61c4ec585877c84e3240ecb,415f5ea5b434f12917f27f30cf8d1d1297ebfda873c04a051dec15f063bc448b
69ede8c22d1c4b259a5d29be95776def,be45738e67d048d68127da7d0c79e7953b8217c42921bcc8b88d1c04219f852a
22c7d77bd05d459b822b4814f589b712,729aea312b7ea3bce5b89124be0d04fc98d321547237afb544f29ca5b200d4e8
39993a101c114bd387fdd97dcb0bab58,0f3b6958b867e658dc6d1375e38b2c7b19ea8a3b9452bfb6103f476c0765035d
5a0f74379476469089dfcb32896621f6,d096ffacc8985bef43b2d4551095c69775160d2eb803e22d68fb4c4ea12ff427
9ffd0d882c3745d8a220be829eb44db4,784bee5d6e24741f66cce254cff3e3f09ac49b997eb8185c70a147615062a87a
56bddd5b155246208b5381e2fd88b3e6,e077adb739bf6f04ef9b14b8cb683408761d951340c35216ee65aaa08ad333c9
23a2548bb1e94145a76a9883b25f014c,8a04cf0eb61dacfdd2d2fe3802d142ddd7dd2fdabd973a41f53f945c6b9cc1e0
98b58d0b677042b8b5f392eefc7cdf78,ed6b8817b0c881223876731cdb4c8c2694253221e208f0394ea9f226f305e75e
05f536ba7ae74b6f92ed7e20fb702b24,f639291bfea24074fba869ff9f5684a85328767349887c39ab71d03870b8c8cc
c4f7876d2f74427c9dce020f9880da29,fe65a898ca17d9f5d04803257312aaedeed4615e77c27c3134135104cd7909c1
028396a16bcc4a04933aeb34cdf6b606,3e582f9bfbefc8032caba8e1e912b3d41762b14c3aca36996365d5e706238c52
2007164908ca4e8ba26fb97985876360,6d8ab523bd644f85027a9120e025cc02fe81b471eacc7d4eb83d2e6fe2dd01de
15679e8bbdd64c4ab5911a67ac5f0f2d,dd5a6f4a15feb9c8edf3e566165c3cb1b19fe3bc7896a9261b49a02428c58f3d
858722f2f85a4ba0af5a74ca3aa52f5a,466b909a447d5464467c6f48981f0b5a93117de70cbd06aefc8455d7abffeacd
3b54bce386184e6a891f719cec65280d,091045f472de753322ce8c9648dbd00b8c80bb222c224ec80e8bdc52c6f7d509
56a46066f4bf4a50b587af6529a922f7,a4b7a682fff8eae46ca1bd5d206e1c28a15d215084e3ef809e7ecb4b17cb38de
9867877bb63d46568ec0eef8a88ec54e,a4ff689646707741733eb227b5f77bcd50da1eceb9d948f52080c56b832877fc
d0b53872f95849848bdc8c7be3583a99,96f069ff87d4d2c009e890d1bc136d1c9982a16c957dac493195299713c14f1a
42384fb81cf44c439f62dcb759274056,b926660bda39143e311c8cf1053ce57189e2104b07207506ff462f0e2559f3a0
a58a1d3f58b544d78795a9f75c7c8924,f45d25a92a35878ac2b656b3843dbbbc11ab10bbd399ab033f00c3f2403e616d
b009dc5ab7194bda85254b85d272bbb0,6a292c7605080bccf0e7d83019f02762ac191d4dd42260927d796f872d00f7a2
7c67c2fc8f2a44ffb85100e6bf72a898,efc44543afa3a15dd114c25ccf60fc534e014551f7227ed8337fb11f2d856f8f
cb6036de7d30488ca9a9c8d4c71f6bb8,64d43d11e871121c5a7724a8574a862da438b5cb90e4a8ed136a36521ce8ca98
b597ee9b2cd142748d2ba0b83309ba5d,11c9a2b879abd1d0c17316a13b294a4828facf2462f0a19f6edeb5d2166fd5e8
37e237491aed4d0082cbd2e619045453,47e508837cb002715739617d60af275c91907231ead4502ba9b81acb9b6397b8
b374942d277d40b48bffe419cf520e0b,0479b8ccc9d35d64501576e94c0f75c63b6509e453cfc84473168912080166eb
961aa1fb5e0040749c0985effa56d8f3,cf967684ca0c5b518ada910b445de401e8da38c453c397861d45f2cdee1b0188
c81e949d00d6435fa442ea70275f667f,583a01b57d8842bdfd70c90f7f019b67fe1f3f54cdace6604261781bbc821cbe
84fca8d67e9e4449a948d867f95f48fb,1c2aceddabe64566cb4e352a5b0c0a0ccc6ac09b7c8e648cc72a5d5ca9091606
b6d6c23942654897a342ff657f5fd12d,a18c85ca06c93052afdfe84b123410aee62bbbdac6569415a8c75e7043242518
de9942ccb1f44696a53388c469da6239,09efb0c991c6c36803c5fa8fa7b2c9655fe96f45d0a4dee433e3b4f010f0bbf1
5b299d5e88b4476f969f350a7c19a1c1,5a05ea2313aec4cd602d64e4b7ff33ca55ac4e7d9619f6dd6347aae58dffdca5
d5fa68f4f317456f8d06620b269bc550,3d6e028c72fb97c3ca66ae9b345b73b82cb2da74a8f3b1ff2280f4b1c6a40d5a
689cbd9f445748828f08967c38f4289a,acccd3453bd8bb1a806f99ea3d734697ac3414d10630e5a84a7a88ccd3b51631
acf91dd17fea4c4c95b2795f06f926be,088854ff51537b1c7c96fbd6992ab64e7fc0f05dfa7ee336f5c5159b10485375
780448e67405493a8e54049fdd36dffe,8ea042579100fe52b3282517627f27da9a5adf441306e257813675242213d6a1
460535bceff143c5890bf89451a67c31,312c8c10d7a7ef9bea988d556375951d4dec7903558f70ab3b0b59dd4361093b
fb8286246e294c318be24d9d994bebda,6006f5c70e1939e72079f74d8caba7983836666b01fb940092e8a484ce188f0e
7bf899f61f7145f9b1e57667c39be284,3b83fa897c54153a8270c5ee8060b25861867865d686e5b3f93df848d6efb915
7c78755418ff41c7b3d7bba40da43555,ea3c46bd9e16467f6f6c725ba0bda7e63e2317a82ada45d5662d9abe93775988
d176d009b02e429d95af48383870295a,2ef54a212de65be577a03dd8123e9579499fbef89f68136f925274de1b4320dc
a50c637272244120a1e6ee44100048b2,ba0bdd1952f0886b5f83cac6b6a303b05c15dcd59bd567a8020eb63fc46e06ab
48f06bcb9e7745bbab5faf9b6f693929,725160f6c3699e856f3adb0389af18c76f3f6a7fe1dfc3d4557fe78c5c282c16
5c8a6831462d4b7797ac456e44c250b5,ab3ac36047831221afdf394e0113de0fcb75246def763599caf18041e9cb805c
d98effa189904fda8cff09d8ff6ef5fd,2b4dcf394e5b8501feff75364582065db636334a4797774b2e2997c7c0ce26dc
deb4f006e0084019b350432698672c2c,f1bbce25e2425a3bd3c9c7ab01841c3c57cee34244792def8f0804112ac51168
121c02cde7e44fe1b3269bb434660b1a,ae87bf6a5635d9385e378b23a287a8e7097cee17338cc90a576977a8c2d55e48
37b421c4a57147a9b0066277d3048d3d,29ef35ed9eed4dce9d7b9d4fa8ba575ad00b1c6b53c48c05cbf1ce0b2de5cee6
74bd4f735ffe41b09db31a010ea85211,c87da6f30ce00a857c4a8e30dcaafbb35b1df7c02f9050addd91a7daa4343d2a
2fd103b14fa24291a9bb9f60f39f2f47,113d2e51a60bc19ba2598fdaf56d46c36b478377a663a7b428ba1925a0be3706
472f2f4b19cd43c88ccc9355105d9e08,a71193eab3d1a186d7681f5c948e7442b2867e497915437abda758239133c74a
ee1f344ec46e49b2b80b980f80d04c1d,caade7f56526de2e9615d8b0f7ff681cef661777eabf3ba879f9d2a530cf2468
c8ac151cd3c84a318a72def18307d6a5,d6651aa92fed0fd54d8825632c3fc48ca038e12270e758ce5cd45b192e90a6a7
ab731b2279c4455fb8e917da286589ed,795740e0c02e89df7eb103433eb70303a58a9b09b7e0935cabeda2c7691f5440
8394f726e3164c249371d25684f24b29,fce785e4cfadb39c928ef1501d2b1468e9f009f12ab588ee6da4540d0a9271fe
efa35c23e04e4710a3294a5683792b4f,daf1bcb215783cc03486d29cc635bdb1e08a1e06248496758f5e33d23393d71f
90ebf9d0876c47c2bfadcaf56d73ed5c,33d690ab66a18269efce3b2097de988225abb80a12ba2795ccca2553daea2b6d
83c2c8eb22864a74a7bf869bcc058707,0d98662d56a3935881a90c225efe58f857228632bed78ee4c5080e57b57ca379
0dae60d2a7834aba81f239d316bc7d18,938635b0dc03151584d7088cb3730136276cd79fccd6dc875bdc6bb3f491ceaf
ee694d3e7573450fb01da648d30c7c48,bf8c977a0bbec56eeec07c005985780b3695b608310b5079d98bd15cf98d6217
5956ab1a4ffc4727b8426ebe1d553d86,f750bff8033d3c2fe20e6c341fc5be60487f81492765ef0c1f826ad8457e9a74
e147d6af30ef42d994b4c379808d5b84,f5062cc29f54e949c9113aa8bb71f66a45d8b5bdaacaf468996e0084ed3f8237
110a5213e91b414c98548ab77e4a9629,8ab54f05f0e845e9e1e078df1f8c26fa44873d3f4d971a523e56e9b948d5f41b
dc0cba27b3fc4f3482c6a890c2a558b7,35a2c37398e1ee9ba239be7d0aacdd35760ecfeec41281c2de3ba6ef8a89673a
e61ee86d62874004861a74cffc0f0c36,8076f43fde769ba779c7aa374dc0ceb9691dc5c4d8e73978c410aa3c558303c7
7a3e2bb6d8614b4aae8b816f1c3e81f7,e3a8a5524a6bebff0143e0cf59e302b50106db8d13761b28dcd232f025e1e422
f5c0735efa5c4f5685a11b6fa911ae8e,851eefacbdc63b9959149885d371b841a420eaf33f867189a44f2680b3fc1238
e7d2fee6f44d488d96c00903ee4159b0,848786afc4dcdb81ed4aa55d77e6592cfa2f76268524bf39233a0f0be38f3736
bbd68b1541e84bc38ddcf038b20ee341,ac5b1123d6575bd50704e31cef053298b5c38123c41f3209799f02cafb50c3c5
20d979e34123494b8858be409c606a77,e99c369ec2f578ef9cd8e88a99f42e08bd83ea852e71464b97dbb7ec7ef42dd5
e61bcad16f2949bdaf4f4a6be281d4ec,2d6c27edcdeead403ccd41e1527ac95573b4e801b4c7ff54798ba49456fb8c8f
be9933f6c3ef43c8ad698599a1907854,8aa6a603ddf7a1e1f377311c4a64bfb5af9fbbc21e79a6ff54366ed2fee07644
7ecdb1e04fb140a5a4c6afe190303a80,80f76f1db299e98b230a31df00b37ce79edff7c0b96ead0ff74669fca4c2ef45
bacff87125e943e7b1ce403884bde432,ad80f5f2a25f2a21735ba06095388e70eed4b46e55ccc11252f263027f336c47
97b7d02cd4a843e989b857f60d9d9919,2d69d9f05431b8a8749fe9ff57b71f2e6368caa9492388edd32c74cb91a6bf78
b542b18362c6472d94707638a2fe74c1,85ae7430bd06faa2571355fe48e63b54752f8c66cd9c0115d7d42b454b4e5607
22f7c46a77884e8d8f2388d47e31247e,16297ec19368804c9ff3254ba9dc9dfcd32f3e5bfb9d0a78cb3d08e1cd298f83
58bbb6360bad4c96a5a3456555da812f,8ce43b798cd6f68b889857adfa2b68b2b3202a0dbd20989236e3538a5db4c1ed
d18500f52a21427f818660128bfc7be4,e9445af183674bf1e608e04fe8dcdf0d9837d6862c14d0763d888e74d4d199fd
e2b249d38fb1439a96e76aa86e65a7ab,398a05f9062e3cd90f9693dc20e256b71949ad836449d5e7b2a7ed18cdefe0ce
fd7031dbef6f4c0fbda7a8af3c7f5f57,ee3e7729cf3c84fa012549c930dffedc9c81996e6e29408e1009e4b253c16bfa
b17d11ada39a47ab820a1af9cda7153a,37e40112b17a2ec27f4e27714235d62bb9655e3d3d1d753f630047188cd11100
0729bc1cb6b74cb0a2a520c217fac234,167d99cbcb7bc38c9320081713df432dc92d65a52d2141ded47eeb289d4a2449
2fcc7ddc7f374e9c8bd989c4cf0222f1,771b9c5c55a78440774375b215f4680e8d6b4a4bf99abe02f30aef7e85cd91c9
914a6da654914c5cb3b6c635992a9544,9c0bd561445e8fb96f99f4d7b39fbbc848745fe116c6c251461257b73a58ce21
216c26c24ae5483ab61eb066330ec4df,52753f04037dae09fcc19da86befdfb8b36aac51a0f26fb6f3a60a940015226f
8b49098f8d154cdca74eeaa7a3b18fef,2b9b39b0ebd0ca6341e3ed6d9d52a60eb0b0ee9ba4f1df55f33f775368546f04
a36139a9ad7449f0ab93ea33f6a33007,d0db851d3655076834daa74f269bf582e21d5c04c8119032e48ec8e76965ada9
379f5c13690c4ed3b6e270f9ba5c2c8c,9839d9a42967e1be1e11550962c6a57603274d8e90579edf0f64540bfa18cd1a
08d83f0ef892404ab94fc570519a34a7,d29b8dd0c658d5d819453ccbf28d31bb7f778d299de4f25315ee3498a790068b
ac10b6fa544e4ba885968e8f64df25da,1f317fb55e251a25b20eec5600b80c69ba5e13cdc98d526837fa2f5c837caf36
a5e0fed18d2c49af9b1fad1a2a8bb134,7efec407094f56ab109d644cf22d5cddf48fa72b1ee8c5f094c0d6de9fcd255b
8b889521acd440eeb124e2ad38977254,823218774ac1f5bddb294999fb618a22201fa1a76491a81037d30462d7ec6045
6862b5b9c78742da9a52a5d9baf3112d,5a363f0e72c3f9bccdab7138650eb75d961e50983e88124c4deb29a903feb876
d306a077924b461bb689ec6199b19a50,2539746a2f2c095b53dd58dd247873dd59f8dcd7e9e5ca2408e4d005b2be6d1c
5b8684808cb3433282302508efa4c75e,d7dbf03df05d1e0aa3f29c77ecc97750865e079b2900e753fdedddb68e4b395a
3b22d31d88dd4423987645687d10c117,312f95f4201aa4a6e87711491be77972bae0de5e1d7a4bb4a6000ac395968af8
b8d947b1bb1447c596b5acc9b2f3cf4a,6ed5b2943d4706b466cd9a3e7513dbea1686b93bcff514479262d387f772ea33
1f6ce56fa44e444bb2a753c735700868,8890e0c16d3bf9798d45f8087b1c462a291259d4d70683edf85f713ddaf7c311
51ac022909724be39c28fee8e0547737,87891d4a9305a412f8e63f120e9f0586382d9dacd837b9f3e16f6a0c8785b984
26ed29c8afea489890a27946a3970c8d,cff075cc270c2f334a8613b095fb3ea9480f5482b2768eba4a42685c536923d1
526b429f94bb4c2f84a263d63fa1540b,a1734cd82774b94203eeca3b38d68308a7a3fe140fd960a098cf01c77a4c530f
565cd9eef78c43bca400dd50fc5d7849,b8edaef37c74ee8050e5f5f7a87d2542cfac0f2d885381fc1adbea93f4e0acfa
69ce286262504d69a66d20dd6e9ec224,4e4e1cca7988ee2527fa5f2accb82da65fd6695274b4c8221ef35e38542f044a
83c0b41f42364169936b7554ecc2f402,614cf5cee3d7853564ac141123c25b0bcf7d811542b2f622de414b5272815917
f17105a15e034cfdaf88266a9a40aabb,587341e29f8e3a00e08cf4914afb91f4ed2f97c26174fa1da129bb6cc9baa3d7
faadcb4b1db647938802f721aa13639f,c2a5ba50a0ad4b4cd09d402904c339907ca94947fb66a35c10e646a725f0e07a
95e0f9aa2d1748c4853f806626aa08a0,8b74a4178c0019cecbfd2bdedeea1acb52bbcdc15c259c5ca06c28b7f60500f1
3561f11b667c4b5ca6a90c69a65aba6b,ef92651947b7f72ea8108b04fd8d6782eefad51d53cedce9fd60a5dfcf47dac5
71778e3e20814b7b949718c68c356846,42f24abca82660c1e63a84893d232849be9688dd8b19806f4c42d0efefe28ecd
d23d19d1a26b40ebaddbbfbb59319e62,28737b4e601f07efa48766e1ef9ad39d4f43855175636b63eeede6185d8e4e06
752ae13e169d452380cd11f3e4aacba8,b7926ee75b182b94e9e5b5c26c829b137d4deb2c27dae77a5eeb99c60dc4e0ee
566e9986f59b45ff9b0e244c2d7018b1,a7d57a1697b140fbef5750a281a6159f0c432de2ed540d2ac22b5dadd5105fce
c800cb7346df4476b5a04470a82f9f4f,dbff135bddceb3451d1f8c923077a1829478061367f1047b68cd5de051c98e4f
13517fd50a5d4508ac46d485de215c8c,b2fea8faa64d6d3655985799369231ef5e1ae7bc66675601f47daf00f3035576
1b2792bcbb5846dbac528ad9329d1895,0ee056a6dfd7cee5c00c7f6ee6d020f0d45c0d86fffa72e62b8ae3a14a70a1f5
b10605508ce140a3bc6401981c745913,f2172aaf5826f1f0f8678d84cc3c757678d2be6c43b6c22fa1463e4cb2991db2
a1ab4bbaa8d04dcdaa822b738e2c4df3,622e6fdab66691f1410860d1f6356ad4b106b523e1f94a51d9634066bfed156e
a87ebeb1061b42759cd29bb92675b0ed,708cf3a379b4a6a268787dc70c6b993edabb5bfb0166194550b2246c6bc89055
0f52bccebd96404bb3c78d5e36d68cd4,bcbbd339be6a4fc738f78faa08169787de502bb2d10be7d48c1ad06ab8561b2e
536403d2f2b8423c8f8f2472d61e77cc,650cf8165babef320e476c8349aaeb30c25772a2a2811cb27e2aa27e9c1da08a
0550558ec77f45128234cc6fa647bddf,c42b94b7c6971888b9c1897de80f9bcdc9c5ce8a4f4d0d039b010047349f385a
ca9863d4aba146fbb04cae244bc286ff,922856110c3ec92acb01316fe257aa08103da5b88667cc8fc4c40d733d9df4bd
b09180ecfe304bf28ac941af603f7676,fbeae757370aae36ac03f19b435c1fd52c0fb9effbd2b20a639a1ea712b50d9b
b49470d99d73496396d2f6009635d15c,976f0f0c7aefd219045e6f8601ca1f4a82daac5dd224532b9065fbba526681ff
28f7b2c6f4004ad9812596480e1cfdf9,29fcea7cd11535f95283464ff71a7e3b39b961cd67b7709e683236a316808fa3
55d210e5d3ad4703990ee3740ce038d6,a516fde703337821ec4299ecdfeb05da7ea5233209a0feb1e1e8af191760c59e
eaf2fc2046674415a0f2611c536c1fd3,941793dfc58f38bb99c87133bae5cdd77ab7644880c3d00c06cb45713512aef7
1be84ee5f0da45c99265abd863aac772,28876c453ddffb90d3561b8fdc575da489ea66daeb8f003086a2b72ea0200a76
9408c5bafe424b64a089a9b35e79df1f,bb5ce4ed44b38abf311afd97c949fdd353e7d3a88cdce37a89faffaf22e4eac6
bff789dd9b1c4a24be741bb5e5b2665c,315699259037d2ef913793b8e20b90f19f9033e04a69110d40319e6f09c1cb9b
72671cc25e5a4616b19ef35d33338e92,26701945c75de740674a82c15387f862221d4fa5ac31cd14024730237f314bad
6364c437ca5e4ce19c21aa70d153918c,d2d9bc985ca302e7b763fc67950f1d372ebc5a9da6056d34c8e088da5e66c2be
a9d6bba9746b4a6b955209efbbd792be,f14054d72035baf4dba53c46e98221259632e093f075d9fbfdf8f0d3769a4934
bb2d590d9aee4cbea5265c2f5ee9201e,fcf8d67da590ef10430f289c824542ff17f58d54b313f999caa45d485d479a78
770247cbc775478187cfefa48ce7eecf,6b05262b6486c9e07556dc2137044b4134377b26bdf7f78b9e34e2ee7ad185ec
9e6c9c9000ba4f0a8ee14ae49e467492,51b808c65dbcfbc621f63da5788f068c1182cb590d7a6157f0450041fa3c15b0
e53a3e87b94d4252a064f5c74af66ae2,20f85be8ce9ae5f6dac11d0038a8605c9cf2b041c67272e42abd5e87ff28384a
ff0bc18547c6419b976a6a95f1ca175d,91ec721dbc5ea4a67b137c9de3b6fb544b8bfa3421b59de60706f997a64f52a3
7f0852fb6e3e42158b21475174a8c52b,c3b005eafd16fd25501ac19e5b631a38add55cd03575bffd47e3aa9b88ef6699
998f8f6cda7543e3a068ea95c34b7847,46e6ffa62cc5b25d64e8185f30a73eb24edaee8dde1a2a28a05cdebcf1dc47fd
9ce8c1243e9f4d9abf20f6f153ddd210,fa37a7f0ba97380cbcff98af03965f3d0bd9faf2165b55209446f1c99c36b001
3d4577f4a5824ad7bbe7e36e1cbb6e88,8c08b01b7d5b71b77f8ec69494e3d2d250bf29fdee74c4a0abf3a6949547c785
8b06ba4f9fdb472aa2f5a46c75e8bab3,b037b1bedd7613640491b667d90421cda000eb2c8aab32af593ad923b9ba7b7c
7d2caa7a3f4e479a9fd9c7dc6b78bb4f,c455bb1873afa6576b077847314a95b12ff73520296664b07e3dfa90325e18f8
3c39e2b7fc79448bb96813acc1d55784,a8242c68343b7c40231b950bddbd4fe34bb4064d4896037ae11efaeee0e51d39
0dd4e28ecb6246dbb0d9e4f754554e51,66ce04a1c6a074690d0f6de677a003990f026f7fab29234ab90e07edd0bc3c3c
a063ab28863045dd99d65fd9ca8da32c,2c6035e019cdc4bd8679ef92d56fb5d3788cdda3ee71647868a40e00a057cac0
7919654e92ab40ceab538a0b4a7f2946,60eab390589dec23e22fb7c5a48e5ab160e45c8cf0ba872a5bf4f9411b05c7d9
e08051732a2045a7a5e310fc41e158f3,bc36173fa51f923895ca1f2664e91f43115529091e8b0b06534e96982a1ecdb5
6054d5666b634d378cce450e99053779,e1a2033d0d91bc21f95562948dae865ef1b65ab416f94dbd2225e296a1451b25
d255eba4bd45493385b1ed6fce9f2dab,2ad06f18b1ea2fb1676b56f4d97db11f33dba2c03b60c610b670ad21e5b5c277
b76fd9e5cac544d08e6b22b616c038c8,0270f0acc6dcc2f0512f06c31a76bb1632a7a5a62cb4346b5dc2664fde714636
32e6ba7e79ab4e5ba626e84e1bab4269,a8ab68e5eaf472c99b8cc290e1efb7c0f96bddff81086354e30f26d6723e3ea3
ae0bd28e44f540f39e79d925b961aa23,2c250130e94fd716b2b47f0a18293210a3ff3d0b88687af1b50e647c6b820777
e2847f04419a4fe98651923515e496af,927353e4757ced402e631bb479836ddd206757a5bcf3ca30fa03b7e2dde6b434
e20d63938c674fdeaf2817a9c78b8356,ceb4bef55f5ac11d16fcd09b47321880f5c40217fc588df8bbf9347effa45414
6bf8452abf504e9288358e906358d890,f569caab523602c08397d24b7a0094c7893fbd50bcdb3bebce5159d6d8a1f289
0c3055f773b44afd8e72764d4accd7d9,2597dde1ad405bf6232ea70d8878b9de22670ad61cf8a14385d122a81f05c122
458248ea1bd1431a98ba81c415c9a9d7,af3e8fe5daa39465f57b4e865e1a5627b291e7275f3f1effa341598a41f0469d
83254a744d0c44cca14f6ea1d844e6a3,cb3a594608d737ffb2dfdfdc4f5eb12885a459d1a3d098bd30bd9e04e9d0a067
8840a4b08b4f45f1b218491bf70f0515,8ea3f204b958139ccff0c89eada7092021725e771ff05f22e4afa88d73ddc21b
6f47b38b2b794f8db2228ebfc8e440a2,6c7b69486486c34154e5d5546ee74dac0f9f1177cc986d298c753d21a20bc62c
105d9bd09b184bb9ae840b9093335e6c,3c27dafa6ad2221028b195cf7728c46365be4872ecc5cd09bc6583a48f0d3f84
fb7e3e11d9ce4d2a910b1f48f199af0a,903e06752a64e02eb2d93dbc788fc964b294c0d62615bfc2cff6a2dd422deb30
633a66369c134a27a21bce26074cdda5,c444bfe39f88d50f5c5c2bcf091a5c7b131e645b371d8f447873a19240f6e597
70d336831e7b43b885ce0429ab5c413f,1ee395ff446e6e2611fb476e355ccd517f61d4bd81f55c325c238bae96ff4515
977f0b46573c4b3aaa16089219af358e,fde981dc83be99d7de97de126547967c33d932c2b5cd7e8acbdba789407e68f3
c57ca7e7b93342afbe403565a3cab7af,5831a9cf7a44bafd3bd1b9b34094588967225efe4c208844f8e6000b64ec6147
decb26665f2f44d5a57d1f28596d7426,22ac829f92b26bbfa6fc86a006428f72e7eedf739cc922d48874c8d8d2a56a3f
2d731ab9e3ae4370b2dd2e74d382b0cc,35bbd58fc35d8953c93c69a717e5091644746f6f07bafe8d4efc9cc7e0d7b5b4
d320fa48ec014ac99fe186aed9fe8581,f84a205a8ab9cf65fa90fe808c14105060a2bca61168e49831635f2915531910
d903a339eb1e46aab3aedaedd1b738c1,42271ae6be6e1ce6c95ab774247be7445c18e6612d32337a576819a5f7bec673
8cba7183bf3048189059cb6b3d5aabb0,4011b43736a8a46104374d0a08f73e868eac1e9cd8e83adabad296d77c17d198
9d9209dc91674fe3b4a3ffb0ebcf0f4b,cc838f0ef26ccf3049d60de467487878fc29eac37eb1b2f404b49f79af5a5c6c
1dd2a27071464b22b87c589c0fe66132,b945b08a1a28014f3e7702c105e2095e2944ee84cf2e1c151d4ed17a77c7692e
c8a877d73a8040838796078af89cb008,f55ba9f2bb7c14c80b462911a213c56794999d21a1904781a5beb2eca6be80d4
e5b0947bf5ce49ac8eccaf7ccc7b73e3,e37a4b32129b66447ee7dd469770ad625166bd4f04c63959cb31576fedd8d308
4f05972c12684b47acfd31b296c17704,ae9dbde7d9bfb670aa940d549f3871b3196820dc973b4192232f87e575dfa3e4
a83e4c29f5c94be6a71ca0222c2f8eea,ee68f8336dc0b510d15e3aa880756ea363926623af022fe148dc9f45d6a9cab2
fe75bd53f04e45589c5fd7dfc8c85370,4337c6d0c910597273e10207d2fd0ffd87b23f7dd654fedcef6bfbdc9a569027
659152c716f94d31af92f02013c4238f,78f0176e83ddb79643bf5023f7a97b698fe072ffce476f58a488d6e233256b20
22597006d3a544c195371e9ffa1b9e05,32c0e24b8a8e3abfbea4d97e12157b95cf136dfb587b003bc5ea40459d24ab6c
72d40673b56d49cb9c2ee45dad618734,0fa0714875febee3f190a8ba3b91f11c978e7baddfa5e21531ecb03ab377e5b1
e1c56266be984b8d8e49bf0fa8b406fd,503922a0091718f7398ab7fdd1a83d067fc27e5722f29661f3f672f587189c07
a6cb223694ff408d8dd0a9c2186c2879,f3a4d8e861baf0319d169e4c3abb674c1d5abb3abe5db1662dd2ca41afc820d5
aa4847bd79014335846239df4e5120bd,150b229fca82573e8e74b05fc77c39225e82fb73c1d312c4dbfb3926a8e30b7e
a8bd908806f046c7af26baa605abbd96,a7f73e08e5c30102941551f8731334fa43be80429599837701ce274df3968a42
21fb6823e9f04f2a8221118e45baf8f7,c9b4aa249d6ceb98da63959f55a2210be4b919d03505bc73686046f1b9dc1bd7
a6ef526e4df044ab9db5c214f015ec73,761671c4f6c0839033bd288ddb51f81b38cfcfcf716d9689b3c71a3887115859
d63b158d3b3646cf91b422e234bf9e15,41b8924f6dfddf3e171e638270c68317f2dc7e758583770a24c012d95453106e
f99b21f38b2644578e79df3a3bd73b16,9422ff4826eec0a243df7f8f6f0c54093ee2e8e4478a60306c350e162c07cb01
a6526eab540a4066b9d8f65d072b33b0,23960369cf62478760d8e2beb8e41b1f7c18bdd2678239f8d5ceddd453ccf9fe
71d7856ad477446a80a058598ae5a75a,958cab3ad9271c1426c10f4b1a06fddbffecb69a24de8169464bd0f13d23874c
68b0fb305dd04a948caecb98100b3b32,90c9998ab80ecf62435c7cdf8d437723b48fb0ab6455d458be8632f8234ac33a
1786929d3ea14fb2be0e71c065c3d353,28efa72ff81c3572cd54362a50ba255313f5e7f8bf6d25b64f4b6f80ace15829
444bd17fc9214418813e632897ba6cc6,729c12cf1c217e066a9e8f43cb812094f6c7a0e8474d2abcb3731a4d3339aea0
cf7faf1d2e084663bafa2844a5f63cab,98f1ed7b6c154bde37d282012aaa194c195c3828c4c2c1db704ea2ac0967da5e
e33ffbfcf78a4eb29d50710ed2e61825,ad7e6762f6b2a9edbecded3f2c4de44226a8cb74ba3708b2106178e7fc420f3d
205b1042e99d4a109edde273e33b4071,7b079cbdee74c2aef5a425b7c666b069eba647ccf1051c057d2c11ba76702d2d
38f51568a0554a5b8292ac6528ed9d82,b7bf791df44be9098d77fd42814106891381eced824fce7872df5ed50ddbdf73
20c64108f62847e2aeb9fa562d0201c9,d1e0e0551a5aeb7c3effa027f92afc1ee467f588e2e7efa0738f983d64c19885
69770f551c904cdfa910ab4ceae7cfbe,83847b8b610f01c45795573d83dfa053d5b3a0cfc7653bde81e43513bdd6a5b1
c88d8084c2be4d6ab01f04324dd780d2,254f38447acf7f7e5e024c44b072ac3e2b7ba9571e3806b3d94017a0b11676a9
975edac258ce4abeb1f40687f31b1ba4,e2c448712f9733b1e76773fdf7a8e5415138135f587c08f2e5e2b62c7ccbf8cf
4a785635e9b24dab8b1dbd44ae2770aa,a8de589323e70beb1bab431ccf48504f9e428d586ea6983a5c35a6c44910074f
b557af9bee914654bf5e7e3d735c06ef,f7e65ce9b0002d4595a618a661b8d9153f8cef4dd0d975bc3cdf3cc6d984f6e6
ddb4466fd5a2466baa14fa70ec20896f,b69bbf570679928a1f79d68eea4667ea620d4da47b4c511484ca898b40d1ceb6
79db960355d64a91b2b1fae2376596d2,96c4a3bfb8f768854821c2238230e55e15aac94054abd3f60856b9b4c5d29db0
153626eac1ad48eda63244dcd918b4ed,90cd7d86a902be673393a3b14c1138fb53911ba6baf85749f1103439450e5048
4ae5fbfb3ad9469b9f4c5cfd32ab5e81,43b81431b7dc89b04cb61ed41f83bb0b687538e8e90392749ad337bf6dc6e9c4
7c0060ded3ef401d8e7899be8386b276,d49eac7f180620343c0b8f39a6e731894851d780df0244f8b4c4540c868cead9
aad1659351a9437197c443b86f98ebc0,ac2d126c739271d3fffd8c5f8fb98b58cb4f1f681d7b0f81e3bebe72731ed66e
4fc923f10f68460b96964aa7e4afad9a,3576f4f2b8a7b84b057b2bd1fcc66f97c6ad909d3aaaed22330a2b15cb59b712
0502c1557ea3437c866ea186f03d06fa,b294fcf457ace91239e093b1991d8d18461181c7932c63a7b304a350248447cd
c4461ead44c44fdea64ca0b83398aa20,7ae424b53efdda909084946f2ec3358e4a3eb241d593972af9087267f13c72b5
759650a8536944359986cdafa0ff07a1,9202f899f1f9ea8a4e35af0ab2bbdf4b12dddb338f202c353e70f24bd346a826
c07a20c90e164d65a50b84f44ff6ab51,e58f49a74d47322286124e61e3be85bd289b65d6647812dbab322762fee865e1
084d5780d5484349a8967d68db5c335a,31164ff8bb92ba46b16e6caf368684136c1633bbe180c27c94dfb37cbb937294
4bf349f9ef354d5ba48c7dfc91b1cbaa,743687b2fc343ed702c4729ef5c72c6332f000e8df7c12bc07679b4094547155
924267fe810b41eabfc132b5815493dc,f344b3682ffdb0237b255548b1fd7db2b29b75e339fd6ba3bf334bfcfbe4ab2f
07c63ab9b4d3498fb7ad09fcf1bd3309,db2cf85628468da4ebae31a849031a8c455f0c00e70fce7cdd71f57b71931ae2
68e42322fd8b476d9f85db3fb73dcc0d,43166ad92eb8ed5d60e31aeb8ffaa62d3fd6301678cbd54b8ba0a49da0a947b4
18f8e30c1bf741ad8ee82c7b36122474,446e28ee372d70801d11fb0b2d59198ed1059da60502b8ecbdd0a1f71f9694b4
66742d0916ad481bb1e95eb2a0bd342e,e7a9d8ff95456ee4c2ad14a8716162bd56370fee91c482730fae37ca1dc7d4a1
e81e013767f4466a9203553b554366c4,5839632edbdef603980d8ed79307de0a8643edda5688bfa821b7c1cf93007b7b
b76306a4aca140de863433808a7876a9,91e37392fe3b0c690a69f5ccc9506a94710eaa101e627b1b4423bda5b66309b0
199493c525b84b68857e91e50ea15aaa,c182e421f27849f86711f2e1f735e0d2a973e368913603a102a62bb8a8921d27
18fb39c48255470282a0a4a93de89f08,6b8702107ab381e2d6b4e960a07a6f7bd29039429b1e6100d3f4e97b6c6d3ed3
faae37e2f1d540629480af89ea213ed5,ef776cad7ca97285d0ebd32a7e516c5db9e479d3e224d9dfa9e408488d30cc38
3ecfc5591b6641ba96aa8f6d373d3e68,3aeb771f7ea26e48b32c9181d28b193820fe58bcd8ce9a923673b8e8adc40342
35b2973fdff14c50a580ebee158542e4,d430c4eb942ae473cfbff2f3094dbcb513458795abeda785e0df78e1f1ce2b1b
25ff07ee7a82490bab395485d64f86ed,6cb762a50458b7127fb611e02a1ffd5d22528cf54df1fac8cc1b4022e43c6384
67adccb824904979b8ffee9451414cfc,0d0bdc18571eb2770e1cb855c6d325b33a8f156e1373495d7ee1b43132ad8bdd
8464d3f0d4d849c28494de01ae48334c,751b5d6531d0b71e516eae5b20de7ee6e87f83c58bc75f958d91c35ec133df20
45ef9fb0c5af4bc78eaf731b58149811,71bf3b7fe21b5c8935b0f89c0a77abfdde50c14c4407881ca9eecbd66ca0d5fc
d28dc43e696a40a8b813c6e1714ad4c4,d8821a9578c89ae302cf27beebec22a2318fb3f4e93a3c0e58dfd08a78cead0f
3f49e8da0d4f4c3aa9a61251a719220d,bb23ef60c7079321e6e6182360f8e5b8b4d578ce0b1351ede9efe512ac5ddb3e
63ad4aefcb2f4eb792f97d1d4108d4bc,9433bfecbd335f4c367bd2fc4966d2701babd1f4951f2d72f36fb49a4086a0ff
a7cca81349cc42778ee846694b943dce,f4535ac78a65f2c19887e17d6279cba7a71db09d343fb2cf725d1454e97caa2c
41c5178e5441453ca951709b34b5065b,f4c72de25ad4e0bd316c0e8d35f279f00cb9493701d59c998d51fca1d4356a30
bb51afae8da44dffa81fd1f46c54fffc,aca83fb57d6f27209c2750df8ad70b0102b751129e0d78e5571a6252e59bea58
0da0fb13d741445ab950713313de0e5d,0215189ab6feb0010e112140c9f1ccf096fc8844e4de9f51a4cc15091cedb849
a0cca6b654e54654993b79263267919a,120db10d724aea0e32143b7634af32f690a1a280f0d12ade2608e2facabb3a15
ce886db912c943baa5dfc3d953bf165f,92657a3deabdb613c2ff7280f68a10db2845992c88dafb26e629e9a0898cf157
3fbc85a18ce7495ab0e8299185ad2891,1a5218da67ff859216e17c65ecf3c9ca9a196c2095d4b2d902e513841b3c5b59
0e6aa316ce5b4ea9b2dfed959789ad16,ee4c6e69fd56d171bf7d7409d1a5d7b2dfe0efc6a9b5ed9eb60708b918772cb5
829a9fc7a42a41da8c9b808e2968e452,463a09b30b0a3773fbf93da38b404731e371a18f5cce554a03f8582ad0f30b08
9d95ff9dc6b44796b455b71e549beb33,455e21b634373631ad51183016a4bc51fc33d6bbb694d5272db928388c0641c9
3c3cffe7c67e4a878283ec2ed77743e4,aa0ff56ce643cce053879a435d0ab9f10e396eb958de72acb3c514bb39b19ea5
6d8d8490aa90486b925f9a7ec8a10233,258210e62270a673b529c8257923b92c5c0d365621a7c7d9d2f2d33071baa91e
673ab40da919412fb621090afd53176a,bbd12b89c7d4c342fa15cfedcd5a10fba07dc87efa9f9eb3af1ec198a709e47f
2a0829319b12439d9384665b29302260,68f0224b008bb45a0adb9461cd578d540d5e0d3882c387075d5359dfa49b5597
bbddd3471f6148e1a7079dab1debe0c5,f36093b21200e7940c491355997c52e932529b0aca2f95e288fa21fc39b576e4
5795d114924246928cb4794c8bc1f2ed,330182614943a442a6209d603169ad836adc95d5b26191a116b3703cbb6e670a
a4645e326d6b460a98b1e9d9ca262390,8d5363f2846e4719848706017e755f905380becedd294dec5eab1bdce8229a2d
076d15b326584aac99d5c2aab5e0ba44,9509b1673cdb90c7a8478812068d43f0624c20bd53c125392f776cb4e15cdcfc
8a4dfd164f914d14bcd314c1615c46a6,7b66ccf2f189188c21df3d728d78261b086949d44aa7f4f79e6f3724cf3b53ee
1af4a878f21f43c0988757409fbb834a,86c8cdf15e3e9d2e1e31a9454fc288e749c61efc4e09137cfff11dfdc8daf6bf
564bc5b6d0224e73ab4a894eb9e188b7,7aa38787d0c7d7ff0e72f0772f7c55e5fe51efa8352f4d9cf7d32437b75ff4b4
41fb1e60617a45849e5790773cd57a3a,fe01a197d9e95f18ecbde9ee6bad7e59f00bd03540907f2c6d53a9731ade61bc
8ac9722570ae476e800e2c8f82e54c9e,6f7ba99064aeefcffbd739a7dc9d6fe98487066e64a748a7570996ba87560192
225c3fc80be4460f8b5472ee80a3d57f,0e8f528776dd609fb922ce38efc6cd1ba85c91017791e909fa1ecfa3a8b14200
1c036c26ccbf48c798df58d64135f76f,98099dba63a1a5da776b6cd288c3b88272cac550067eb2e429fa3706f9820a7e
27fc4366c54341048d5551fb0c409970,3fcf55c356e095b49401c8b1f38d6caf5bd82d92dd2a6f356112fd32a3243aea
c79c4a000c584ae6a8de36a2e0b4c9b6,949b048221ffeb390dd2a2c050e7b311cb5fa3218e681bf09779f27edb384a19
7e02e3b035fe4046af9f2cd2a7eea360,285284a6fa3d3b2d3f1aa8eafe18cee2c6faac042e990e032414df0f482090e4
ca0dce4f3a384f23ac8d036780bae7ff,df24eade17920e5ae82bb3edab17911b92954f3f6e4f752c1fdceecec161d8c9
e468127264604b9a83e20448395e22ba,b62650bae02ca5ca20cb35cb8a312785311475d1504f20f900fa3be5514b88be
1085221e025f4557857209b48f7bd1c6,14f1ad06e589496575602edae1a5eb6184cbd9f349bccaae51a633496ddcf44e
babe59a5fdc54122aa3ac82ddd132f37,e1cf82e0d57a82382437a9360120c6c852cbc2642557bfe6da249f98febcc258
9acfbbd620cd4d418693e3ea00418af7,4798e632aa34ac1a0199ccc2cd59485912483dff6176266b3a8adcc6bda85b8a
295c3651f17d44cb8abdb6ad9b96f490,b1ff380344f6f3ef42054c6316c359bcc87e5d17ea67dd70a191dd91f0a373be
bc2be0eda53b48bc99e0535e47e5dd31,63cc2d18641b9165e0ce82831d5bafd3787bff5038a4314ce280d1f5cc08647b
e27e237c565a4786af56af5200ec297f,c81fceaedb75a44d415b6320d94fc18529f7f2e0745dce2cec7b1b41e4d2b50f
ae17467942cb4683b74eaf68816b4318,631930d1c337535380b6300b3a7bb8597f6518cc9a7ec543b95afa66f73b3c4c
95dd3bc9bd144d17ba62e41745e8a6c6,b6fef440b3562184859de850f86f93c0b5045ee7202869c3f5e127042cc3d202
9b20f245eab04bdbad6de1bbf518bf3d,1f9fbbaa0a078a1796f7575361a8636466fe9dfc3ed7ff63923fd7cdd6c2a159
100626396ec14c2887179e2690e8f561,5d221f0a7d395ae40d25c28af84a179a9b2467304b4ccda413951bf089c09f61
25ac62e8c86143a4aa2b9c8a904bfe5b,7e73d668f2c419f509650211ea7aa037b7d5d3b31e9e8a9add150e476f8d555e
3df1344a4c1e404d9151adf7ac9a35e0,2acf23a4bd97693d3cf5154077769669c0f4541dacb90b7ec5e4ac128fc014bd
87b5178047f14deca8e9ab00fa7da141,353c1ce39f74cda48268c9fdbe1722a2416744a0f13f9700f45494408b6272ef
a61509897ea4475e8119bd0cbb592961,1495565095861a233b4e6f920b1feb5574805a6e7b3617894b3480178b619bca
cc32f31d17e94d74a730b67bd9511d45,91d04c185ca5e4a166f59fdadeb502ca4dbd077796dd84a55882aacd0b203fa1
3af6627bc9a54a93abd5b2158b06e42f,ae2023f0e2198633c2de3e26165deaca25f6c75a749672ae95a754964c0012f9
a6b7505d12314b089187693523f4b13d,c40c92a740f3353c04c579ae7e23d87864a0f113f2470ef4c8fe403515a07706
7c0afedd003a4fb4addfa5709f2d9d37,6caf349fea3532f99dcf5216f9fe051669aeb68ff43153e874d043d0cdb7c864
28a3738bcfa74f42aa9765c63e8fa841,53fb32bd7bc72618aa9760c88d0007b7c7100dc1917de3fcf8416ea08af26c19
f382258781b849b2bdc6a47eca5f370d,f645f429492dddad65bf21729c260f1c4b0aec34bd88da297e59111d9c8f218c
314ba429d1b5439a988314e1fd93e976,a2c3956dbd0bb3194524cc2f911d3f2f95de5c0e542e03d4c2ec6075aaf3b390
90988e2ee7a54c27a60e63e7b4b5fae2,926283100ed0d4d84eb87897c3bb0ff4ea701c0b768541c27e52d549d678b057
fa40543f7b0f4be199043884ae4dfcaa,9ef92e2864efbd48ef88e85eb7dbb9210b4b52e190257733b31f1da7e1270fee
a0abee43fa8846838df2021e8b3a62fa,f670b35d4d10e1447eed4b865531b43816ae3a35e9fb956b632d3f8be5f7be82
a7fcf1a50b7b49a3a37fec89a20803ff,440b27c7e5a415b4093e8849a8855ffdaaaa4c8c7a70fe8839930f5ea12fec96
f036c51c78e34a0182ebd10b1d0523d6,bfcbd6a774a1c031b2eb4fa63e575710fa5746e9628ae182bd14d95ea9b9170b
9ba17c470f8f4d06b9f3a14a5ec3e0a1,5b5ad6efe49b782cf8fdfd500f2fa2aeb5f37d534909237022b79125d4af7bcb
d7b1f6a55bc34dd1bae3ea239a06b7fa,e79ab60d5acd42d3b7a22ef2ee0f4956a3ccc239fe27e217f719155f3be5d46c
c5967775e4f446c185cbda3a92383dc0,f9c7270accbfd3e3403e1f72f64714738c2efd163863d3a47104915bccc1de43
254a992026ea437b8bd871ccd3f19922,35eed931b57126b9a0653ba2d7cb85ea883309f0f96a58c461d862501116c871
91b176ca41c5439e9ba752e1525f8bdb,5a40087f8f4608e3b2a3e0d2c27c9fd2ce91838ba2a97bfab768349d7b2621a3
b2cbc6455fa4413d9ef8c3f794f92866,4cf35410cc1783890e86910ccda2df48d4b726a4173241012c3ce27dd6ef03a6
50e57c4aa6f343728991432a093d89ed,a193dbc99efa3109bbd1128bb9d56f6fda65afaea5a80da2fdf7d71d078cd58b
6d89fa1dc126462c89f399d1cd2ecce3,b88a94f1fdb5f512135d0e9eab38370c7d1c2f487af3ad2d57d02ba20d19305d
04d51cf88ff04e67a07028ca4818a183,1c4a7877cfa8f891f3ee008145097e3f6c41b9fae5f8b3d35a1aa193cc710c3b
226c6d2f6bd947609e22fe6680c08762,10762508c49a36fbba668dffb39e0b8962aa99ef0e126f48bc129fd79cd257b0
5ef94836e7474d1e97a69811534147fc,64fd050b32d86d5dc895824afa64819d050d5660a76fbb94dc6549558fcd682c
d22c502ebdbc49e88569c8a6ebcb5779,2dcb27c9a59fe882ee4746cf221b748e81e9bff6e992791f7496f47884ee9e4b
77c8222cfa4043adaec3acfcdb4bcd62,3e8c69b1b625c2022c30ac5bba66eb892e7fb9e6d34ef0e80aafbbb6895b61d2
4bf947c5d182419890b991d61469d161,71df00f288a35bf7a8898b0d52736337c1b9b9a1a9b39a94b7107f2906e57e9d
9c3d216643cd4db5a94d2cebd853f73a,ce4234ed726fab7010d68b47e0f42b3ed3b9e88e28d5990adf2f9754b60afae7
8a9e9a2c79e54abd8a958d879a503c86,93f02946fce4db3441dddf10c63295fc0c51104a9b2f2cfdc9232d7bb6489d74
1b70ae2e5a384a03a8b4af64288eb60b,2d51e162166d6adab11f60f335433d816499159f5bb008fbd19989c062e14227
5d241e60b73944a68deeed9e3c1df431,a6583730a477bf5930df85d0ac27da13eeb5f9ea7e6db2b2739836478f968509
04e59697956f459280be68f00f5f463a,d6084d6986f72e678d9527de222c3712c0e2ad5fc4285473b02a3ed87fd8c19b
ee242c75e7514fde85506a4c1ed0c5f9,94d26af3024f81cba0c31e1aac6ce40206003d3ff042d392a56af6c823024dee
9b472b06cfcf4ceeb31819d1d7819fff,f4e566261b217a5caebb9a34d545653e060dd1294b8d18e24a801f2092fe6faa
924c2f9b2ebf498aba2a6a683b8ccfe9,579663af7985f2f5359d7d687f98c339850d1b6f386c23150a60312bcca81cc1
0e80f28a1196445dafe9fe20bf365700,fcbab8d1f8800447ba0c63ca9a4f0aaec121a0fc4faf43c1bab060610fc6a093
e4285bbd065f481bae227dc43cd18567,350eb58aa6c7f5dee53ffd19c0c5d31583063a3f3ce4f0d39c9c43ce909d9864
175179ff9a0e4fb6a7ae79bca1fb05a6,63c6db5d2f09558a6e29030cddc5879ac72854666932ae6bb6b0664674fa73f2
4b09855c51d2447894d05379d972c866,877f93dce4ef8afd86ea6ee6fccb0a6ac9623de309cb78a3f37214324e6511be
1e1c25e3bd40478cbec13ea27c8f4d10,9d9e5ff84502297254e57a5bc3708be3c36c6c1e84dba29f92a2553decaa0e3b
79c30a45291c4da1b08cbb41be6f3568,d6fd371a9893d4aa77ab9208380ef7ecea0bfb190dfef92d2c4dc0b8cf68fc89
714ac4c06ca240e4b1c31bc672bbec80,2675e93e3040456a2ae21d3415874c3538b44d8118a1c05a7a194f8f68c92226
934a76e5f4ce4f53b986d0b3e1aa2ffb,88f725672923261ee424003354ae4d000f3b794b39e777cc09952b61b44e400f
0856146a513046c59e9aa93bcbe33e0c,23317fbdc2770fdd51441669056f5cb74571ae4114a4dbbb4ee26e9b69fe82fe
1f8aebb23d724a6ba57b455a10dbd541,229542ad039cdd02c82dcdccc134dda509ba72e8347cc432ce057a8ef18cd4f1
170a867d6e594f94baf693231cced0b1,9b298599f3ec14929f19a9d7433792c8471acd4771981f1033b9285ac9facfd9
ecde949157bd46dd94ea2b8c7977d344,6f2d506a64c5a667388c89be7d99b608927d3863157a20414a149998c43963c8
32f70ed5309f4142892f282fda3f0c38,d9ca908adbfba9bc04dacc94b9808d3ad49e1daa98686684777021d7ec088927
85a7c45723294690a663e7ddaaf9726a,614d5f24216bfbd102aee293a04db6a768725d595c068b24999e398cf772782a
00b7dcadec2143e5bd49ddcfcca6f0a9,707f23b3759f7c7372427fe3dcf42646c271c7f53acdf9ac3af2c2a1e2119a7c
a125bc2016b648a59ebc68d24a4750e3,b9ad27342190f34be34ced20f6dac37bd3d8d4a885946be2b45236e5658cf2e8
48e4c9d64f9d478696db68801d09068f,f35c661f4e0fb96c1c9e6276ae75f4ad673be7003a9661a7cf95f69deb21c2c4
9eb60e375ce34ae39b6d06a2cccde6af,1a42a931a8d1291a8fbf145a779160cd3b8fd5bae6eeada897e7e8b8c5dfa851
ff7bf4b3cf524094804418a697a4400e,3636e704bf6bb016ca0a284687e7cf69b2240b75e3f4f1e523eb9b7dbbe845db
87cd0dcfbfe64bc09bfc882284270439,c2769d325d56295299ef394071562a0add7e1417989927e4fc6155fe8995bb9f
1dbf7a6ff4084161acad0f2fefa5add3,df070174b8ae7b410cdba02edbf93c6374be4702b7d9aea9d4aa7596ef290bca
4a61b4bfa6b54854b9a04127fa3b3b36,7fa92e8062d5844b2d2721d0f4e86471a6d8dd55e0ed30ada79fb2ce7420c3ce
6bf07f59651d4c668df04523fb8ca040,5f0ebfaba122248fb08e865efe885e0eec589f2af8b26755b7ee902f0aeb538f
0453de36652a47d48fba9a30c34feb07,0204d0f6f0e4e8cc7a5cc4d83c24527345f6521cd493b92ba6e2f5795ffb0e4b
0bd54a2764994163ac3610e93446c5d8,65c477ba6801d792ec8d6d5b5181556ef70595afd0bff1b698c32981cee611b1
2fada6339f104f35a08344913c2314e7,d6f7e1f013bd002b7e2b96738fafbd13eb2d5a5aa9c0bcbfefa300799a3dad2f
34e7ed197b344bebbd922377e9275a3e,16ec2e8211e90c89d3f1bb1aa1128184221cd1217d78a5e63c8d734dd169b35d
501e090ff509494fb8216e24145724aa,968e4016aed76451296131c122d02014665999aa5be64877e16b944b408e079a
39d85c2f25d744ec8a63184b86962010,2f19e1f58767b1d6964967ee7a797b86ff87c90ddb76435b4f247dc6d94be247
2561a6d1285346e38b542b38dc2a9092,0142e0b51e659a7254dc1e76553e81a98f2310979abece9492d45209a2e9b71c
070c5fbf90844ef29f969bbad21bfede,094053b815998460f0f351a4f9191e72d1f2d2d7ba1d3ec4f9f138d5fc8548fb
5b133522041045bd8fe3919eee394e01,9a89c5f83cfcba8d09da569d537e46e6ca802963b4f40f545135b4e4073835b2
c76fc3d1e0764892aa1b0e80b98607a1,a9a6b2768d3f5acbe9be504e8d12b66a8fde1f27d354830a77a5075f8a570a56
febf48e881fe41df88ed0c2ef9f6bde4,8150c7fba9f970a2507319be46697fd783eb2a8c81c09cf0463860c0e8ad703a
1df1eaad1c614664b7dd6b29a93c18e4,a8764c97d1383469a82212fd2f0a224163315eb35212416a92a3d7781300aed2
c2bead9291ce4113a7155b4752023c50,5c6d0b9d394500acfde7df919fc8df3267738f72aef7dabd103cdbde86c6cb33
4a356cb9129043dcbddc62834d8b3cbc,f9bb99fbf304cd1f0bdd8a9ed446f955f30dbd52909aebb36accd072d62d5eda
1d024894f91749768947edce4f3488e7,15fb91b077007c15c08ae7023f5fbe6df794be415d4b867a2bdda086593b3cd9
9ffa910255e1451e9b66c66d3ce7c6ec,19b188a027a4656ef651ed883c51688f19a0ebac701afc4cbf8828effb6fb53e
9d23175e20bb44e68dac8f6f78152ca8,6ffd59e9aa842c1bb9172ee1c74811f4cebdba159e17bb2aeb82c0693589e5ee
a2166c081b6f4fbe84dadd60c469c49c,1ea8061db139218999f7aa013646083b564a7a07e4dd56ba51ee53e1ce6a3f45
292e5088ef7d4c1fa499a0e44c9386f7,f4411282ab79ecc645e4073271b912b4bf4722b5593a9530a4dc66b4905efacd
acb15febc662405296cc58d037bb7ffa,f7a01a4f1d059c8f866c2bac5754bfb2c653bf76c91c383b8c6bd85a2e052112
035d4ab84f6a4641aad4e03d42163f43,de8495cd8e2a3b929396edd2c42185b0376098082c6bfa6dd1fec62d432dd4ac
44de7ce756774a5bbb5cb97f6f0dac96,bd359040a3fccecfd276468a9a1c818b4256b9ca558763b6a51a2efb3799e44f
07d2fd62b01e4611ac4d28e09258f072,1b152c850a03c19dbb7d91d56464310f5f073f05f0048cd125e13bed84517628
31b84ffc40fb4534a2cbfe9cc0bc3801,dd89db9443f53e03b618c9b52c5b3073d022a8ac2a43ce22c7ae4a43b709dc5e
07d50dabd6e64ba38d0002cd9417739a,3b019f68a90c8956e62a93b388f4263c466e5cb3a3f4c0c1ea2e9c61665dd0aa
2ae3fe23b17d49c6a62ae6a77879014d,be57d0462f79758935a222e01907988b1ea7c31cd0f2f324dc7b8f72ce2d0e66
d2799a8878664778a27e4a357ca9b9ec,2141b3fb0dd56da4dbc3deb06d4cd494cdaf917e38768f38a8bd26786744d66c
e590235477c0401f8573a1c4ef0e9b74,1dfd01052d112d888efd1b33cea96a528d02e8fae0d59f42b02c27aa0661bd1c
3444c81208c74051a1e8536df62c923f,dd4b7d72247dd9ba8b8c9e59966586b632526e2514f4697856c6c77308310e24
8e8bf6b969404c508824800b7a8deb04,85468adfdcddbdebb1ccc03da73363ae797346c6143e9f4fad5a10eea53873fd
226a8ec63e244c68933ca807cf8b38b2,1cd6356db99ef175c99143abe889ebd1880c6ee0c038ff732819d229252fb79d
7d6d35de606544b79dbd48e0ced0edca,5957b3c20e6a09e7792abc5c0910b9de3c33e3cc178e10fd707db24cc2e9ecd3
255a6422be6142df923ebedf35236b13,013cbdc9dd454daf9b86151e9b1db119ad02aa5d835c74f0bc1b79c125f72699
3ed33f696b304de5ad0f38de35fc6917,d7566aaa813f05ad96cad45b05825344263a8fbb352857d8806b099d3511e818
5f058404f5f14e26b4c04d78210009cc,79792ba419eccbbe99def73c881ad4024f8f288e420324f9e548357a63d9c135
03fa30dfb6854fcc94096df9d9e390e6,4678cddcd014b4ba7f16415a455a59479efccca9fd6cd78df218d81a37dcfd70
fe5d6b536bf7447d9fde966a07f6ed50,ab8c3ca1ecf7e029d933530a8a0f650c299e5196c195daea071f11433d70f490
dbbfecef1abd4367af47123696c72f5b,3beb0f9d2b5df90b1faa3567e1c4de02431bb6bb4ff664f100c67446da847c89
d71037287c534b62a999bb36b7a40d32,8b5b5a4962070183cce4b0b1ed502aaf16810569e5a0c81d769253cb710f276f
64494418c0ad4dfa9b97e5e33fef3b33,6c3b0e60852460515ae881c78859d4aa5c32fd61ab494affddd646ab52c47405
6e9e8216dc4045ac9c753f95a618f72b,ecf6fa109027265c540033be61be30de0702a3fb29287bd40a63484948a89e2d
90d92f895ab5414eaf99fed9c927256a,bfc75af7b3c175e545aedd348bc002ea4d2ba1c2aa5e40292536a49eb63514cf
f7495ffd279c426c893a62a7d2e8246b,deb4aa8e4f8e0fed1ffbe0aaef98f7c74a06c822cb53a7e57c72248f9cdbb68e
d82603bafcfc44c79d4c3462e179bd8f,10a384a2c1473b0b45c401f6d2953cae9c27d22b836b4c899b774197094f1ebb
b562cfb2d7e04a998c9768b2e9880ebb,979e16564d3c65d67354842c9581c0da42c5f3ef0abfa05f9770075f910e3d8d
12a2fd95b4cc49ceb53145ff042a0567,df49c11d4714496fff3aee76821ad06ba2d463f36a1c58496d24c6fd66291708
05d51185bed54b76b24c7f0161c762d5,9645d330e222b96922777ada4a6d1a758e5c924e81e47db77d847ede36ac71a4
d52b99aaba0648999913901debfa843b,fac7c8141c835fd2eb8b511a7dcb90c4e0ec8cb33186e749f81079149510659f
0a753c3cd9444985a674e0c47b4d1f3b,333098d2986c603c965b72f490ad0f44479ab3e5eacdde3691c1dceeed024ede
9d7dcd682b0141eabbf344ee49227bbc,6f0b15de998c2143829a5bd2afaafc40c36f3d3601dd0f3e9750da96fa7163e5
182fb63efb144fd296af2fff88c498cb,eb9836c2fc0db47c9a9e45178120f0893a39e85bb0649cdae2d39dc7f71966ce
c0d1f961249a49f7a101b568aa7b536c,606877c51adce79315e3b6d358efb08f2ddf57a5fa501c1e00019ff3bda17f2c
1cc4bc3be5854f0cba5897760224bd24,8f7756d8f689f1cffe5bff7ed5e50af50489c4a14b17df55630c3ce3bf20d85a
03eab3899ec34edf8490956e802f5871,a2c719d48da93f0ab5a96e067e31483f0271a27bb446d3bb58abbbe7c5bca237
539e661d3f0948289cb3b662a36f8f18,0ea7c109484ff82b609d4093ee74cd56f59e0fdf4df8c3aef4cc89b813104c80
cf237c19154647fc8d8758c60379e997,4bf21b07946b8987f53485d6c22611df2cbb0e879083a6e45a4114d403081b4e
4ef028d76a5445dbb17f35de46dd1b35,4940fabaa51dd893db09dc8f36281f5fb88eb4fa2c56d4d2edcf44ba9cd51ac0
9f0f03e274c4453ca29cfee2faa139e3,21ed3a5ac7f3c9dc969976d478bbbcfbd7434a3c66f9cbd566f2c6204599bfbe
5b27961b901e49e9b2af33b308577962,1517ce70041c5f0a8ad3e94d693b09fee83d91353c42587c50ec342129542a26
6d18543c940344e6a2c732fc721add35,fb0c2e257eb4c662cd979fa98f82d7691fb385955f5b4e4faf12e0b538fe6c14
be6aaaebde754a3eb5d33213b3187011,b9fd54969ab1d12d08c963f7bf057fbd9c8db6b08ce44354b58a797c9b4c9ca9
0c04ef6c7d7b4b99856dfe0e27b3708c,bd46bbb029709cd2e5cb3b2cf801e1715a971517fd6b277add9d634fab6e8505
2984a9dff60549bb96880c5b60e814fe,b73fe3bf05ba8a4f536b7296c1595ab356b46476e5755d09392338b7c37b10e0
b66ced12326f4c2c9aa6a5ff31df7748,654944ca8d9a4e7a280f6873fbebe6471521f9c5036b98aed0886dad9877f80a
68785d14e7b446e8a23042df3b7a995a,31e791028ce8cf5021fb801db9d7fe0c0f081032c42b67cc7aed442abd90794f
b41e8230bfbe4cee9cc5eb5c3d406daf,d39a44a53c9f8600a701e866aa51c8bfd44aca4edd0e96ce81f259902708e851
28df4f5069b14d1e83563d9fd6092c5c,f8d30c7ae95d1832757a88a41c1723b791092097b538b4e9c1e40fdd2c808592
5ac9a4914b1d42c2b8d6544a22b9c3df,cd63fc91e76b002181eb6003521d5850d5512a2ee5ce54e706abeafde8ec22ad
d75d4e72335e4ea5a25593118d39dd0c,06ef32ba681f4c2ad19d150cf2265ec2c3112d5184a6e236a7293fc38e4a6d23
4022ee220c8945d3a30e24c789f12d9f,f1eead86c478aa0e763dec0af8c6bbaa72e11f6e23d0052a24aba4432e2d6045
cf5325f3ebab4aee9b9b1b83713a0026,e818323ad75fcb482b6e8854cd12940f9082628c1b7e78fe92207731ac1278e8
7cb1470cef9f4c93b2f06cf9d3f70a38,5c64d4afb2ac66396565a3d32c37eb2d309bbe2d8f4f51371c45eed18b9eb367
33801cf25abc4b21a726db66d6fde4c7,fb6490ba7d0f0c77bd8b6e9ca766f1515b604b9c179efa3883880bb9acc77f37
c23ba8cad332471ca727f278ba2ec1e4,7f550cc156c8f9047e01bfceffc729fb38e5a2109319e306e15b3fa50f4665af
f180c527d39d4776bdf407cf86a7fbda,9d0bb6eb3839da71cd5ab0ec073c89d9c6865ec5c6d29dc5f4ea89dc8fd92133
8301e7f6b66a4123a90fb2ae9fa5ee7e,4e2487ae895feb252182f68eaa6fe82715392d9b02d5aebd8f40d54ed94910e6
118c442977a64cd785eccd0f508523c7,6535aa5ed107dfa01f006c72870db4a97387e65a790babae00682d66896b3533
fe3326248a0d4642a3e36f19b6ed4d9f,4b3ab19314719f27679be8ac6235ded9855ca2cd7473bb73039097b06f5f392e
d5b00eeb55e7468d904ce401bde3e825,5145cf83b3547326e5618e6cfa6422006b3187ba64a3b12656e5f874d6f21809
b8215076d14045d9ba787819461867ee,d9d1f3caced88b54fec533720dfef4b5d96fec8381e9b6f45092ecc301154318
c211a0969d904e37bacf27005dcb61f8,17eb97e9c4aec23c3c93a3a22225bae6526fc2a1fe6264ff399cdfe533155d99
d2b4e2eb80124b48b9dc9f1783e59338,213d00aef4161b34b86f80f53112cf8d68fbf1368bbac2768defa0351c00354b
84c3afa2e228446db36cc215a090b447,61ebea8e263b4b301e484346773fbbb9fe8325da3bc81a15c7816436b578e210
79bb34e571434b4daf856fcf7919184b,665ee277eae92ff96ab80eaee95db66b79228ceb10d9142cb6971c23db457ec0
7c56dddc14774916be6aa4b0a450a668,c16a82f62b127dd8f09656e7541e985ece603073b40b241d126d59522c3d105b
566d64dc408a4ca3b4408e2aa95b4dd6,7d11d2490ee747889661fde992aa9b4f4cbdcc3c4e6c506a5f702b54270eec85
ac2b2e1aec844bd589c316661ff8da9b,d67245b2c01a7c28bc3daa005797d5d7274ce17da56007b4cc60b75124637af7
1cef02d6f1ac4da99edb1da2e8e5a48f,6e64d9ae44636b2452572b8503b2fce4b87cdda1bda978432148c118df3270e7
9b841c9dc558491db6a12eb2c27351a0,d05c75d0067933c6f9306f5fea49557fade94ab9e85bd2d9ca379f0b38ad62d6
d97068b2898e4e50ace458f7b73de800,13207f2d324be0aa3bb7e053ee2587165ca9ad1b24ed21b3ac6777c7b237d815
dbe01f5e89214599a843fbc610b12fbf,171f96aa6d1b38fabad40ef09ad36d669d14ed6b00ba65c1212d57b88e7f785d
f2df9847ae1840ae800ea04a78365766,21b43d796237b09a54c8881e91e2923df1cb32b3eaa4b5141e808eeba92ab1a0
4af68c29ac0443d6ace8a6891709d5a3,134250ffb62d2ac0424d98d5164c276785afa9692775b4744c04d184ace72125
35c96cfba7404effbc3e1dd2f1df9da8,57ea8cccb3238e8894512ba6d4cc11f1df4c91930ec7c84c4792eeef99368352
b0f7ba10195d44c38cb53ebbede693bf,be3369948f387da012ec3fbd6c716ba160ce801963f34252954462ee3938fad3
5a5c793d103c44a4be87be9662833a5e,650450aaa854cbe3ffb6927aa5887183637c9d4d0acab0cffc1f955a74a687c7
68e9296f8d6345c3a8fe7cbd9fb73154,c0e80acbaa0c1a7f48cfd7060f4d12b40022b52be48feb7cf929c1c453113576
5988a2e27ea64e39946602bd5cea4f35,f3f21a25172d5dbc55c7ffcc28ca9781aba1ba4161e70ce651e22cdd6fcca426
a60bb7562ae644cdbfc7d2a2c3b492c7,118a71984d81f49a14b8b937fd487daccc40330b671c00bee0fc962b47f043e5
bcae2831901645a99593971294ffd06f,4cd9dd72d6febc2c4847a281b0b72e0ccbd27ddded7a8a6e0f12583ad601d107
2dc479bde37a4c8d886e6b5120f3274f,dd1535ea359f50b67329816cdbe7bbb0af8687b778267c3691947ee325d50b44
c6177db55c484c65a4dd601a0d95df86,4325816de62cbff65b8e1ad2dc09edbe1798e93b5e9d39f796ecd9aa001db812
71e0fb00fbc14856844a5370031adfa1,eb7e628692a14e748245ace3d8cdc7f6b78488ec8161e31139eca590b919f385
f77608e59c46436f883801405dd809cd,52947e178f6994af0391c850dacafda9cb0f1724cd601586eaeeba5883e647ef
64b798a444c049dfa20477065342f609,e717c41b3f3c0be83496cdcb3e81fe238f67762545a4cb5c1c32096853a413a1
499773e26ac34d60901cfc9618c9a8a2,176849faf8350c098d75b19b60440726efe027b648221fa86251b345570628a2
8e32cbbda53d4ff8acbc3adcf6d48c66,6ad4955d771225fc0c155e6d35faad7cf19c8aee729ce9e4f19889aee0ee288b
4f859afe6715425fac496fe3d97b283d,f702109c180e750907b4382c0a78d57dd3811893888e7d038f5a8f712e2a086a
84d22ad4ec704fd0b0bbb681cf94d4c3,ad895e478825d819308d46d8b77b4cd15700067aad891374668e8acd254e02fd
87cc153df56644109d4f393ced4c029c,a9d01d97b432ef57c3f598a11e9915bae262577cb3ebdd71e3f7ee641e8a81cd
0f55686c722345389ca5b0bb988507cb,8e1eac17a92a05a479c42392544511075382094948cccde61f4738d8ee0bbd18
e16d8b6a8f444c138226ee275791e844,0a338ed66e04b4ddd8316834169c49923c4730cacb91dd8e537fb0f1728ed558
758175ea5be44f54a9fd77c8526ad842,f48b59e4402b7bc2d7f2c140cb7560ba55d47e3897cd5f8c0b608fde285e2916
54c8beea02334b79a0a1830b46d893e7,d7674fc2821c2ade63ac9e5d7a01564a26f3e0170298042a414d10be8de09e8b
d7efa6c1ce64405094a084c3264bcf41,97c7f2cff7d52a534dfb1b5e4cc5f7845e83ec58960f3b36d9191e61ca79eeea
89947bbdee02420f8e348bb85b29b724,da99ed6ffc61e3b6e4c01d15dce18cb0c891b807a931fe50d285cb029353800c
23250bf71a61472bb61a2b61fcfdfead,35004f0e5c775cf066b1780998465bd9e7a1346c73c2a3cf58f2640b483a7f06
65958879a56440439a91cb434a9cca63,565b706d8b28f539f926ce78f7edd945441cdfd31ad864aa1c5e6af0a97c80bb
86ffa6e5a1c342ff8559be2b3c6d2035,a0afbf7519528b32d36f4a0b7894fac8497e0dd6451c38cf73198d9f7955fe26
d2e0e49504e84e84a710886cffefecb0,e6ae82b5747a9ed1de55918807a08cbae68d830e5fe3165fa43445503c78e4f1
0129a18ef49e4f039adf813a047dde7e,77306d6d97fc8d4629ec07a06e1e4b8f9107e2f75ba3c4d55422f036526cfbe0
e77d4400ac4e4746818b95074fca29fc,ef3884ab1619a3a447c16770f39d48e13ee5b93b4fb231ddda80be27924917f9
4bb473ad969141da968a0c9a6f3480dc,69fe6a18ccd0aa7918e63a50d848c760bdfc1829fe5854dc335ff59c72435ff9
0cdb36f97b7b4eb7887da504a2e1bdd2,f32d8a1b21e6f99437ddda9e23efd9fbfaadb3582bb26e8a7f93c104ef9f6343
e7c573d76d9d4c38918996a7b6dd5e9b,4e262d9b699d76129b1b95ed7e9dd0543db09e1a796cf75d2d0dba37360a00e4
1b177aa7ecea4559bf33be0f875f1d80,87598b261e9ba033845ead94310095a803527500e21d9275e25f0df50f033ba5
e50fa9dae3be4e03bcc2734a68a0334a,392a6dd2f0c826b58188365c2ce355c7079534c9bd61abca33d216bcdd8e42c3
ea0736e11901474093877b9263ab092f,6d1bbf8ed72ac919cfb82509a81a5c8c8f454d20510a9a28074e92ecde94066f
3dc4cd49082946989344f4652ac24a31,3a2a7d859521146ce351353e09aa5bba07237f6055809f9bd47bcddf83dccd1d
2e1e0cc7678e44f98d66593b74fcc8e8,b6e87b0ad91bb6a02f684db4771d3dcd8e2ad4770cc448288ea682ca8bd6bbc7
5a532087b09f4d70a6c01b5078e8c8b5,253fce8bc29dc63442a8bdeea25e84529cf33ba6bc3496d1144a2af6ac95b949
461f3ea706974ce48884f47739509465,4c445a0a4a068dba490bf06a01fcddd4bd6042e7dbb67c46d329b77081c06e62
a71979054ecf4c79bf1e7c17f6392dc0,28605e62ae615c0df93404bb9323ee7304cdaa98f691695394f48f5379d028d4
e4bc4c3de31845a586567a42475a4fb5,c952b2636f766ae18233e6dd704a223d70ae0df4ca4c3a227f13b2803b4a4c67
884ad06526fe41828c7bf0b2b83bcc2e,343cac0404ede270a87effcb92ec1994d9d7273e2435d83bdd47eab924ee0953
2e53da87d9e44e078d8349bce3164e73,fc7f7e64dcdd99aa276cd87bcdda197332118faecc2f6f19c72f21c725c3c187
6c651cd790bf46af8d1c1d49af0e44b2,b027be706de162714863dc07b08fdb3f58e5c575bcb2677af0b9fdee581d8a82
f60b2d1dc48e4627b624036913831aa0,813a9ed6c9c5e440a904e147d4f76dd12e0ba2a8cb999c62644d305ccb511176
0fd3915a523547348699b5f19fdfa8af,9218aebd17c4038b06785b1694c56353ae05bb421f895bebbc0666a60e5d28f5
9e50a29fea8540778a9826cc8280f40d,fe3eeee41d706707e7a08dd07672d1c081234eda5fdda63b8751cf6b504659db
f8633db72c22492f93318b0749152eb5,7bafdd1928cc14eeaeed44e960fd0248c8ce1cd8641f6595568140ca3a8f195f
310b4aef6e0b4b5fb98a0f4d3b59f8f5,8f943addcb3e5a63bddfce0189af0c6e7a19214e4bec7d9d2971af27f188bcde
d84460e9650a41c3ba01bde1e74a8721,3a701083f2376229b7ace011ddcae7e4fb8ea479256cc92f6c2a8b022a75746a
a229ffd51d904eb59eb129cb298bc0a9,dfecd42065f76e8b221397339fe2cfacc80949e0c5bce3c50a44b72ddb3cb40c
22bddd5ed1ba4fe99bb8a107d60f6f05,a864f7061f22775714c990420f7ddef180d556b9717b424e4bdf921ef96b086b
1de02a41bd7b47f28b3377427f82b502,2525bb1e9e1743b81adb6a32b5ad7fd7303a7c8833b1425d8655fe37f4308fee
4f92bc5be87a45b7a7d50122989d2ed0,b84d485b7e51cf9a4166ea15b1e975986d1815aae05e1ef1201e0e7eb54da304
de16592ebc3d4282809ac63e32c803b4,f5abf6b2a1f8dfd97d7064d45cfc802cd621eee0d16b7c3a778b94af8a43ac82
f895ce4f00064d7ea93e2796267fe72b,dc0e7fc5856be07d8f039aa615d90ff27d8565d1e79834ca39ad84e5845e31b7
58711aa15baf4168a5a827cae280d100,5d5a4bbc13c2fcd92b3cf2a84f630bcea0e90ef4787ecb72a91a3ed308631fc3
008a46b93c894df8894a989a273ef7ce,d98ecfe562040872e83fe7938fe573e24292a51224be58a8f6913006fed6b1f6
938b84ef50394046858a576c9016febc,6087284aae3ff65a4981a759800b740cce23c68b95fb1235dc39902e4c92822e
07e414c26f1243c1b63263fffd54ca9d,8aba3c215398e4373623c62d050111c1a892cb746cdd81023112661eee24e730
8d9c96b4a7334a94b59d5d8045c8d1a4,bb66fe7ecb1ed25365adbe2c96c4a9783d01f0cd093c30e2c3c70a8d3c5396f5
53781c2e2a214dca986775d629dd6c75,b13766e53d03a3ed7b457b5a057c00c7e2ef44177f141bf5c231b914d5767b98
977fa1c8e0554e6f904dd06104aa1f46,315b0172217ad047eebd9db25477545a3081e91977f7f97c5d3a25ca55accd33
f17059897401428bbe71da2d2a9f0929,d7252f28e449437c83b0d3a37b13e369c749e1d98144dc799b229fe8c6eedf4b
0856b730761a4835894e1397069c9c5c,32851e92ee091805e459a7c524c65b3b84b63cb16b31e239c36d9d4d620cf654
b0e4a9e164e14b508390ab5b8674e63f,89f906b519290a7872132f4b9aa7d7a8d884ef8b95960a6c0c7d76b3eef24fc1
54807e5b6fb643f5be6f35f760ec02e0,512a1183e5b5bc4ba20bcd50d5dd6ce627e82310e5d94205500d030685481a96
f76f19e8ca274dcf8cb0ce9faee6e412,8404502a6bdeffe97414539ea3ba7176e09854861572f70c9fd0300d9f5ac51a
ee67620db47a4e819ff5ace709fc0211,975751bfa2e8c419031708b71dc91c6d0453418bf33297f5f6c57b999db6bfdf
03559e8c9cc44697a3f939bedf689485,572f0b6414e6fc9ce9973ce5c88d795c16b2fe2cc04b38e47a9301a3eeb78a72
f08861ac97a547afa042c23b98d4a7f5,3fb0ee810ffc70f717a69f36bec59795ff8c94591b3b363cfcb64fc821ebd8a5
ef35d823703a411b8933ab3dbc62d490,19f67fb1386397bb9128da707b310d34ee613f5ae4a3318726695ef8d3bcec9e
72f02b25b8844a9fb721dbdfaf413acb,beae2a9ea6aae12437fe533f3b92ef95ffb4184554ebe8c3916a6fe8d7e7c449
e392834c0a794571bcca02c9744af4d4,185fb8b2a70c013c898d4332a1a4c5c7b1e6da6bc05a7818a807927f3dfb8ae7
902bf3e31b64414294170e10e8178995,7542e220a0173b0ae4d33565b815179631b9183bd705355f8baaf7b48c233b50
ef62b9cc04a94711841e5934474ca7c9,eaeb44ba5087c77141dcbb7b0339ea1f60cbc14f270fcea526ada1794cab93e4
d4e7354c1677485e89e8a29d28a3af53,3396386618d81a5e26281f8aa6c60effbb07154ed53f69477ab9900bcc17a3af
62b32b1c10d9455cafbd46f8b16fe18a,40f43e7d412c01ce4a01d6ab60738fb9410b7486ded70c8e10450d03dfcb6246
d7ef4306057c4d518add7223042d89e1,95a655ed644c077f080b802d3177e4443b15e49fb32136ee0623aad2dc6cf868
55630a5edbba4110886974ce4a47cdd6,b5c4b6f953693dc1188fa7f4ad10027f79521bf364f27ac2c727fb353fe7c531
4186206cad7840fa98d5a63b93e0be8a,cb9cd6bf3ae0983297e4bfd88c3804912df5e7221881a7e1a49013d7993c8826
feb029cf188f4e5f8283e7e34537b1b7,426190438639bacbd91a54744196eb8b0b6eba7b687872df8ea938d2ce3bd1f3
