sample_id,group_id
e084ae705bfc4281a5e60155dc34c92c,ba3fd5fb8f15efe7519c794f2f0eeb7412b386611586c6d689fbc077c9e08f75
a499358f7cff43cebea40eb1b6098a04,dfd6cbeb755a139c76351df4e7c03bb4d4194817ddc8057ae1968e8098c3249c
7d4b8618c0bc4bf2aa2cfb42683b0663,a44e4c1c54fdf67210893f4521214a47eb91469a4bc0b00e40137a1a070292c7
c6fa4b40bf4b4e678c697c8411cb2592,15147a85ad7c488fe694bd458d0c3294dd9582d46c4325033f5edf50c7102aed
fe0c2371649b4f3c99fd5bbed9d20cd7,3be0a05059b02933f7a712c51b1f3116b4c768824093289ac6f877b443fc652b
6c6169dbc051483287e9f3d6d35e6fe4,dbef01583b9339459582b53639af1a5274fb9a35a1553d8b34caf2910bb3f708
76497307a864449092d9b48aa95bad8a,e3d5633311f5944f3f20dc8ea1bc156e366c1284ec149ccaec90347b3c4bae76
c5940fe3da1344dc8967a88a39a52d9b,4099703160e47fb414793daac25f0948e011e7118e97d8decd8379c7f1bd679e
2d6324eb0e36460f99ff5ad2669b7b36,e66f7991d3a45c54e0952853464d1ac8d0a41633971f5e9f4ea04276e886bcf5
1eac46d0d64c49d18e238145ef1742db,e3ab255a9393ea8913e612a7ac68f9c4097b0d6238709924429a0557eb4d1e94
8c1a770ebc1a4e768148de07cc26d624,fb973ae0ec48227662bb4ff7d33329d4f844b7859ad405e4932d416da638d7cf
44cd5ca5caa641b1a4751ef796d2b5ab,01b53d841cfd01c3517425a8ed2796c746731eeacfede013552b79a73db944ea
0b57b44b7178494284ebed7d412cac12,65d959afbf79d61c6673f6272d9a5cd23c9d7119812b74ef8688cde785bc9487
bac7407b38f3444f95babae13e2cb2b2,ef94ce14195f0ee89b5fbccb927344f3846f012c5e00b8a8b82896a08b050f7c
9590a4b4b04a4283aa26a5400fd12a8f,35827cb5e19c27795a66288d67296122d0d5087264b8d8d379af2aedeee9a60f
bdcd0033f69e443f84938228e57f3644,33fda253476178a07efeec14284c7533e2088e818b59a8ab9e61a3cde321cabb
a4fb64e849134ec8b3b7fe2839a43eb8,cd5386f267eba7c1ad81fc76c660f2e455ae554b52a1087ec59e2f433950899b
8ddffd93d68c46889c0b550731e16a4e,4518213a2dc98799c6d1dc32fda09eb61689248ceefa458beda04f7d9cd85b9b
905ccf3d281c47c8b98e29e1937def9e,1566a4c7d3206249a36043c1b52dcf622f4dd19dd68ce6dc2bb6e4c7e0173ecd
001e034f50924f959c34fc020a76122e,d8f584f5764848d65eda2a0afcfd0e115a42a51f54dee2e259faab8388e161df
6d9bdf0f92d0400289fd280b6edd5d43,7433ddb3fb5e85e202f97c952c1e71fa5619d9a34b015b3ea47f492aff8b62ed
6d1cc882ebf74f67b2e724d6bbf199fa,b4533c12305bc60ea6d489680ba19e3f4be0f00d98a936c65e4500a2b9c2fcf1
a1ba10a658ce466ca98e1d05940864fb,27a2c65c1c38d6ccdb72b5a277808cc4f6ed1cc750cf292359bb758d5330cfd6
f9cd72fff2e142758efb43894580f798,7c2e311530d655d9f1316c8ec74b0f9448f33d1205584b092a7344901ebbffdf
177767aba86740dd84ed35930e51b6fc,eef7e7003fd7c18f3f596a3889f21676708886f772739a9e8af9f8810e5f1875
547c1a8c9436474b8a8cdace5fed170f,18fd31f0332e8260243a78390486603d5cbe36fde74118140381970a12b5356b
ae6f87aa464449d7850725df752b65ce,c518450283013ee6ef1538fd66879735684b1bafce69c3c1d095e3e471b5e802
f8511ce299e44498867a45c51304963c,65cf4334c1a41fe59b7a963eb6da5820d8daab23694945d2288d21e508370f5f
d26dbaaf92fb4d209f0f45195b16ddbc,e1435906d9bd54484854a14615a9401b94a78ba81bb3d91991e4c3f6019609af
a5f278cd6514410993d748cc91dd56a0,6b313039f550d8c4a43c6ce7d23b5ecc868cbb41ee90d6ad07b31216ba761dbf
198f4d4c01224a2a8a8ea97eab0d1b90,8ad972093b6074bc03bacbe398c13ed6626cf7b1436e2525608502d27e9357d3
baadbe0de6eb4be9a55ce27d6fd9a2f1,e2f8ca609b28e133f3f3277ce5763c5d33cce1bbaaceec9de76f578c4a191e01
ad8948de1f9e49f5b6838e9b46cf7243,5c9d6816eebd3f866c66d737e8193d0686fbac0dbb53a5da9eb6e2d6dfa3bd5a
c9a021a35fa84ca2b495b87401f1bf2d,41a1364072cc095af3971624d339ac0d4f38c9a7498ff7e4fd5ac0e37f2bfd9a
05ff876952de4c8d906edc33833e1c22,ed82b076ca30de75986657f503134690189e2e88b897974d46f1666ae6628038
616224e1769e44ee85c2e9e12431df77,4fc12990712037c354f830d033da652ad56f316cf0533ba750c68bd8d437a5f1
2a47b367354942898529fd26215beb5a,472025203bfa0302e9f75027b4ef42cec44eb2bc0d0cd39813bbab460fc229e9
432f3e09cd014046bd6c97b6b34df1a1,898bfb5d9aac1b57944042561ac453349846b2bb6a62150651a5021959ddd37c
761f8dadf105463c9b492a12662a6edb,6fb3fde78dce539932952162741838f64d2f7a646fc2d4914288ef176417e81c
cbe1bad89f7e40d2b863be495652b8b9,2191b59950e0a507067a5d1e0e2f93be1c3474837f94b4015c127aa61bc6d6dc
f4b9c6e7e5b24060a6aee80a55e8fa21,f00d8cdcd18c485d6965464140d4a4a4292e4c708b5f088256ebd97a20bfe0c9
0d47e09ede864991a71eafa51b83503c,d665f0db8cde6a40cdb538e7fa1c49beb616e5010dc93b5c1b46c41f78776a52
e5a585ba353d4a8486728e79699d24f3,4dce29bcb4d8e4882c37163b063d790a41007385c77a533c68509790d417e72b
7cd41d6ab87341fcb052f5c2111bb507,a45577dbcd494610d2a9365e74ded541ae048113cde3c33dd9c3aaa0a2fcdef6
8dab0f9302bb461cb7a18baafa6de44a,b49cb338cec3b01c94b58f3fdd14898578dd2f775c2d8cbfdacc011c5c8f1831
500f3d0327f147d7abe461ff1f37d2fe,dafe2f7781eeefdaf3c746ba2749f43aa6aa7b7e0f9a818d86f5bab03a6e572b
b0a07bd375ce40008c61639798b5ab69,05f12cfb36fb3f83b019909242effaaace890970cae24b3a7149440b8aa366fa
945f848747fe432296def8f1787637b3,e97f52b089d3593b61d51932166cbe023373ce67ce38565969db5628afe7ff5b
12082e7779a6497b9a6e68105c83c8ef,5c4ccfb1fc36028b6f4e5a50da4f495f06b49740b369876ea9671231042f8515
ea1b2df6c8db41fcb2b56aedba9ba176,2947705da864143e53bae6184df618b01559e1df2bb7e719adce3afb3065472f
6385b3c923214a338e0f4425110a1b37,9399d9cd73bfada919b292232b350d693fa74ef5cecb21f7ec09a04e1aa3afe2
fd4f50635c304b26b5f1f43e8ab6bf87,ab1c3a6aaa926b660bfd22076c44db3418e9e00fa920b48952d88b0dc207732b
fcd5366cd38f45718cf23f282c9b083f,2757a0eb81f748fb0ab290ecefa02296750e5c8cac22a2aa44a779106d7fb8c4
305681cc0ceb4f33aa32e114694688b1,cd743ad6b19a9e85d18ede960153fa526c5ecee359d6e50d38e5444babfb9d42
a49e068ba68a436c835ed9e017d5a795,e0d0dd10e7ada2b6069a0a561003c1339c6e3d2f60e637566b7231d5210ef57f
31ca360d8f1348a1a20dd0bfdb9c283c,4e8543e3fe517d92856104c4a96dd5a1b2ab2c484f21731f0dc02ddc2709e07d
70c501ef0395453ab4d8853951790f56,1db5b1b7724518021c7ec05329b3cd7b84522b7b6b4c5f2958dffa3d2b35cf9e
ef5d0972b4384a14b9bd4867a7bbf7b4,d891cfa1ba23738b1d2ae919744ce91bef0781a306516c68d43390afffb195c9
11d1b009dc914d53981d80cf5aaf9df2,4b3bdd9ecc8f9fb48315c2ffe3026340505c0e2f70ea520772b03739cef4ef15
fcf4a675fc5241feb113248394fcc4a2,246f6d002e117473fcdeb7927e02d5f94aa0c3d506b94d8fb4f1049c25eb1ee5
1dc0913c2ee3403397b94e56f9c37184,5f808be1cfe3d30ace479343e8225c1db485212d146dbc073fc2a8ba3add06bf
9ebcd7a753944e69b720a2998b7f3828,1b40a87ed579d9b791f62357d27e7eeec87fbf42975ebf0e5ac212b0229ee4e0
f5555e119e6241d2a3d6b524d4724600,db9b161171bf8131a2cf211ca61a8adab1889238b943b230d0554b30d87f426e
67b2eeffc51b4d5c8216ce9bc00ac036,a2d81f0b481256ecebbf01413dfd2e979e5e1227b40102b0d708b4fa8c2a9234
251787c0365e4af49bca8736ea089b33,c68c1c3c4b5755af72ed88915438f59561d26d3ccc34d465213f1e80f57e2a4e
afe952161bcd44079f5ae1764e4b7237,054b0085f64bb89d5bf2bc7807d7acab9d91ef1c070fa01f40f284cb31b682ef
0957b32debe24991b4eda7f3b9e15323,9efda95db92505fdd18af6c6d62e9f4974a737fec4cb3b07877f84af52a1fb15
39ce91df621649b3820ea94026dc7870,8e10d9209e7aac542c0f56a33baed9be42ba6ccf3d533f86978554f2b32d808e
2e51d62055b7462090667588f71fc735,0839e9571345f83439bb562aba9c897a31ff56320bc933bf0c1be0587d32fe6d
7f682fd739e044248363a5a007a6f408,7248c52e3f2e91fadfc37d874050bcf117e29cd056fb62d0cf9d69c73460e5c8
e29af295c0de4941abfb8faa7aac7afb,a354848761f9dadd1b3a69bf88b766ee71f09a7ca61cc6f1908e63e853f775ca
e599b264d507485490feba77a89225f2,63d4a265c21996e03b680816abb3fe88cb1af8fb5cf87c483a6a6ad2f357045f
de2ee107c94e4238aac2a1325110cdd4,9058a3e10dcae93738e9d114d8b288ac893a6d56c0d86c0cc576eda9dcc99664
57b216786aba4856b66078bd1d5eb3ce,419de985f1cd86dc10a38d1397739eb0cc40eaf864fbafb074cac494c9a968d7
6e3f452277434f988337c8352a8fdee3,3cdfeecba39057721ba74f09999a49a71b67deebe06ea9061ca31e2191767bf7
cd41ba48089a4b65a4a2410df60ccd14,f0a171793ceeca103f8218a1a1fb0d9abbfbd82b068b17c88a188896b5fd7dbf
fa8e4ff9347c4e7e89352d47afedbab3,c3cd58923acc2e10f5eda405a8b7905d0d47587bfae5a6522b9cf5ddb79d3d0b
38d3a34ccae544599ae92839ef682bfc,5e3cb6937d9dfc75d4e163f4c46aac7780b06570a8945464eb67c41fc2f6242b
26a1d1ea903a48e1a646bc13f42c864f,08f1e088b523e6552125c7df5349a551fd6162595734675e41404ca7a5c71ca1
9cfc0adc131f46fba4bbacfa7feb6e41,6160fc906e67e26916f2be5d4a7fe4340d347dd7b39fb18bdce17996e4287db2
b694d647f240499bb5e5b7ae2ba81598,44fea110fd2b331c80036850cd93cb49376d3262a69a2bc87f0e117cadf4672e
c4b3cbd9e98649febb32c20ccd66bb9d,8786e5df2d773b706f355d75dc95b722c472d382ed943066efbc9fd271004d1e
d35bd6d039be4e0c812edd834dac403c,b80b1a6c40d12dec1b51313f5e3d31dc76e42b544496d82c777ee8369f1875bf
14b38845aa804f048fc8df47a391951d,4d5b37926d7568b7320d143c5b8185a7989cbaac5ab4fe678bd5e3b91b98fb6a
4b9663fdeba24ade85071765c3f8e2f3,782720e86114a951e0e8a5e2203293b29cfcaaca10a00ca08d3f26862d3f96c9
b9d59dd0ad434756a3249a486c775926,ea0aa4290efe9aac67c2cf188375553c4622b73e62ad4e9a2f71ade01ac6af6a
10e1c520c417409ab4c9ea332ed2729b,c770d1e37f5d1ae5c3b038302d5d4fcd081e9eac8bf365029abda9fd0b010e43
d56615750e5d4ee99524783907eeda3a,9719814069461486eb521bb8644cd9d8f2b7299ffe6cfbfe4ae62261dc9fd023
3cd1b670c6fa4c81a041edf35d4a5c40,2ed8b0ca264ec3c892e8d4986df0a9c4e1b48199d2496920d25cdd9d3cba0cdd
6bfdf07f51794bb49e4c99a9dbaf5e24,3f5d41fa1095f22c4e01db9341f1c234a673f3c8fb58190e3a774c41a01b03fb
3d8c13947bb1421685ac430225828b5a,6f7a8374ecb2889d519d017fb16f001c8ea044a3f0f39233eb82fc7abd2a8643
7f7fc45681a64883a4e27f43c3741f0d,d222a074cf31f76b35bab0f9f48b1cc190f8ae7e4f94ea95125c0cd5bb09c2b5
2ed855750c124adf86009d7d5b3a212b,c6187ea98450d9beace7aea090f668b1d577dee839f75667461fbcc25a418a6a
33b99590ef004f95b1f91db03da87189,9fd13fab5ce0bfc7e7dbd28d6472e05ff0953ef321a079efd32bd398af5dee8c
7ea10192976c40ba93f2bbe73146edac,59002daf3820e6ecf6d5138ad94489e1de53afba572299ae1bc0a470e8cd319c
5d2033870d3b41c3803578eab00a52b1,f0852514b010d98585bd2a986101dac197abdfd69b4d70f19a46961500ab70f7
0793f48b1d3c4664a0c17df5cb13932b,aefba431d14c574c50f1d603f6e79433d252b75a6ba77366125f90fe88721a71
aa04b36fd23f43a0bf0eb479cfc728e5,434504e3842d4ac284cd312775d5b201b0ed5b9b2a1ddec0e90eae84a9e2c6c5
a621d9c42bb64ee5b44ac059e507a98f,64c739835f007fcdb287110efe62d043fd124811734785ec2e81974255104f5f
5f0099c4c96e46a38b487c96cf7c80eb,50686216d7ffc8d69cf326dc85aff76f20b63b33697e33c969bbf6c5c368cda2
8b5213f78e66481e902a126b2f977d68,e45c2a23fbed24f1341ed73b13d1da327a1e3c388bd9d3e682933208d809f9d7
d8fd4ae99e674545bd44a750aedc87c7,99bf94d2a85fc3cb951c41161dad9ba0e4ba46687a7dde8cde58202a2ce4dcf3
81eac7739fcb47d1a2bff3e2752ec7de,fdf9b1ed0ddd740cdec1065f3c45ed2f768b9a9fed4306b7f53fc883ee7f6780
6687f485eaf54beda5272985ed0cd252,faf774feed7e3682d7cc6d8c1841c5b390c1995146ee6f5625290dd7bc488a8d
c8421102e5c64cc19f67b1315a9ffb10,5dd0e3095591d20e6b824155913d765811bc9112e8435c6c3e223025e934bfe0
7effae3762c5451da7ac0eb4a1726efa,a367599e34c1423d3f28ad0cd9727bc8b3056de19ceeb9574cdab54b35b81627
b0da58bd64ec4909b9f4e6b8ac1fa355,c4ca188bcf9ab8f0d13937f7b8d31f88fee0883c6040325841bbb3ab220f52c0
bb2465041510437c99e073ed62795b50,679078bd455a57d6972382b14fab8b24282f12395351902b251c28477cfcd36d
e3e5c32e32f14f2b9146f7428ad4ec30,5a64c8af4ac343f6a094701ce162ed9caeaf42dfa3a994ecb572fef3086656d9
dcb374a4cfff416ea3e6cc72d55244a6,4b983f06476103d21c403b9d8281af2d5eeebc619ec10d13a1b6bedbf524bf60
60f8278664f14db8a290d151fdf3db23,dd6c88552b62e544ee73c7d8d44d133b4be038763cfd154695caeeda5cf9a626
5e6a0de843804e22a121b48ad0850fef,cbf68f9d777bf9f584edea67d2b86a35cc10633ee0df58831ed3d5181ad94395
655dcf8f7dcd482bb06fa5096bd38332,4a2f14dfea7bb2c16375961f875a5115f2b07e3ec6d68f6a07939f2de84abab2
54390a8441f347379cf70946885d1528,3baf83a76a34bf4dbb543d538de3b43a66949ade01284b7e854d2dbcb287d4a8
cd6261e6e77149b8ada6c05ac8340a6b,ff88e960ac3bb4308db3f6c9e93cd60d490792f61baa719c0f80d140217ba21a
cdfda131e0a54cb097fa7650ae38c8c1,f9d82ac9f4822f9bc1cbbbaf7e7a535468622034d7c5659b16dfa1a7f84cccdc
c337d8a1e71048338aa49d523a76277e,7ddd665bcbc0db61ac8c0d93fb8d9b89d0619e0d811959b785a8cf6c577c9f2c
6dbea4c10bb94f67b78f3ae45a60294a,0820d3e6b1283ab75ceb78659ea3155122b8d6ffe2a7212bcee9ce3b6be76c4d
d1e9c310b34a4df3b2b5ecfa78f4fafd,8bb8893db12528af1197d01336a15221cb3b944ab444382c8a6c5d2fca41d64d
675f033277b940a788d6f55480a28a79,25a3a4cca2a632e86ae39c94bfc32c1edc49cbdac3625eb9fec339029f8d6afd
24cd2fb3567248c9a5db642143bb3840,f1c4277a1a03a241bac5b836afbfb6a7b5e1da4a5d93df17daeae036e1d28da3
96dd96f386fb4e9e9d51a80778b33231,effa4bdddbf15c7da8e0f7e54b66de60f584cde111a6d749776110d53963eaa0
3bef59fa8e0245618fb20a938a3f5bfe,85d40731b56900dd049a52cbf1723755126ea507333d666ee90751cd542caf81
1da54e2e712d487ca95da90a0dc9fc7c,97931d69fa78e581441dcd725ec5934f1e27c4ae71efc45b3f9d7d8d6f32e7ef
f92574f43fdc4f6d8f03f655d3f0452f,d33842784f815cee031e90db35dca6ed4d6c255d202fbc2a45a34f6b53c056dd
c8b8fd2906ba42c4a61b6f33345c8244,35fef31b7ca91670cf2ef5074f497f8fb824c2194d82c3fec3a5057e47b75fb9
171cf9dc8b7a47d1a4df336bfb94aff8,4a741a20a3c4549905f17f9105b25f3baf0af4d0d52426b7141d77bc010097b0
53ae0896357348ca8136644560a096f9,fd19e525e18b0773a855cffa5a8e32691e0303698713166444c3c669e88f0084
209bb573a4484f5ba1f4c9905293ccb7,06693a759c2d59d4a9ebc87cdca6124101a0e899753dd8f877a97b5efbcdd61d
aae503948d1447feb6860f8283e15a50,b3a5255daec5a0a5911d70ea604af3782680a3485b0035e3b1f854a42f5b14a0
7fbd2383d2b24e89a77e2830cbcfdbc9,aae078f871fde5999b81fe9b7d1765e637a9adda89e01aead60ecc99506ec903
a255fe6a56dd442095805b67b503d870,4d5e3ef39229b225e7c3522f046949719e233940a747efdf317a61f45019ed34
15ab53f2cf534c18a88df0f6be7be0e2,969cda281147bdb3be938601e1ff62e90409a558760af15b525ee3ccac996432
2d2bcaf34c1a45809d4e0eaaa9d930a0,475bd246946e941b8cdda4ac41791147985b295d1f84b65191dc7e1fd05c09b0
15f706153ac34199a8191dad5cec0b7c,44dd077eecf315613dd0a715d94feed6d6b961be7e09538810cefb38c98480a0
7741c77c25b2472c9afb4f80bb976aa6,17177d78e7f2d566930cd107eae2b467563ba09023c84e143a415601ea0254eb
850cb24c06944b4e88e6ab15c40b51c4,a10d55f16aececcf2d0f53f87d61eb20acde2b9d728613f1d08f53a5fb97b255
a571861d699648339aab94ed7f4f3532,ae07fb882d5c602f3d0427bf7dafff6a5345f7196b377c6baaf75e54a1f9f2da
8baf1bd9389e461aa94b1ef7e2102289,ab2b6d5a419e240b51e6203047cb52c99fe2d9d7a0420447eb744c55d07a436a
cfbf52c15d8b454888f2f3709c3bb0cb,4322165d7ffc63d21a260dcb4620f31a9066775fade208cac9de18eae3559277
751267e344254486a513c984e07b5739,43f5209d3601e625a717646d4d0ea9c3f8a31f8dc5f4d1adaa1238bee46f01af
09d741d177184b53bbec9240879b0c16,623ae4e00c7fac17d122b58c62bc369b24413a01665db89bfd2079cee7c564bb
be9e060bd621442b93b0d48de1fedef3,3d98e8c0e5998306357576220b7866c86d2452381ba7cfc036e364b84883337c
d99ee1344a00494aaed6fc987453494a,a19a7a5abebbec2b7f79a330a5fb8dd67c3d15d4a3ee9f51e5ee83355a0d4c27
a45b946a73844610aebbdad2df7227ea,766c720fc2c94f947e58008c6e1397d9da23a98e91dcebd1a5dd0dbcaf129ea3
0e7155e67a42497cad19b9647c887085,1f1fdbb093ba1d65f4c72ba6ed583114b9bedc5c9f9f8a686c73245dfdc89d27
53e7d8d10e7144f89fcc6154d4358201,859220c17c22e6664729129769d837c0db9e6b08ba3ab99168ac420286dccd4e
d60265b79f0444c4af0996ef59200995,c357c8fedf3b231d666e97ae156d5f94baa9d5ca221573cbcaafde2384196550
50d60ce251ff43fd9d9f648d14361f11,3820d21f15a698477af5155c88e3bdb8720a6a9d0bc5ddf7d0b4785570420462
47e301e50eaf4312a7d78a7933835705,eaa2facce169acfaafecf02a7fd1a4afb267f54f1c189f669d01f4e7a8e1ddd0
8c1c509a6f564e089bb872125209ccb2,2c7218e4ad2fee3cc4f353ba7622b51cd9836e80e4c509fe6f4ef08d16ab1ec4
b0d5cdc592eb4f43847f0d14dca48372,925835a505943b4e2675bdc36b0554b75ee5c7e38c4ab06b2fb18b3bba8e4115
ca9c96ae73064262868dc4c25d713853,924aa1965313f7f77578e58616c543014e7876a40d98985b033bc84e7c98dfb3
0b32d6edf9e545c88db2f1a0e9261965,f6c93777aee8794f6fd79d2b168083904555e5cf79cf15431b29b798840b88bd
80a48799111144c6b83fcefa15ae9e6b,74830cbffa46a1fb50f6e329ffda2f99087dccfe66c220b5a394bc7ba6038e8b
bc4ee7d928ab4f79863586ff3cdc9d1e,063426939da79ab5b09b6df69a031d5a07d2b8445aea2e5a486cf52cda55de53
11085cf125e440c7b13e58a425240c15,f2eda901337237ac31cb3564dc7004a8aa13d0c54a950d7fd280c4ab1c27c854
e3c19b63a9074359b6b4ce6d76288f20,383da4935ad491b906bb19ef3e1158d66dc753d48fc04667560958628f067fe5
67187ca90f9b4e5f8d17c19e24a090c3,2ac7104092ca90bc78dcca3840bb401dd9795e7a58833311ba1d72f984aa10cd
325b597e40424d8e893f366bd0292cd0,3646dba262cb0dc9926c0c174626bf1605da9f56de5e9120fccddd9cb358b48a
d4e946c7aef14bc0b52c66920e03c138,f2ea5cdcf8f7d79e1e59471404be1290f5251303ff8e96b488efb7bb264578ae
827d72bb6c6f4103af3080ff1a4c4e99,1d788b8bd186e31e2b60f757fed863adde65b381d017303c358bd51e43173d2c
49d69c2b5b0d4f58a1739854c668fd1a,2b2b6fa4f878b4c7f04d56d3acb94220512a9d66b433f3292e424fa73bf947ef
6bc4fb0ac6b541bb82fe619afcfe1242,0867b9c46cfeaed919de1f64b244bd9ab069f9193ee4da604dac869c21d231c9
e308f884093e40d7a62f5ea219af6b9d,f816ab5e984cbdc16fdac5f9d311c148fabe6451ed26e5789384c7a604ed4110
d192d89acba243aa96976303c482241c,82a9a7f36516cb93b8cc8e33c57159c033708b6dac36c95663eedc61915d03f0
36cb8c5867a84e11a765ee8079c16e56,03ad17294f74ef667337b20b12ec63256885acd3fe8a5066a698ac8d5cec8967
af2dc590a0984764a5a2a345f3d6e3b6,fb7ea8a4e6d6b36016a6e01cabf2b7d2b51f3f4f67b2bdd74e785f7b418880fd
504f04281ca94f8bb90aec054e66955e,4e677fcb526e57745fbee679a6af0ca85dc89838a07dfe9fe3204d3929c15b8e
7f79e1c1b64648ae939370cb1e23ba57,d6d373d40c4af685da151fac9fcfe0bab01fd6943deb66fea5b8417d0988def1
05203f3c463241ceb3fd833ce58e1c61,884ec01ebfb88ef6d573ecdb0963bd5c4a9c6f8eea3cd1cfa58a8e64137a0a77
bcc6301064a842c5a02cb12afbfcfeb6,ff9b8bf4d48215bab7558c84edae62e3dddbf374d53e74fdbdd70c35f35da389
cf556949f20441f59ea959eba7632560,8c8954216108f85675fd051148e57bc2d954200daaf254cd93e58c1a74d3404d
c1961985d29d4de19f9af09fa948d15d,03a95bc540a794a1e3f6c8d212f9f3ced3193450b970f0652262112ec8f0c493
78e34eb8aef5442585014f31033a0fce,e903a3112b80c462a39bd82db08f74628d1754526e23ff65517813232a925b0a
5dd8690c79214cd0a8231e30d3c54f55,b50301e4b235462236523cd30a8b27f8f61bf44bab4a0d47a1a182dda0b595bb
1a021cf977554296ae3c675fbaffb4b5,dc225cee801cb21ab35da97c8b293be9c4fb9d2b39a54089d16d25e82a40b867
045b5b0e4ce848b2a90de0e04d28fe26,cb0f97e92dddd688177eb6bcf2cf2723f3d39a80296f9cfc1e416678af6a749d
b1f630574d604965bc0dd5dea384749b,4e9e52c1e36d51a9b48ffcd1489099cc8d1baa6c0565e65763f9d48ff1bc81c4
ff122a99aa3a4256bab5e84257c53556,b2e79c090558e41cab1b0d6e951bdcaf9b663959160455591f893e0ef1918b6c
efacb75875034e9a8f26315f6ae02ded,b232754e388c0b3bbd262e1214ddeb0dcfdb7c755addd580f96d9e422d9a4391
51d5ff80a33f43ce833dd541bc7dfb72,5f935c8b790c121f1afdcc158a68124e6df56b02757d7d602fc245b7eba887c8
68cd505f86664c5798a5bf2c17c0db5a,18090f02f8b6f68a131aa419f59af3675014f6f1d9f52ff4e4ded7a94e3c9419
6052d0756561486f8255ba19ae736367,e975335fd22bdcb8b54c392b8e8b36628ef9d66c4fc1af9961b7ecc5f9716820
05f3b78d8f40403bbba8131338110e4e,be86eb6a8a55a1683015812011984e74796197aa1828a1ea0af9ad8815913b0b
a75f29b60a934f55be37dacfa8112dd7,7d9656e8940f5378857ede4d06126c7ca05054fe062b31855155267a1e264570
7e4f356f1f25494e9b51290b4a321ff7,a7a02ed477ad8f9f068dd13c1c612b28e2f88140c681fdc6317cc1d0e61a1e31
5ed1a685ae604067bfadd65081218053,3838a6a461a64b9273d541e2f35d8d6e1e64b7b20499f97164e7386b9e14123b
6d56876fb06449cb8a04c6a3d82e73c6,756f2215f737234df3fc73fd0a442efbb336f7fdb5b01bd0ea8470415c08f357
9debff83935d4e5fa99dc2a885d5fef3,ad2ba589db4798f85526be263c0d06b066667eb9672da4805060c2b83f4cf8b2
f4eb0e17a17f468a83fdb7c1cc736099,6fe86e874dec6ed2c3691fab302ffdaa225cc6e5f597cd6f4dd38efb0e462861
fa16182b9a704d928d46f0b98f97f5c0,bcf7605e4e879b1eca5117707d39d7ad6a40441822338e0f645423924a30f795
30257dfba47b47638e579a65a584a89b,9a335afe0fe498e8e81d240857dcfa75164134f479defbebb61a47c7833b8c53
9c1277ae94314b46a8f885707fae4119,ca0dfc7af1239875315c638c7f28e77b364d168f6ef8cab15c0749705435356a
596bab3b4c664d09a3832ad68eca197d,26d4fa6addad5a5816bc22d1086c1df5226d87d2e17db34b1364c23816c2aa9e
3bb10d2adddf430d8d137d2ea65eb9fb,6f96a6166be711c80afebcaab1799e32ad5f02e883607bed047826d4e5c57fa0
765a970701fa4bad9ecb7d55ea54d218,cd7e2463106a63b0ac8016b8921de08f02ba124972f2da6369cd64b674257bb8
4587aab49a694402bad6bda6bafd85bf,668dce7c339703f44d1ba2ea6c433e4eccdbb70663ca62989d966443eef1e94e
eafaa3a64c104ea6b70e14815509c4a6,b69c9a37be2e2f26d66b155ec4931de82328c5a2d74113e28d5f6966e970a99a
9d45b7c65101498593fc93edbb59e51e,9ca98c11aa0f675ed2c14c9acae0414c652f942230905e8b9f5101b6c3b1a069
7fb01349c8e84d26b0e86177b620c687,c22d0f51114d523c98ea470253f516523a9beb4cacb16b3a111da5bfb9d30a14
c811800d9dab49a493f4f924eb9b6f44,97f544e8f16663b540f3a027e30f18de8149a29c66855e69d6458df4572a6179
c74ef00243c74eafa7ca037fbd3744f3,c954e117f7482f9fbf6d8e56960c0b305d4b0a671c7d1e487b98da1181fe434a
46fa9b3d988c471290d01a47e2017cf1,012a02557dd13959296b713a0a0273e236604ca384ef5fb7fcd3d34c437d9cae
04ab5d320c444da39c93f6637577f1e3,e794456f2f7f76e585e4cd872bc514079bd27bbc7e26b13466c441cab287933c
09974036266147c0902c5ccf11988b7d,5f2623d389145a60e54e0c5488eb686d2f01389a841e30d5e5edac227a20e7e9
cfccbb0984014081999ee4760aca9484,a4506cb4b4276aa4ed22689017f530d038e2ebd13ff627f26e5a7a45f2de7111
9e032bf826784a299c0b66e1d37322d8,20dcc7e8fb925418d66f7a66e7222e1406c1111840b797dcd774d4e701683df7
4854218fdef94d9ca09adf8113a6b75b,ba5c7f6e0d70a1abdb989155ae46fc16ec6a5ceded8a52b146ab7d864b39bc34
9bbb4e2ffd9f4e39b2d01202f5214e85,2285ee2dcda91e0d30423f021fff31f6073c58e746aa6787ec1416cc59e22d83
658f7c6a7e8e4df48b1571b46a87f166,7885f232a3696e0b3a979d3be34af07f05f3f57372bea48d2d5ee89c40427a7c
9d37960ba7404f1a84b52dcae5495d76,75724703494ecb9ba6ea55d78f22e8b0102df6684b14a286d41d0342da5dbb1c
be6ef3b877484900ba77cde0fba39258,0e16ea56e3081e1143774f83fec5895be2dbc2af0ca35504fe2e9b2dc6dcec64
0f83e697a3764db08c7e0c448498f59a,bfaf8c8b3b73f3d30f35b7305b6fc4b141513ea6935f999efcea83d89dde141f
fc58bd757dfa4bd9925c61fa56d777ae,63d630d22b9c704779b04ac8cb73811601c6eff318d08505e79d507dbf3943fd
dfb5eb7b1ba74c66b0c4fcaf465b1484,0df7d4877930b7459fa5fd180a9e58dedc45602954365ae8a5b52ac6b04a6f49
88492eaf01a64a998d6b204d01f19d70,2fbec01b0357b704da24d497f9da569b1501558d11e1f0efa576308e7101f76e
611362ac3bb84d58b3babd9d047513ea,cdc7eac5b58ae94b72768cb8f9f8c2047f36451addf66660c7eb1b5cf64b9f86
5c58f5ffbb504cafb894e6bdfe862250,f2ffb1bd72bb4f682d38faeea08c4ce695e4efdce661ad5d4e0e9f2dc70ff892
48e01fb671c54bf1b41b2e553fa7f50e,0ba68265fabc3bc0535c88220aa929f07e9750ec680c9ecb2aa2f3f09e73f0f5
f6417c06f0b2496facbba23652ca474c,ebf90583dcea793037fdc1aff88ef3340f726d8cbf1e07a22c010ad9efb413ff
4f2a36e533504f97864068e9e2f136e6,126398e1d21242feb90e0e30d2e14af9c9aabb30f7763c199c469d56de2e34f7
872b7988419d406b9a8a27f979e592cc,c19aaaf17879044ccd4610eb90d6d1b63f2bb280ba75ac6f59bc6c5c51d2737f
06dd9c866ab94998a3a04279922abf2b,327dc9d952a1df72163e4283b6ae9c23aac538f203266aff7c570835009d6752
2d7e2120684d44e694fce6ed4e872628,3f6c4f3d6e963c6eab162d07a8d08400fcfc5b853a499997b51a626831b4bb12
e74115e050054b79beb58b8c0c00e48d,dc46e5fdb0bd3f6133a7c2c3fa3d22f05d8c2d29f6329e23b9076232543a62c6
9fa7922813864534926701bcd5968b46,ace855ee24c45b6015978d64ec94effd533d86faafd930e8bc2ac9f1a35facfb
79486f8c76524cfdbeec2b182274c4d3,df61905b1d527b51daa7ead3c2ea89248bca26e0ed0f7cb7294f371d6199649b
ef3bc640efb44df9b80f429128287372,6a597dbf704aa2502d010e4b75f080653212a45e79fbf588fb101b124a6c730e
00c3f7cbedd845b483c070efcb986272,98927b88d2f966942324a12db7218b85626fa2f3e7682693dfd5ddabf5fe5e6a
c835bdb58860461e9ca7c4b0678f6556,0f693766bfcb469d5fd650518ce1fa5e577ada61c8d8473e38cfeca81b54258d
5a67a8ca97d84a56895cc58b75d70161,9bcfaa5d13d18151e2631641eb92c17964be3dd433533bc6a615d8f1622ef524
d340142a760643279662d934caa13592,22a3f35757173d0b4f01b94254ff51c297584607a4de1398ae29c2ad58da2dfa
9375cecf60494a39a91d74bbd532b247,e10b9f930212a273f46847e088ddc73ad2c8a3587e45aff286e0f1dc08bd0eae
d7380307b2ca49a09eb8fc0897e47d18,ba1c949f4d82e98e62518ab2af82b80a6a9a7224f84ad9a5156e6ef203fb7caa
56c45263f3a54a21907b03dd7fd416ad,4e7b970d00811265c4efdfc4459240d3998505a9f60a9048c75e4d14aff91bfa
45ad7a75c63a4cae853b0594dced4b89,c933e22032ba9db0012de9cc95ac87c21ada87ba30b9a6215069ad7720b7f9e7
041f0070383a410d88b4e7e4747d0da2,13a093bb798af3cf69b5214cc8b8ae6bf5c33d2d9ff74608582ac2a742e4da9d
feec559a32ff46458d8034e84dc97339,d417aa8e913fb18844d48a0dc103d81eaf5d5f71ccc128aa0a83a6785c6c04f4
12b4ced4144a4ce19b620b5cd8ee17a1,fb456debebb20339c6814a1a4e854edefe5161085cdf90866ea244fb261d4b36
3e4835b66310479c9928da319a61e2dc,640745b23fdd6c48582e0472866e9a05f80223bf7f1e851da2ba68d5707e78bb
6ff2c6c90e484ca5ade3157baaf38155,9d1dea9586dca1e1b8e78a89fa2d46a006bd249a2ebc859fae3cf0a56f657149
e564a84cab4c4d5d95a0a451b737359f,101d419e522ff572c57b04575c136813526312e1299682d6336cc5d3922cdc27
92f4c5298f674bc59691d349588de040,6a98d9233d8842008114f59f7f668da8e94932caad023e57b0a057a9658dbd29
9dbc09aedfcc4c69987fdff6d5b50e0c,429480319250c2fd63dd5975d9885411c8ff19a16053a654159278c16066643b
67f1f6be9d0a43bab553547d3d5b4a49,a2890895fe2b38098b9b8d1b46d3cc7ce667445b64b2085e01f35d8a85f8c2c2
552e317ad135479990dc1304700faa87,a8e9d6a0d770bb2649eacdf786d846dbb577b96f738873332d72bf6e5a51bc1c
429e702900044f078929ef69e455d398,a169022b9b245ebcfbbe6d3a05d365c0cd77af54c04e78601f37379ab5d2ddb0
1948673a75074471ac089f6d6e3e334b,a1d4965599e8e245d027ecebc71b5a7235204fe8180416398516e3de42abc2b3
372eba78b9f44b77bffef9f458836c2f,b6a000c30ad30f7457286613340611b76cda2190b5cf0245d0524f2af79d4b1a
26e31f1ed7494981b5ff0be42da9a2c8,c7042cc1a08f0f1b768bf43a9132df9afe6b4e96938cda84e17c397bf2094421
988d35ef6dba461885ca2b32263f1f40,aaa8b10af6be417abe3188c6c3991c561049509b17761c43ed6910ad43f05828
96d5b66776684fbab25a8c7d4c0afdf0,8f7d0f006f2ccf05e8ac67e86d6d07101d6ee89573080b7075c953925810e9d6
5739eab5206e47399c7da20e8dc7efb0,d177895abcc44b2800eecf8b92b816c649bc532ad39a2148c748951368d0c3e9
2fe8b74231ad4cb3b525abbb5f5f3840,55a454c5428500270f3519897c46448ea272961ff0f26b0da4826569fe111b81
8ce1185a24dc47528831109ab01fc946,c8e2e501bd2eeaa6b5980c80876c143b6daf6353cf2ca25d8279da5f081653b1
8fb70aba169c48c89a6c1032b93a9745,e618d4d60fdfc698a282590409dec6fc806801326525a021971ea671b23b7c43
e651961a0e894ef4a375c0b15b8ad546,5434c4b623eb78be95b4a131f2b468b3810d3d992ea97ddcbf82f692cd2754e1
619f0785a5f24a91999929646b059e3a,9ba60ed1f4069b23f104945cd3884f5828ecbb4a99283cbe0ea8c8e69ff3a567
6c73d2ada12b4e658a7258840c10e5c4,ed6f652b1bf67cae36c8d0865dcc699bc84745a25b034cce8e8bffa3f2690804
a41576fc57d646e7b6a4881731110a57,29b8d4000d41860b0fdeb944299003e2afbb212412462f61186418c8bbae6adf
23d9d679f7c94f6d95baabd2bdfce6c8,2fb5790c3cd74601c4e31a319effa62d58eae398b4ee77a8b77d2e908e18a1a0
104598b776424cc4bfb75379478940c8,5a10dd7c1e211b6427bff38d9db41ab367abec05ffd6bb7077c4159d01cac7ab
c2d6cda10ce34a4d85974168005674ec,e02096960a265adea1f77969f9fa7844be45704b8ea07d65830412b949cf6161
d3e6bdd3811343a5983f765a9d72b4cc,03938b3c8f7f72be936ac37da29a693835398c6219748cba5d363c4f10dc0c45
168c11a1d58e456588164c6a9ccab05f,872af04bdfe75a29193518cfa1e572f7975d2fa70db2fa8f0d44e524a44200df
15fc839fa5f14d54a87266e0529a9fc3,a54728babb2ea5870e3b93e8214f5fa519554e8b12a71ea7a4875e195526dba7
e719297745b14274835b3402e7c6b8ee,c8e08492ac022f1336a329a1577c5baf8dc8c0e9a285ad47bae170daf0e6dcce
5d3ae0f1072847a8bc7c4f4776182822,8556f30517d34ba21a63a9e0d96a604f056839cf538624e6b9ef5cb3ac185ec4
8acf7868f67b4494bb22907741268e3b,c9384a9b6b39eabced8279719a5edc64bd2387bd8b1cc40f6ce0b1bd216515e2
fe97a7cc771241a3992840d27ad3cbf0,aea0ca41dae86b44e0edbdeb20445f9918a5a90d537a4804b35b30952f416ed0
eabe9a7f0b4c4e7da373ada2aa3d4c0e,097c620c72c0a40be4311ff70abefdc84a5ed3e68ed87b7f5a8daaf94cc5ef00
6ae96ab5f0444a1a926f8dde5e028019,3bfd7a5fa998303cdf3d11a68ba6b08d0874bd2f9cdb06d7beee051b460038e2
9a85f935a8ee4c25b86c5bf9ed51cb2b,c5634a6eb3050ac617aa7b22148bf936681aeaf303c3e46fead0273837ed3d36
c9bd12eaa9e64daabe3c7bb61ea7d970,8520f7be0d4248ba5ca5e06c63dda378892bbc266f75dfab940962128c14c03b
58a1d6734371401fb8fe81e24e21e01b,29e6b05996cc4b8bae801d58838b64ef518a9e351f91794b23f8731fd30a592a
8bdc53b5ef3440ab93c29a30c5966e3c,49c278e84c4bc43f8fd96cafe843d17ba31bed6e74df637908542d885ba0bd56
04bd89f6bc184529b1ab25cf59abe7ab,45901f95a2705a208446f064a0a916c3b5c2bbcd7bcf99ff15b7aa48b24bafb9
cf799cd40cfc409592c9ad43a29fcd96,739c92dd02c4be3826285ada6c88e56779013f88c6b8473db638eb24031ffaa7
2f5fb1e3c16f4fb4b8421cccfec47d2a,f30b4a9278ba4bfcefeae9cd5322224f1e052012bcfa639d175fcb123d7cea9d
ae6039455f07431e9a791036f34aaaf3,e0095589d507b134fb790d8f3be3c18888a4429d576c61a326d4fd259a99c624
1875fc8d845b42a8925baad3a54178f7,86a5130b28aa92bc315fc73dbbc6f0772873c86b966317c577817ed9b5c6e06c
d772a715634e47dc9bfb9cdc052efa6a,2ef97b232df903cf4c4aad1a17538d908ecc53785119411794447d5bb737bc2e
c522f2e35c31428d82d7daedca0a7855,bdf53ab89fcd68162d237a5662f5210a00685b18557f7f498120245c57525acd
20b211278021410fbe7f6567450458dd,053e0a108123f4619c2eef4987f424f983a061a135e26b5f9a98692994fc34ba
96ddf8a666994bf5a8c2aa88f4acd239,555997fc90bb125aa0e7f6b630cbd6a629397054a2293dc06893d4c6a5ab8fa7
7bc40b13d4a644648dae6c51fb91d0f8,c918f99d6f94577c3a65de69c9068ffa3523c4c0f7f4ef23dac927ff13fcb939
d834e83579ea49bcbbcc6cad9ec5da41,4277803a5167a33958655744ac22710f54f3eaf228811cb9fcb954018b791ec0
d9c631a66a8b4a25834c310865830c24,ff93f4f9ed704b1db110b21931faa6fbe4fb2c2bf7d20388947d346b5fcc1f8b
1e1f9edbf53b490abe39b91eae246230,be75d002934ded92e70d14800849d4b6ae6e6085aefcfebf0667c7743d5154e7
9fbcd2a07b314b91a29429fa2c767044,7a5a1006570f4a9a2f55660cada48b837be61917b8e29a28d59a6464bd3a8e1d
fdeeec10cb1c4c149170d054e3b2f05c,53115651f644bfbb08abdb7225b28f9ee1f25d8127581d4883b5ec478eea13d8
6fe31f90b6be4372a0c45219ed57675b,369e767783c1164bb8702ef052ca529eb74250f3fa865389088c716db3d6e1f1
13cb36b155aa4f46a5c03517b3f3a744,6f37f178290d8beaeb3ef758072b6be8299fd9e5fcec4daa08ed33c6e40b492a
ad25818da2ef43aba70699fc32284a41,47a1992e0e623b8efc171225811c44a66590999f83aa71c81dc49985194eac77
0ff80515dcc5402e82ec0229d3871ba4,38aaf6423cb5f019498384237ad60d99bee5a70f6564c21c31f10731471b33aa
fdaee009b80b4dc39fb0fa2057e917a1,64a9169c86f7803b6c12462f13ad23b5ca1259d85516b27a05af34ac25a3e71d
c845c8b9d98346bdab4a5cd1ea42ae1a,ab3d484731a49aab47cf5fbdd9c5ac7a51fc277eb15a47acf51d4f237cc18211
d0bacc78a3314f07993adccbdaf90f2d,91e6fe6768b56a0aa87c5b2942bff34d5c2496bed57334ef3a8e1b00ab6b296c
671291b8019b4d7095fdd142de69096d,d3915894d12d79c5f838a6e7214de3f2baabb1dc67c8636d9519568430a8eb95
01f26551fab947178c150a3d74294d22,de86d6984d19fbb733fc1475e6a89665ed4131c948c4f1efc85780fc4c7b6c8c
5d2dff5fb64941c980bfe83a7ba53dab,bfb3c95cc11b62d872ce2a8ce37b09b8d90220890a0ca85d7aab2e412f9485dd
8d4c237eea944204bb3e508034a311eb,502fd164698edc9cd82231641929788298de76d391719e875728e8e3d4ae64ac
01a077b035f9478d8b2c0bb4a0cc799f,c36b92225546d7c1685f3834ef843a15818c38e1a7f0c3133236298dedb23e88
3410f99d0d2546e08ac50bd4aa4c86b1,922dac3648d6749035f106b84d6e0395ca97035885544ee6c20cdb75884dda75
bf3b3c0dfeeb47c6a81cf454fe452f32,73e4b095b0e386f4143425f8cc483858cfa6dacf8856659c2c16d99c7d64c01a
1575b640c9284800b2e9294171d42530,bbd8d259ca392bb8db4e04e1a9926c20092dc94bbdf095328a9aa4b7dcf225da
d29fff7e5cdb423fa84658e11ac1b4c2,70156970fd29d2003e6f3c98238ede4301352f96c95a434e9fc07d0a5e25ccbd
a6a7c25701e54fa9b17a0224a4bac0e1,6cd47bc9c987e676cb8e45f94032623b518b2c2284e1e7ef73a68545b6a39ba5
f175f80e204e4d2bbdac0f8cb0647899,d45a9dbbcb0507a738ba4fad7be5d052e14580f0dc686dd81f35d6403ce29746
26476b481a45407b93b9d68de7c4860a,41f628b32773d2183041a1b0dbdf34fdbcf988263fc10613e8ff92068a4e82fe
651dd4824db04419b3acd68703e89513,156413aad2dbd4db5c75ac0b86cb1448a99d1862681788d3d74648df512654fc
fb44fd5acf974164b045d3d6dfc133b2,91a52b2f10a1044d8de13fe6716e8537ea1b20794ac2085c47ffc3840d8a3746
0e12f72bd1d34baab355baf03e59aec6,da04321b35c1b413cc262595fd518f8ea73be8bfa9e59cf9f9e24db7d5c6c09b
5c81c7dae2894a1b90d35a419d2bf666,22e6c0567c584a2f15e943eae00e2d65c29e04ce2d60a5cef568e367239c2728
8c2cc266bd674ce0a6ca6e69001dddc1,775022fb0b53456ef96954a47aa0d2d9b832bc2849395b1da546fa405c3301dd
aaa27f1e26bc46508736d267c1bc1ec7,cd20359d724343ea390872a3b57cc3042ad66e710ce74f1227090cb6ff7e702b
7310349e990b4a1c82194e801cdf7284,eb04bb1750d2cc1ed52100c294932cc1934bab69df820f649520015edc0d4d1b
d712e231a3654e019f0062581fe438ea,1fd2bf69e0eda8f8f0cdfacf0dbe1010f038a815000f11da827ac1c39e80f4b3
8c30ae1bdbfe4f4fbe6992083fe943c7,2332e6e48f524c839243a9e5ed078f1e40d78f95240e1676d8cdca2f96fcdcc5
ea83ff42a5154d94a5cbebbc77a63a1c,5929b08a2d6ce99fac1c4fd8039f75637df432b32054d2b5fdbb0845cf28a680
eb7b9d88d1ac4493a02fe8b9fda93956,c3e5dbd3f988ea1e6caadfa7552e7236dfa74ae8a84165ef041afc65b7bf4a70
679350f3da564545a05c4fc46d53ac36,6f8e355599725deefa0b2fbba9167308aa01900585ef7fc0cc51a9b43098359b
ead95f9e68cf4845a3754dd6d8e3ba6c,16237f57f1164af530e30f49137dd32497c49fac922c72a39591b67d38fed50d
a316e46c97a74172a05c3e510c166210,8d1f771051121957f158cff069c058534f0f90212225624b444e1c468f45f8b4
e3c47b203f004c31b429eeef547eaa65,d4a79dd0503461c771ee59c5a17f7828e4982c52f21a3ac5310ffd7a2f08a85a
dd24a772c59245319ce923eefae7a4db,c2d2b0bad87ee37e259103f72161c3d5377ac95483111ec852222c44550321c1
4c2acb3b60b84e5cb6c35451eb9c700f,62bf9b0e5f5f5719f3f355c4b52f6ee11e6f9e8e8bc12bf0ba71b5ef1b1be6a6
f7b8aa8f71ea403d883ec0c00aaffbf3,a85a76cbe4ef1c8bc9a1f054318f5a44a475a9af43bbe630fdc51a8b136b5a87
15ae5d03d69f4d6d97c949b35d971183,56c2a0a365162080e9898ec56337afa4065af4766c5ce081394d18f823adc4fe
69a413c6521b4f07adbbc0bdf41f3119,236e5105048078e5a225f3af89061678123510b8e5c839505cb9274f31a20325
bb841e18612b4e94a0ccfc8f8ec5bad5,ae1c56a8d4ce1f8b7a159c9d232894c52402ea4c834f33d23e496e1d0cc66d63
a7a40fe7294e412faafcd0192107f21c,647e063fd29ecd6c5335d73027e708e0c9c229c9aea7b494201f76abdc5f57b0
f4ed80d31b6b400fbd0bb84307fc1d99,ee6fee747ecafe061a827f9edc80fc1efc520c0eef5ccd8b3aa4201a9bc9600c
c74665361e234bacabad5452c8f2470d,49b93f6d3e5bde8967af53e0c78718be9ce2a052d195083cd774b662206036f7
69a244209d404614a721ca6065b5037b,c9ff7c3d272bd712e516aa15c8339a4b62b004add3550a722f7d1e286a82bf5a
da51b6af5f2f43aba8849658e171aea4,a9a2d556b9bdb832fb4bd63051c1a41d13fa77dcdaf62219f91fcf2aa02be4a3
f5ee4be730b042869b16273480387d7b,ddd478481ad87229c0e8c0988c170a7bac72638399aa64e58aa63ea82fcef593
58b2b10a195547a7ba26a8fe786c785b,4e1b3789089607a3ce6961204439e6feb4306144ad32f88e72370018150e28e8
e61acd484574456d9cfcaae7a029403f,c5edb33c3dd244cc9bff770423b501c079c31a493919b2142d0db28faf7ce041
bc4030471590450f9fae822396b56099,7471f75a78c4dabb98032bfb700733f18a5484f62e039c8d55db794b5f1e20f1
8e15d6c695864167acc5d26b2a250fce,e605dc1710a8a0536469d428d96312482977e648f6030f8b85831c93dfe680fd
b29882749fed4c009566340cc2db3122,068b7a36f78537dfc8070d711081ae0d424d3149876a37ebb515b9e717c17994
450a696b6ffa40b19e0dd3d965b12284,3998a57a4faea10ce8d0c0827901dfd9de39e127c934c576b1e11c9617d76b7a
710b14ea34de438fab9cffa10ed58151,9215a3e422c0e75c5b780527fbbc66ff6bf914ad3e29c31ce71dfc02ba3a40cc
0c2ba1863be44ff6ba1588397e072234,062b1020b8cebe8d134b30576163a599260d25e95b4e0a6c84287bbddb91dca1
fd5dd5b988fa4d2bb2f43dd6ac2ec661,305421f417af00e954faab36aa8a2a82dfa7340920022c305d9ddd6202e78337
9649ebb0197a4881aae3a03f30e1eeac,8d6cbdc80cc4829dbe9fcecb11d5b8cda4e6f5ace5308fd06b5d6eb6a4e55131
b8fd10f8e37140d9b07fbbf3dec5df91,dc4a19586116868f0f563c6412a3f45789a93c828273db661c3f230d198a3983
e3a17b28509748cb8361200e7b2e0d32,d6e0caa4cf7ed1a1b94b1d20bb82dbb602c39dea97620ab3fec532ee37e09ea4
255b5bb581a64b45832b421eb7712f29,bd183aafce70094e50ee5021352b44c5a9c2c6c27ca6428397e46c434c98e6c3
a58d4a5fb90848659002464d44e6a4d4,86b71516b3290518ffc7e2a118d63ca2e2fed13186ee03c62fe6bff4eab53706
9b18f43b5a67482f89ec4c99552737dd,43645adb9894ffa78b4a45099d51ebb049b9f6a85a067b98323713fa18444e49
8cbfbfb730b24266bac2422d9a45aa6b,240b7b4100c094e57342c49df8c44002a914704aaea5aefc30ff24fac1227d9d
f229d54ea1074e919c1a01d946ab18f1,55ab520bb134856a84e1c40a37f33ccd13926d01f300b62a1a27732eb756cc96
1e6b6248cb3e4320814123d3290c4d7c,dfa27379aceeef9dd28465aa85093b01adfa9aec342b2fbd88713ea3bf8f0abd
790950a4c83a4839be7b7634b7720dbf,07e51a00f348d93c1aee9b2461d220bdb3f7991459a8d11f2d723be33936004f
dffc8828e6d94301b3f07751090f5382,371c0c3da4e7790e587844c52e3ff03cdbbb64ee83fe355d1b6deffe20988917
e961714492b94874b973f5bde949621e,7f5691623345b5220953f93b88e1dd8215d7e4f3e404f290d790c6487768151e
04f341f0505342a9b4524633427061a7,68573f16b7b83d0d00bbe1614eaec7941140328123b6c7be17d0dbcd633b6bdd
47fa02cf8e5a4c97816fa75e320832c0,ba03e01ce6ad38f29fdc25271a5096944e5d86a6f15c525add626aa14f421e68
3ba1e91161f44dc3b2f25fae2a0b9a9d,a1d121616cef0d03aadd5e71ac0dac9dcf97774bd35158d1f0ae5e82c9e8e4c6
e2d141fc4a3d453aafaeee1dc5a4cf99,41a560f6cd000cf84c1d96d22c122568ae40aba1ef20e765b78eef8830b90c96
180970a77c3740eb8a160fbb75ca9abb,7e742b582ccaf55229202d2f70c6fcaf61226794b19675f2fdfc2d5298c98332
00ef39d3ba324a518cc08bfdafa44eb5,328f5b5ee19af276be14c82915381e083c9934dae83b3727adc88eab8ecc4be7
0f4b617b36a04c1e98220d6f7ebf0571,e16ed0e1f618bdcda64b694e825d4a8131d3be0e44dd9f209603f1c137087f64
ff08f723e3344146a42bfcecd7540d68,b8cbe08ba7298d54c0f926c9d401759960e4046eb74b362d17d1b4e4a9dfb9de
7e4283da0e96469993c6ae2b37786e7b,4beba6f77b7a6bae71b7cc1a7918e07d8c4227faf553119ce8761a1acedc5761
bf6c3e05967c447aa8bb3a78a9bb6d6c,73f6c3519488197971be826e0db3789bfc7b901189bc0f5c603103efc57ea689
bd0176352c424aae9cee359b0ba34825,5eacfac3824cccb527af6a577a734ba276910d4f58c1ed62428eb9581965678a
13b3c69d105045f9a64926b60224e454,733b6a835ef02f7011cb688f5e2ca088841d760ef1bca15c7fe79ce9db7ed60c
41af5c376bda4195808fa520788b1fb7,49df1fef4dd91ffab6d8b771796b6d385c453f71ee095092d77afd9dbc656438
c8bc1af5efe94e42a01f79002d645cb9,5fabe2877382ca0415efe30da2c039d641f11f563d549624e36fe5356ebdc0f2
41f9c378777e43b995122f90295839c8,08f1abb3b88c694d3605032788654d7611245802b80f74d09fe3a4b37585ff5f
9c3cbba055a344fcb487899c299d0a78,07b02c7ace5e38b3531f89a7c0a92890c01907936b39f5bad306d44513d29ee6
9ad4e22eec2f4d6e93b2d4cdebefb973,188efadba49e99f835559d30fee1fe98dc18aaa600ee5790749e42bcd7bf9997
0c99ed1de21d45c4a1840202460f20e0,fbf98476654f6a217f34c8d232a32bdcbcf6215f241b3b368e1b7928a5058916
3522051c25f4433cb90de0ddd0945387,76ff8a1d2cfa99d3269faf71814c1fa705b1c4e3fd7eb709e855b4a86ec826b6
1b429eca50134cdb8af436b106647ad0,d95cd2499c73c6de78ee2cd6f95bf6b870b58df15dc5f8d290dc6b469329ae4d
2844677205bb416d9ee60de0db6f4d23,431c44288ba872c8d67e219281bd00e9c5e0adaa974120f9b9a9e4de18bc5d1b
dc6982f3ecf34a87886f2b3f02a98cbb,881488497958d09d1aaf76f55d3d3ca184f1b1a4bea2b4df7dc3afd5b4fa7d54
b520496bc81e403291577ed9fd8ee0ba,03c3c8adf5ba24d3e1855b52dc1e9258692c0fc359cad908abdd086acd0ea639
5cab59eb5a6c40d2a9797a23f2de4726,dcac988623174838daa0b03a16db1dbca218f796223025c32156bddca966ba84
bc36289e95fe4801aee50cd997396abb,48bcd9b94ac79562888529339b3916144f142672c6003fd53ec108cdfaa1b0c3
5abf4403f8fa4beda304ee283f2d18e3,3abe7e88d6fb85154e1729c528b8e255d3d7950d953943459a4334c86ad6f943
275082cddb9247fdaea3afe0c5a60f56,21f52f79aca1857b0e29a6bd809cbdced3d56d75fc6e5275f33e7e3892edf09f
59d7c5c83ca9411fbd9578a4a5afec62,cef5074509640f6b299791ab06b7d05797c8a350e0e43b8ed1213344185bfdb8
bbca1c0b57db4af4b7f9d7065fc35972,4765ac36ed4007df092623ccab043744441777d2f7491c41a46553bf21672060
a4f84caa045f48368791823ca1250846,bebdd7bb5cff5b00f23e5f731e36bec512071ea5c52c0873f8854a521cb15802
75d22df7f5ab4bed95b14ee7089b7704,38589654f97dc77fe3a82d0c6a3c494b1181175e4e5566a1f6f89cfdafc80d23
6817b92746c74175818e80235225d556,80d223e725a9e2971215a73b7e368a341de3f685498437bcf2c38868a0fde6f9
e193861a321c470f8b0b2c389b9b10aa,1deb6946dc4e13527fd17a6c0ee2fdb4056b1283753be79eeb03e3561ea344b2
fad7a4079c1a45beb208679fd77b183e,b509d0753dd227eae879af0c5927f14e1e67d7ef1df240ae90a1811386468e54
65f99abf30e04c2694e7108ae004daf5,d39f6230d4afc80e45aadd4e696a0e08eee6735941e25a065a74f6a19c16ae50
53e73c41a02f42a392c2c1bce6e95f76,c763582ef1257e595652c7fc9c8c28cce42f44fd72ac3bb50d349f98445d4faa
7a45ccc3bf4c4a37a7f5782a4548f3e9,76f8426f9ccaf805edf15529ac8431d825c65e7faa478e5d4958ccf550771d6d
ebf0a27c1cd54507b1213461a6174b6b,cab86ea06709c2f5e6c25f55fe437403a7b202e033940d22d9ab4d581950aeb5
f7ca95f6aa5d492ebb6056d3bb4ecc5f,57bbf80f2662c6772e8dd95d742c07ff45995b797a76e6cae21084534ca4cce1
6320341f935e49ec8b68621b4634061e,c9eed8a5f3b070f8ab443a490fd884daf29ec501a32cd7250a3429e71c946b46
0d9b9e92e3ef434fa1f6b5319e3a78c2,ba4f6a95e84d19c6e632670545db498a7aa326ff48eb7bcb1688d19c661cf4ab
407fdd42bc784307926aab24e6f22017,15842b3a74fca16ad462780320ca69c258b8371f1159c1d1c59dfebb81b6c5a1
12f7924f765e448782f63c284b4a04cb,25fe5e96456f2825a3576b5e361f9632beaed9f496b7558007ad0ee09802f349
6516954d5fd04e77a828c67c73327341,a6f6b999c8840a3532d7eb7b2b3c50af07a8851e7d9c200c36045065e56274d3
07880b8e03c145c29b4afbad5994e940,544e14a279e8881e6831174f1228ae9f6784e26807c2eb3a59879fc7f8b09c39
22be6c47c46c42e493ee23cc9bcc9204,ad31428df316b63e2d9c962de723815edab874e1e0b072c7ca69f390557fc915
c0fa6dab647e402f891514ed5dacb803,98c5e5471f9313a994270b91d8d15d423ea4d3f9976f3b582f7aff9917fa01cf
3c7c223fa67846cba3640f612148313a,3a750d1b9ecd632af3a2c45676d98638e481a807649e0db3d04d425cd8f31a3f
9d3d0fecaf5d47568aa811fe26ca667e,2dd24d1e60d18b80d6b5096b7e9c4b998a5df829cd3d8c818fdfc393fdd50015
9058b3e801e34a06ad9d5c1e5a080f5f,39d47a11e7023e896acba88332dd7f81658193f262d3b96f73062c8aa7b336dd
4d5d1c99613a4cc4a572061fec575819,fb65a3e74d979a6c669d3199d17fa21c74ef40b79c9922be6262b3282281a02a
05e0394f92d0493bb34406efdf72c3a6,62cdee9cb8eed4a6cce69067d13e1576372c80ae39ca0018d88c3d7f9c88a56b
10a7bb5c32164d13884b681746af03df,aa9fc379f611dc696aeb8a0f4a587922e0252e5c1ff447befce5c0c3277ac03e
55176f7926fc46de9c12239f1db663df,43527051669b8c28a638ca8467bad657d87a1d71bb73d15fe5af8b718f423212
53addb98b7574841822535cd0b7679dc,841dbc45aa6abca357ab17e80d80399ab3f732cb7530ff307187ed7036861722
eff12acc2d17492ba94928834c23356d,eaf522ce3cdf5f17b6638a14b37593a9eaf6d3d920ed9715280b31c8661a5b81
5bf709ec52d9458b93c742f4b7ac9d0c,02bb32b845e5cb53fa2b30eefb251acb29c8570dcae0d0ddfaf21cc23b00dc31
a535a63c0eef4305bfc5b210cbf8a88b,a6d2610679f50e0427269c2d3692dab1b31d38c97ca034d14d7cb023b55b52f9
5d45d93b700048f8a5fe8396053775d9,4a141a521248555e635b9bab06dbc999739b88359cd924d7280f1c3616a0ab97
4d71a596c99947ddbc34835ed49a085e,ecbee280f343c9ba5a53a805a91513ae872485fa2539a24d5385e4787ae2b076
f51d15f0e18042ee8849c0e0ed197dcd,ade93bb158930db1ce1cbf8438f68b8512812ddad5c5ba655394a6c2ef1ae495
4cd9abdc28ce424bb8635b3d1e15a9ef,c90c78b2b549bbe8e0ec1ed0deb00692d38eeaa468796fedf7cc800b314eca9a
048280d6abb5453cbf27679ac3af5714,1de515ba4b0be6fb3ebea3f51dff953c513788d217ab620a6001f5c5d0a666d9
6fff987bdc744e5b9760b50a5566571c,dd783ba914bf2c98c86f3086c45be955987cc5a880bd90b34f830067664d1358
1e96bee2134e405d9b85777e4adf7fd3,2a40483d11599ddec25f2177a3643b3e5b1569a31963f0a629f439d38d9c8106
87073f8c4aa449219b524e8306d176e3,8a0cb098ff0e7daab43ab5a45a3c15636cc3e04c55c9e3515710dc71d2dbc889
b74900b19d3f482c87e7e2db2a8d3499,0c77ab5037a2f78e6a8a5e8b4207e4da81eeb76e2651b564db6234cc9eb9fb10
2d732a2924ba4a809365ed0f6587162b,c24ae1a5cc4340e14f66db7ac03d98a6d2ee2e012f260946e00c4badfb2fbaf6
ee156da01583432e8b591f24e3d4b5a7,51136e620c60eea4985b5f1921b4d9c088d1e3882f554007205b93f60e55e773
d3662e8fe8a6421ba5819bf6ba7a2540,68f65839bcf38d70f32d62cddb274b8634426f8e6d495a2809c603e040f2777e
ee5fe91ffb014f3ba6d63c591113f724,75310ef953376e603e32d45a041bccba2d90c07f234d507d80eb0e439023835a
c68cacc93e864f9596ae4f2423189a07,10970856a4fdc480ac21b84995a53941362b2cef4893c4f334c58c83cb868d70
e79076cce57d4771b21a777019070315,ee6af6179c393fabeeab40ac054999b685d52b0cb4dcdbd39543071afb98d0ce
c536f0b363cc47ebb1a5904f9bff4fd5,b15e48cba36ea800c8a21ca8edc0cf16c37362ae96892c4db16971cd70ab6224
880156b96f8f4608aad145e4ebbfb790,3ecc8507d06beaa694307f00c0464e1ce8af5ba950d56cbcd965aef0d7c3823a
f8072b5b3a4a407a88cbc711a11b3aa4,ab96ef47e66c152fe3d2304ee290eef54f3e260f77e85a45295a45b6cf8c7eba
eec9b548f841473ba982e5d4e96d5010,cd7ea617d5191a0cf6270edf7cfcc207cd9d76c0818923bb560c762d62f89062
62ccb4a032544f82b6feeb50c5bbd084,19a9422ffeed24d26f09e9640e95e3c8c6874a68be17e7da0b9c34acc31d0b8f
2973598db5d6425e9a6cd682457298f5,69ce866185581ed7d1be75ad9776fce7e057d0f67360455ab7668d2770311649
24f5c6642e354cada0706c852891d182,84c422a4f54d150251b0992c4b5a5067697d277cb3414496199c48fa05723cf5
a022bc9ef9b945cca454d712baeed937,6adc8623875a1f422053f48672ae2ccad2277d7876e7f2f1ac690ea203c54c6c
1ae1ce6232624c919ab54357f4baaad6,3e53b2c0482758dbdc4912fed625678d726600c2122067372ec4a3f5e8e20f72
0b9ac837221b41c7984b5a75ae1be3b5,a4b627c6b8021a95bf43519ec08f53baaae22423b2f6d77a5e1a143904596722
46e1ce4c28bb475e983cc45fddd17851,7deb400aab3f24d7cd47b1d9804a9d6553fd63f6c89dddd6636ceacf650d0404
08a9b96c750e4fdab75ffe89ed41c884,f0432e7abdc8047d661ac6fdfb45b789a15f1297a5d74e5e28535678d5f9c7e2
a5420a3f0e064f5197bbcd3609372b2a,b2027c94218e7282a319385cabffe2717152dc0e0fcba4fdb0a4e7b419aad262
c672c34937d64728923e5b7f71ca10f4,42a4daaa4f49078709f6d7966877a90eb4f573059b807dbdbb2fb02692fca909
342ffd177c5a48939190286ca933b6b0,7ea702d09113fb1bced4c4c0148ae4b48a50ff89de21f75e060d6828d4bfde54
c3c441b8eb234db0b4b875d75b28eaae,268b27c876dd48478c643dd59654a5dc6f6783a287edc847bd939dc697fc094a
208e6e3187454926ac2d991503215312,221e3e6da6a48a56ed9d798b674d603c9a2539efab67f3178ee8e59f8b6bdda1
7696df7dbd074fe8b2192ad310f63414,89c654d2ab995294920b8588497666c025bf0c3b2a989c07dfedf94c8ea6cfda
31146b17c5ec414b956b743ad7a72aba,12783aa86e2d6717c4f2fef7aa0eb6140c3140d811674d2bd9b0a8e43cc0f006
affce417635947ec8ed80de8aa07826e,2c7d58995c8f371166870931e72dce6b28a4b15a0fd4cb0f11b0a8e70df68826
7c191bcbad3642918934786292b19e72,d30c21a0a747bab8fe6807555282b29b23ba5dddcafc22da56acfb2ad881e7b9
cd5ea59898d0435b8cdd8c3144eb4171,0e0a6ea10c7cbefa00ac7f7c0a4a56ad1319923832045b12069ddea0f5e2be72
8a1a549d40c84e8383a5e82907cbc49e,ea4bba7c16b0e9cc162bd2453a954d142ea901c408f86bd73152f6b01a7d3c49
f610575d3f18481ca6ea19b1f5333359,48efca078bc9f1d0a664c4cde2cbb22bf879ac7d5e97ea73e9679002a2aba631
2c29a928a897404a8ea04330517b7343,426dff313bac6c0f5733725bef51f27b43faf5ccb4f4d40a0ebc9a2dbed67475
0a793be995994a3bbd1d580a6b749995,0c42979fb6ded204d2dbdc9272f9730bff3f0dbf48495285aa2fea98f7ee4eb9
7ad737b4b6c84acea0ab1baaa2a401d6,50501070465290a2966894a6a5ed44f3a9f4613f73ee7fc914c6892d341e4b33
4b5b61f256cd4d47847a44cf380f2fd1,838277eb34fca7a89fb2a54633857633d16fa8baf4e05064c9ab245443879be6
1a801ace91664c05be61bd6e3fb36427,5d076796aedc915f074f30f9bcbd0abf76357ca1c630295f82bea8621335696f
9600cf21294a493aacf50c300bc48d71,2ded889feeec4df009055bda85991f94b814e9f81c48d479aa9b4f5ab569345f
6a1af8071b564a16841bbe449b1e06e3,905058a6b68c4606068b2d0c656f453801bfee7604b6c7a26a650636e1c2f493
2e8e8d65eb7649a0888234aa93eaaac9,f3759fd5f5984cef757abd0cb3660acfe99d9ce0b9e7cdcfd20d785eab79cc44
d2f69c996eb64ec7ab7c9e2f79e44d47,6bc380f71d8b844971da5e2c970e9cd410bbf6251c081fe85b902ae082eb5d33
3ccb237d963549e1a9f6c27bc8534642,d007a7231004baa80e0360cb874c1816a5e7d688767db725477bcbaf54d211e2
14282ea86bfe4161bbad972c61ff4a5d,605fba5e7b961f43b47eff517ecd7787dbd1afed44ff68670a9bbddb828a169f
750404487dc3408abef413e8358fadbc,1cdc8e1068ad1eea77060d36a6b6b806965e2c2a9c2745c174308cbf1ee6ff2e
44ea24254b2a4ded9e7627b07768a1c3,37e79ce3e52880c891f084b6cf2745ba5ab4dd9b3f4a6a3612d9091b2478b6f8
183f496221434eec9b36719bae69cb96,e9cdca5ba742fe3dbe20a19cfd87d808cd51fcb4175491a6a23b8e3175a238aa
d7da21c7c3fc48b19b702b486974f031,2246dd59b6783bf4ff60e7fb93481194273299caf757f099135cd2f21dd9ee84
07be849139514a6b91c705c729d7f4fc,17838664433a032afe0c0f5a1142468a9e9c6905d21c14323aa4998dc4444fa8
0885e1b907ce4759bd4126f19fd6fd35,b00359c40a660b526c8e95c9a542eb8f99c38de679b16182b45be45db9b4bb40
019213419dcb4715b4e5aba0132a00bb,986e58a9a06c4fd942dd4c623f99c8d12303e43b51e75a428c6f6011d0d1eb1c
369d7e296b62421e97337c84051a714a,f7a8c856c11d2c8dbaf19c2642ace80c0ea1f6d45d3a6353db941362281e8181
3a47858772214f7bbd069e8199fb3986,cda98e39418227f2eb3bc1e44267526f579b8a23f5c8c40ccf471ba4735897ed
c22fff6d52c1426ba8e8fd359a8239a3,06487b34c388c6e8c5898f00c031db4a079cb70b48453aeb9c79d96e576ec8a0
2704130b527b4c32b8b4245b4a45354c,2280c1bcec6b4ecc0c003772cecad16961c2b8acfec1036f065ea943dc36950f
93c9701445c64ede9cfbe12f00506629,a9162a5cf0883625fbafb7c3437e8cf42042ebdc243927ec5359c3c385890ee9
6dffb4311f98432ba0eec4cd94bcbcb9,86008ed519373a5e066ab4ce21ee3ad85b4bfa097f488d599fec80f2217921af
84d3104386f64c63b01ebe3fefb4ea27,6792b6ccc6be77b0569cb377138c673e6dc89a22e5623702b17adf378a666bf4
84da9d669f6b48f7a9b36ecc2f39fc3e,146ddb34f28e143fb27f2f24dbfce4914e686dcf20f9b4e26b50e0a754b533ed
0b1ea92ef314448ab6f7e8d4ddfd48a2,d767c249433ae41929c221d6f60f090c610e399e8dc1056100bb6e6fb8476d41
3840d3f17f504c58a995c022966a55fa,6b74733ae5e8d9a435348f6c329b77d05df9164aa3e2a3e0d9108c9bea9fb2d5
33a45c3551524350b5f29bc997e408d1,6788093c43091e507ef26d78fa7fcec8a7e515e9f7411f92ca25dab4355d4baa
54f9b414bb54473e806687bb6a90470c,d427fcf5498260a1d99cd5690c565251da9cbf0ed4943f112d4cb5d6738229f3
c56b1455b9514be79d2492b9b71acbcb,912cce86723f18e8e94706ee83027b1e10ad3eacbc154b265d75e6a9ea386405
6fd5f9248e3a451b95586a69aa69035b,badbb57b764db5099b20c4cf346943fcd85c87d12109013256e16250d074d548
35788d874a66461f81f19dc1ed96ebd5,d0029d9d9892c6564db691563606d2d6176bf5e305a7ffc0b06c931028554f9b
5b910c107e1e4ec9a9e6fde7ce7a125a,3bc8f5908be02677d109d9c6f194e06aaaecf5999fde56429c7ee9a93105a475
37342c4203494b59beed77bfacaf54d5,378abe6597b3305402f63fdf3be8f1ac535f1fd98700033a73cc52196fece982
6972d6ed0daa41489445543b2961b660,bac0512cf179392e65d589f75c7cdd6d266079606aadef83905f3fb40a516633
7c2e1ff611794b8781461a305df4aff1,bfff9be3631bccb9f8a878efc15ba3a5de832d48ffed969d53a966fe95a37272
0f5766dc268b47e091bbdeca947153dd,ad6518fa6907266a4bd6d9b194fe2fce500be815c08ef7fde53dd922e09efb7d
4f2c1b1c72c4468992b34598c4140162,b755660c4a50bfbb90e63eb6ea115b7db33f8137ce0e35413cf497c372e874d8
19886dc221f448beb36e470386b3796f,c0680fb89fb5c4622ceca8426eda20a61d7fc20378c2f41589b90f0cca34648c
d24d785c896a4570aaf4048913418b44,da71ac47e9622d7d8960d74877e34ca58ebb92586db5a36e709a0c0cdf11a691
82df7259068b422f8713ed91ca847892,c0185e2f740cf8722890906df7be0f5867df8cd568a4c2566620e456c05b90e0
98f8afd1bb474563abab541e4521a4c9,0ff22fa88ae93eeacf6e8046e1752957ae6463de73b064bbc91200c078aa79d6
3df63b775571467f9172e27f6d8bc16f,93258618a72293aea16f54f33a2d5994e59b831e740cc7ebfb998bc60a880084
8cb664fe7de245f6ba12282773817abb,74631a8fb126234740c08acf5183af528363fbd9191a080a33c4d972c5e521fa
f04323ec67084fc99cbf27a9db50bb29,1ce3f571d9cd23df61ccb4d103ec73e481657d17b9094c90e8d73f4b51a3240e
5a7a4a070a2e401487d63d63f29ad16a,09df75920246bf0486db1ab596a3488b233d614b9ca884d088e3bc667abb8ac0
b35fbb39897c443cb867436101da573f,4a549814b1bedb46d026567946d637d93f46b627e9a2bd50d5ae78974e117dd2
04394fc5025a40aeaf430d4fed716867,73491ade44aca63f38f181b243c185909e396138f171a92d4e33cc6154429afe
617e5e61bcdc40929a4c561abddc9e70,584df80fc4d161236e1fc2511a197fed671229f12b2d5c28ad1f21082df42c8f
c7791cac7a2448998de6b7bf79dbce75,9def7f02444f8067914887e788873756eddd37995df41c8ae15ca9533a9155c7
e57cff7d96c7424fba1de45f0b55e002,058725ff5ac8d471dd704c54685d620fe1634657e3108a92bc0281d8e441b485
9983b16356ab493c8fb2f84d71c3e3c5,1a7e29210a65a147540e824eb3b645aadb564a24019de5238e4dff0bc3340fb3
8f31b46a007b43bb9730199c7e8d4e9b,124c061cf72a0df7505077d394cb2f4a011fc270e244d87e790a9e077e07ec72
c4a5b083539a499a8760d552546d6807,f9af0eafa77105fafe678d112da4df5b069abfb539fc0077b7aea0b7d4592418
69d4ec1ce8694918b12a8e6fa65a3adb,7fa31efdd724b04bb00c9ed87537cf28951a2f0546f0d0d91ec66fabffab8716
9550e08388f94d0788670a787aad277f,041b176c5357c79656369bb1b6b5989653c49c6b62ab91d3716403e7fa3f74bc
2af27f6a52394a918b6d3e91ac79ce66,21d9787544d9187906a5baa5e562d67f11d8b35ecdaf4d7846885845f3458032
2cf4bfa96da0432899b532413a373bb9,dc048d5b9eb3f198d4ed5787bc3c044d8602f45254a9cbc046b8b8ca80157093
7253a770f10a4bd0bd13fbb8781f4071,e523a51d8d8a7f687bad7ec6d59af8aec257233a5697d9d290803597817c568c
96552881769e44309990c00498694746,8f5a0b9378b3eaf44cb27479fdf62f467a4b46a1fa0dff40a58102436867093a
9aa9b9a894d747fa84ee32fed9b56849,35d4f2134c9b07521a7a0adc94687d70a92b9bac4ff278dccbb4e315aebad65e
56e2ad0e5269462dbe1c0025c9de6c6e,cae3b610ad74790a94712d8fb79cdc09f3f30f7ed89a6bf089189648ce170fb0
9f8eff82a0e240e3900066f7e5f68ec0,87b749b766004216f2d318ace39c348584a9a51c8a8aa9ed73c076beac93892b
6ba1b484d55d4881b92b293b10b5ee38,dfd3dd40c74a699759d6352f0c442ec569c37c3a2440ba64117c4cbd8ebdf992
83cd6f7fdb8e404c971923452d2edd0b,8a22b176d069ecbadd39f6dce27f0c7bb7a33419c12a3f40cdf5ce6bfb66a32e
7eabaf9412d94479becf745a05656e83,fce9f70640343d435a3359cd7e2ac06f0e6abe163337c430562513a0a230ada9
1f15119c42e443888c6d0630cc227a8c,19a89382179a4963eff44e38bbb6e3341421b3015a543968e72c36271a629ca0
8385cc30bbfa413f8dc69b1525dd252b,4e8b0142fcf201774957a2bf3d73edda85cfc24c0796eaca99ae74fb6464eec0
fc5d65632fad4b52bf24e1f44a5605b6,2e94046cca48e1fea4f7a915f3637f0579d24e4e5194e7448a47c394221dc4bc
27d2d1bc570846be832808c480ed8d94,29af6460778e6ebba1df8f68bc50a82b93f3647a4e01b3da24e863073a2bb749
68ba0c9f6b0643d8bb9054824b7f80ec,d06697a9406ec44c0b059fd1cfeb52f86e993a529065f25a166cca305c426f49
7e20014a77ca499b8ed81c6efa05c855,cf063d92885e83caee84c9d8fcd03d3e42f41bc47088a68c41b9309e73325ac3
62ad36cd8bb045d68ab7a35bd2a8e85e,3194619bbeee7ae0b055de7ae64686a11ac4ca086221224710a8b0270812ae28
4f33ea7c4d2b44f98cd05f1fb272448b,2ea4620ff7e56b1cb1bafba35ece58802d388fadde3784b16542e1510f6c1ccf
567410fd72484519801cf79901f3f301,4b01796d55af238046cee1f97eddf888f9f0df384d494f6f67093945db7a03b6
d0ee546d5b05458dafa7898b0eb15f98,85a3c825751227a045f769422be46c2f2717c07b34a678713dde09e6c577b763
5d2eb06b39194db5b73e889d9d8251b1,1f60de3b0625d78edad027a2173aa14c3c922269f15261783596b40b4ab3b00a
70c731ef650140f5b29a314d79fd345e,2f928886e22775ccffb7b6a445d63dded078c008566fe683d496227bfbacf11b
9ef40c72cf334ac1a555bdd91a355601,c41a4050ee87c498303d09c997afcad3333a34c2f1d8531069e1c73b87e61693
5a1c8d894b8a442d96b6dbcd0755979a,0edfc0f668981ffa82e391be5d1b41fa88a07fd4630e92afee33a464fbeeac47
6748b7078eca4883bd4426a9833b22a4,b541366f685677936eb3c9bb14690e45d1688cbce6dfc939c8bfa1a7470a81e0
ce68561eb2864441ba139573b402b490,d51e36f1b09dbc465659cb0f35080043e6c794d1290de65f5d9b5685fa865735
6d645c5d8d7e448c8a73765c328da4a9,6aa06945b8f70635a876314efa762f601541ab1235fdb4e0c1b78517d47f322f
22a532f1542144cfb113630fa94ca127,928661033d83a22392ffe2b210191ec65d667eaa9f318c1bb6a4dd1471f43e92
81cbd80e79814691ba69819f7c60ddb9,2791c3bc639ac5a074b15e233ebb8a4c7716fe06da16f46fc71b42b58edcf11e
19348e8afe8145369c613d826b2b01ff,668b4ed4d3a58c0ed44361f3bda917806e3a06d3d46e667cf1203dea7f184b72
c7ea00a9fedb4d898b4946226a88956c,248dd47f75e8f165ef4f990372c48372dbb043d7557c00bf589947684868fb8d
224db7c736a34b1fa6229509a346f4d3,e83295c1edeecb15497a0a07ba60e90f8007af66d0df8c6601062dc148c90ed5
0184bdc2eb764d1fb40cd33bdf191020,acc3c6394b1270c9caf6574debf4383c2650330076bda6c91f5ea469cc23b70c
6f46dc286e804d91a5d8b98e244d0eb3,884c85d945c0006445c831b68de1f6f63fd33583acc45b01e7c1b1e69239f556
2c7ae49a94874569aaf4de38ed9cb653,1f446f499f53bcb99f805eb8beadcc2a6414b614976b8acc7636e4a94084c4db
bb28d11e7bfe4f28bf2c7f70380056dc,685da14cc6dfbf6b5db760d47076b96165a0e89a72494d6df7880c92e9e20be4
dc134c1f9fab40c19852d31ce5410592,ce0114dfb228aeb797b3e4ffd6230cf5e003e57bb5f2faff1b444755c25eb0b4
ef1201775a30489fbec28702c8909263,1f2dc83713ff6d83d5e54dbd2fb4462b5e174ab7bb3aefaf0b312e01a8010052
fa9b847ceed3431da5322bcf59d10949,7a2d51baa9798ca019b8151321ab00b5999fc59883756b14a3b296ff8080a62a
4a4e08270b1b421a8f18701d28490cc8,098d74da8dab486e1d9fa7311edb425dd3e0f469316ad19c7b4331f8e043b036
06a270181494450aa1dd57867909a14e,4d477ac5606011c15af4902937c9b03bf2b17aad8b1993aa34e94bc1e757e056
3b0be163a0db4902a4249fc638fb64ac,d1b89612eaac17a38000311ae7b7dd63196c809df16664c383cb691807e4d7df
ee5c700006b64e27af84bebfd9538e8e,59c1c9d3154dc482aa26a9af73401280fadf0743bd4f6816a152d3cf04d1febe
83dc7682d4b74688a926e12add46996c,083fda603beebd935c6257d0d793d55c6d4dff1b6fdb625338cc89717d80a745
669820f5c8a24779ba7f422da2d0161c,9dbd67119265eab53baf9a6c234fd1b92b1747bc9e69a79854df750b3c21d33d
ab79b688992e4572892f3307dfaecd03,2254ff9927e7ad4b62bf1cc8eb9f46f790cd652435c8ac24d8366d9e14bc7b15
88a086e5f30d431c9dff32bb11beb62c,4db85c02d583108e5223a2e03f993559d6f78b5cb04a41891f7f4bb8cc0f8cbf
961f48ff5fd944dd8ef5f5ae799a4d07,aae154eb0114aa9d4ddc8b891d9051f4433da0edff121b146bf36da8b7ff3edd
c74e1a4f00d8488e9ed96a979282106d,7d34d26d02b2be769d88d9d18ddca9805bc89182385e024be6c3f9139bee16b9
9aef5a705d0741afb2a9575783faa1a6,c9e1e849a0af651fbde9b6c9ff8948c7646e035fe66a7a48930bba45ed5eb6cb
e44010e41ba043228169e8588cf84bef,2f295328098400b6e7c910bf6ed76d8fb53582982d3108e05a2ff0ffed38d0e8
ca4df34285f744a8be88285072653d2e,f5e9d61511b5dcab1e02e0224241af63971166b99669fdc430f645cea4a7e782
a901f27376074aae80085a9358782baa,fadf74a8c260408b83084a05935cbb6cb51b6e7a0f47df37f6fc12981477bda6
1224ad1453f64b6fae76ba29b5563021,d3dbf5e5c334ea9afaffc47f4227532d9353b48ef2fbc830c32e54e67715298a
f424ef04cc5a4fe1b15108df4ccd2ce8,c64420c3c06e527a56c6d84915d3addfd7e1f74000338f1246f1760fb06ca1d1
d2892c3ed6be42519d8fd440da2516e6,06b15fd49d0580a439431ab0756d2c509bf43da29b21bb6db68ce21db6839d2c
96e732fb5cff4be5aa738442bf747357,f146915815d6e5ab54cf4f19b2f81eadf0bc248b91d435ca8d02796ddc316123
bc4af6f0428a431d82479f1ba29a763a,5d2d3f6bb6cffaed5517a54be52c3a1242a5f11bf4bd9a44416c094651b4e699
6ee573c572e74d54aeb0e216e59fb24c,0ab1d51751960bcef01e92e74dbcce48a6c38241eeb9b6e47e6242b5525c9177
873fd7eae1924ee6a38adc30404e0b85,89ed8b90b0e6dc89a4d5975b03765e7bc76103bd1db10ac39225137e7d9beee0
31481f7c032344e9aed693e82252df3c,fa03741d0d963170387e07882f56614dc585b3c4f8672e63eb4508b1c3cd2551
3eef5984ce9e43089371c6a7bc1cea57,7939bdce354784b56bc529f4a165520b526be7db63a3f34c89c8f8407a5ac6c6
3b2fbd83f78f474db886441c424fc4b8,986649cf619292cfcbef2d897fda9a4c243fb0618c30bcb89986bd91bc2a17a5
cb47f511f7db48c39d41e2982ee45d7c,6e1bbfd56c786cc197e9b0350fcf45e1f0df11d897246f5f0bd547fb45ddd7f5
6e11ba7d14d846968b5ea236809c55ea,49d9f2b8ccfb483d6885852c0dd5ccb49ceea1a9f0d9f6628a67db7d16263bb2
9cc15bf2cfa9425b847b2baff1e75d16,eae87d0ccfd731b83fb7d9433a7c1a3430b7d1434d37ce1b6c72f4581a668ee3
f9bfcfa5e78c467aa6625bcb9cb1e9a3,e4124973e072a6773ff56672d2ace2633b62f1eb44dd4101141b5e9ff6cd8881
054d2951c08d4d1bb210fa6a9c8717a5,cacf80fa4581b02ac9a68bac291f72bcf809643045725dae8305cfc6c9c5ad8e
e9f028cc98264f98828c0d133e97e245,09c71f16363d8a5882632c99624e936dd1ced0cc402d68d76319011760629322
288fa2f8e36948eb8ebcbba664b1907e,50dc8f9d04b83fc98092e2965f1af59db248b6f218fbd05337e209f033d54337
552e3846612943a3b78fd237023a6d30,6310bcc08d3b16488db4ccd59e957e9a891554bf6d4297ed4b2622630549755e
e5e704071ac64fb78b7f87e0859860ef,4d6d66fb002c131793a1b5306e1f87ea639abfb6099d405d698a966a31c1b072
af5e39c5fea34fe593c9b18a5dd40c67,c4d1801175a6e0eb5acb68b68437ae7ef56cce93716e36ce9fd2f9184ede2b98
a725d607b99f4756935f93e9302a4990,a7c6eeee7b1a179fab92e827725e435754e4ba6c5a5a4971a708778a30ea0bf9
b627017cd5ee42538b0972f9c1a24340,f7cf47f3aa0144ff50dc46abe1fcba7d76e63a5b7dd7621d431836906cf87e8f
27269028cec64204a4dfb47699c34f47,c42cb417a2e67253fb634295654c0acd7381ffc2e7fe40783851e8cd290bd838
964c5737534947f1827a316d8e4614e9,25af142367262a0649b62a26737ba93612b8695508e8dc1c4845ebc8dee4b2cf
6a7ad596bc53480fb72aa3a3fe39d899,b313ac69595145232f6a13f841abedf12dfddacaae9912a8dc21b78492dd99c9
67ba7ba5f5f54565b1afc83e7bdd073e,f04e0ef2ac8b154f6518801af14a6bcfd95777fc870cda93ee59a04144dd0ed1
9b9376cc493040ea930f9e292c95efaa,b4cf8db8444acd48ea3adf5da38aef8bda80414e5f2709618b619548f863bb02
693c2b4d9e35457a87a87a751304cb9e,fcf8885f656013e386b91772e4bd131c60e8c9eda89cea58be7c3dcfffb8b6bc
06ead26e58b04ae0aaf72681d92cd90a,348fce88fa7cfd5f7d73800329f74bd14c0b01c52fb81c1eb68651b875607c87
74d80dade05f4af2b7c56ec3c0b948d5,26bf9b934cec99a85b659be2551e3d171b0991bf1c35bef93adca8cc0c24b228
82cea300949d4ab6a79d5bc23d6af3f1,acc134b7d4a38e2b29a8f437bd3270ded1464b75e2f4708da032c9974e7b5466
f1a2f84186214a7f9aacc8f7051e1c65,14c51fbc2ce2371ad814d2ee4111f2fd570f4bb2d01c9088ef3c36f4bbcbb409
3a3a532303014287ac3da94f45ed5112,739ff532c5350d8349a41d6d483680485ee62de861266e2b52d2d4d4c2d2e219
c396300ef3bb4076b66a015e1c70af6a,277ee12764e017a31e8c5987f52c1434e8722e4eb6d716fa5ffadef590b5e49c
b443b2be69644fb5b06896797335fa44,75ac5cd25e987bd40c1f1dd521d8f040783c81cafe9e0cb7fad786ebb7dbb8f3
387325ca75ef4072a5394a921c77b793,4ca3a71cec1b92959c8fdb0c2b0cd431643148d729731763f604c1d9f79ad209
7ea67dcea6304e80976a094c680fc7f3,3f13c6d701e2857cb491c7c1c84de82474562bbd14d5a51f04bf149c40f3b693
b337c26c22c943ab9fda79f4a14eb2f5,c5d14684093cd29dc86d1d744c73a830e6fac85eebc5adbf74ab5a07123cc96d
1d9d2e39bbe744b581b0335588878826,7dd5dc3241be806a9cd576807e27804d021d10c3a3d4ea2dd7ea33489d538c20
725fd013c6b14b93b1ba086ad3935656,d6f44c54bbe2f04fe147cfab769c1b13c17856c92939437ecaeaa468b8524a32
65a2672aa2994573af8e7e0cff1dc78e,b049245bd53b279d1d69c7969ffcbdb6291605ecf91841d6b861c6f55abc6b94
4c0065e98f1c4dbcb43dddf866ffc863,71d3be7f3397bb936b1ee2ef23c1ad6a401c380d7acfbd1fb41e65b8626437a3
53dfc5f229df49209557102a93fa0d2e,d941ff4ed0b212fba9ad6eede312e1123f229a79878d8e4c4081d7984b14d919
63c3d0a1769f41d39369cb3ac524c6b8,dfc16b15af31d035afecfb1f9fcfacd6aebb09eb61b56a934e074a692540904f
07842c9ac56a40da92ab827772dc4556,f94e4b5ae1bb2d26c669713a8b74bc1d5fb5fc0e0c1906e380228b71389b4299
9c18717a692d4a6793b865449ebc6b56,f48fed250564a2e611603fb27be751907ef845314ee22d03a9aa8a8a957801bc
ee0ff23bf0f9424d99158570daa9e8f9,3fef699ae9f32bd718010aa5cd87a939356f37fd124b82b3536a11544a8b43a0
eb24cde9480b4edf87f804b5428f579f,5bb8c9171906813d09e14f2c0b37d9ce7772f74c44e09759878ab81bb852296a
6364ff46366849e0960265b9ce2fa9ea,b9af0d3a8ddca9610361d66f43f78fde3a8aba93e6d2c4e9caf90b2dbd36a4c3
98fd1f3cc21b467e91a14984349b6985,fe9dcb18738c1eb8e2f9b2aad2f907025b9bb0440a0ab869fbb2206fe836bbfa
2655e0a053ac461baf947ca43c836ec6,47f4a7922b916fdcb1a93c96e295b1008117594b8165135fad0d2ef2fbc8c3eb
9709ced69ac543cf9801da0b832240b7,0c0df97cd617f2f7b8e57cc933fc782d4cf3b88c775088f26b8c9137e81434b1
edf7ce86db7d409d9f82f4565a51bd87,86fed549d361d5cf5b691edbe17af2d0c53a1f415966c2e9bec829641048897d
94225f9f475440f9b2f70f2f3190c412,8f48a9048d289f06c35ec44b5c975da31ef6ff50fbdc07c806628060549b7009
fcc44619f231441ebd0c946157950c45,748579b01533fd9ff5bd21943e574949168537224bffc752220f599c888548f8
fceaa5a4f8d2461ea93f7ca65897426f,c2aeb90d81d1a4a842d5f4fb92cdca480ac6f39ba7ad9729cff2ece701c50b12
fafe49684f434808b5d37e59c47d8c0c,8ef4b049baab74c7637842b15817f5fbce4a63f725ac047e00cd0b79999850a2
3d7aa9e485a84db1b2f11bac02aa3fca,13c5fc71d26d3a8c5e34dbf10d4e9cd134d0a4634ca9cd0d4311c8ac1c748f8b
f1167aaa1a3644e297c0477d8ab60043,fa053440cf8bedeb8a7e6f0c26c3283727a60a867e08f5cec9b4fbc66c815376
51bc1d1982cb4feaaee4374fa9829a9e,45ca541e707f15c404c41644dbaa4eb6fcfeaa3c2e2fa2ef307452e7d0669266
97cb7411ba0a4ffcb5452d66f599b3b9,5c51f8ff15ee69b0aa81fc445b0726d0cd2a54fdb4d21a74fb0ebe964299cc87
1079c6089e234ca3be1a88882a6b572d,6fb4602c8620861f4044894d8458b45bb0ee70c81f0b09a71d614cc60941d9fe
0982dbde16c04db382c16e4ddc854fd9,b4db9538a7d7cfa574d6d9ca1eefaf319b1983729a85cbd5824e185d1820b3a1
1a45e9cdc2ae43a69f34c84d4c4c4890,6dda303e60eab86bee0abf5a60793122e48f918a0d9b05a38a3d6704c285e55e
6a1c1264a8e24b90a0827a38dd94f0f9,31b66cf6e22aa922bd8e98396d075d9bb73d5290c9adf4f60152503527e54532
1fcf0aca99bf41e9a6e296d8904da902,430c4185777f1f9a10ec99c4a592ea88c1a69ecb98bdedadf4f4f4594bc9c5fe
0625b0360165434c803d86716553cc81,20078bf6fe3a8d66df098b1d6c5b22930463ec0c283b5b20423c0876142fc30e
c13e4a1c307c4f3daa27d11ea9d9c2d1,e685540340c0bf7888f6a36a32c096ef4b1065ccb1b6149009be7b8e2779169b
c9ee71db2c0845479a3a995de2620328,02b5e1709edd915a5471d1fb38fc8903ccb5c163b907ce2abd4ef71b32a9bc57
f3ee024bd2d84903813dee0c8f3f7ba8,05733bf650a003541512f7844d9180cb7a0f09486cfd2fb2c364ae67dabbdead
9b795b96cfe54335ac5d9b27576e1680,8c741c8cfe2e79345a41b028a0a239197d831fd338dc3c35657116e19b27f397
587985a0dfa44803990eee8e0080716c,b9bdde240e93cf096f38ecfadc101cad11731bd43a590054a1a5f6ce62d502eb
40add7231d664f73802c71f0c50a5e71,76a7c0886ad070201c148d1315806ce9d6b1a0a244bc7a3a8aff5d301c374a12
50d5d79a2b6e4c52aab5ee1b0ecef3c8,ee4ba0b7a2d17b7d37661985d8d091aeda917f1dd354348e7b494dfabc053b1c
845d9d46a0d54adca8e75a69a47c6a93,fda16757fd5378d11776e3171feda7caf60d8874d5a8795cd9ecacf2e0e531ee
c56c53762e9f47d293f7ce867afc269d,a76e4e39a1e45c3b4ee19cb000cd78f61c61ef20b92486b2cb6448f9a4c0933f
bc4dd7f5b416408f9a3d2fda96200915,7553ffaa50afbf88abdc0fb9a99fdde6a6b446f1b47e10da4e04007f06f6aad5
b446e714bc0044e9a8b57e68d4393f45,c23ce1559a7fa02d6dad76c4e463ffaf09013839df04fbead2663d318eec07c1
6ee2ec87b65a418ca659d47a28749dcc,aebb7b3d33d35e7a4febdbee4c8ca437384067f05e309aaa10dcfe7c80b5fdd0
ddd35b6f9de8493d8ddf21df60bd9bc8,c31bdd58cc89ebdd76ec2c7907bdf26e0a5c082470614791c80e338426984213
2e6010eccfc84fcaa45e0fbed5ef6a65,458d95a3fb89f4eb931563b68279ff85f5ff96a5f1ef65194a950e4536f80229
24c039526ec549469a802d5d01ee2288,ac0752e097846a7cfcd294af2f69eaf42ff03d5537f8663017c6648672193b9a
0de969376fac47aa973c275efaf17eca,aa6a587169681e3a9d57d78cb539ae21157be72da7067ca6b6fe83a6c29ebbd7
92caac83cab9465f863610dd94de83a5,9bc2bd37df9418b502410280842f78a5968452a3074ceba9c528ca7d11c3d323
f18a73cfa1c0408d9b22d4902cf9c755,6ff2032682f657f079cbd4ab15304107c15e7bb2412fdac50f6ba6bdfb4e5d30
f0b42402f65c4665b3c756e060fcd1f9,1b9592427ec2ba97c13e29b7d84957bcb4f96b548836f242fbe9ac01b25204e3
26f63270954b42cfb7d8db07b6b4c7b8,8d4582523398e3ffd760efc76045716a59a66e812afaa0a845990c221afbc5aa
dd2ec5855b0d44e0bfe672a28a87d203,f96ea3e1845789a44100028acc45a79d37ed6e74b0f9e6ebfe4f5163fb355c1b
48c52d133e3146008da8f2938ab9704e,8ebdef346b4fb5e56081ea50a4a7e52e9891be0de726f44e5682ace683f38402
517bb8fd746d4898937619af206c7680,2ced24deb9a69c3ad90f93de28d935ab958adfe7b1c8822e82f8b2f9f6bdc27c
276dc107af904b35b51fc8b0861b17c9,cea09a94418990f09143caabc17bfa0a99fa3576f823d91463e6e9313c7927dc
ab4da7fd55f04f51a789aab0efc9fd15,81356ee793f5398fee34619c92378adf01d69fd7f1b87120277cc9eb2cb404ed
6609a8d9a59843bebfaf3b2a40ec3951,ae96d862d00016a14db4be62c5f8b079319e41d3a8094d192fe48b89019eccd7
6ae936f4c3bc4283b532065edb25d461,d5af474f754713d474882d3c973540a725326268d0a9e5c23ef023f3e6988da3
918e8569daff45b59cc08553f21873e4,a22721d13a9191700ee52c038b314cf1336b1f8a58675813b19b223c768e6c53
0fed4aa022a043b5ae4273256c773ee9,066cb5d73a8c39daf0d6075d59d31db92477673fca96f47bff447b74d5145dea
6cec9faf197b49bda9292ee8c6424c58,a18d5a21ee2997a557bc8186e6fedd88a15ee491ffb1e2987920c3083b93f503
72aeded86aa4401eb4458a3c59ae8a2d,100f4ef023c3a6718e2686361039738c33d8b809b57f209a7afdfd9d754f519b
dc9dea95be554be2a55da556b1d681fe,639b77e7e1fc1a203d2db6147ae8a1f17fd1bae43b5b0244d74dc4b78515ce3c
6e02475d9792490f9e1a58c325f82fdb,d61167564c31bd6e3945e0c2675a28371c5e8d01db5adf0681fb670186548d24
fc4e3275931a464a9edec62fd3b657ca,1c4ebd0ce5b0363dea5a7b398f5b73edaf110c92256baf593b7702a527bd631b
80876dc4cc0e47f796e9f600a06ba7ef,0fa6b81ef66c28182c82e3e9b58fb055a86e82806d236ac8b033e0522f7d9f9f
1c7b61f487cc4b0c9bea7beb69a8c953,752f0a1c44d7fd7e5f9665ad6df2fcce6f104af59cb1f91d080695b90a60269a
220117cfd5cc461bbe5e21e8c9c08df7,3d884797c0d844ff42731fb9c242ae36a93a367703a68ecfd792f0a37d6de2b9
19e9d145209d419b8a84b03cb64dca4e,d8226d682cb07516218f1b8e3d2963cbb0b9f968347fdae2f579c88e06d46cb3
ce26c57e3df745b28adb055ba22d5b77,f88174d69c9778b32b12a6a9289a948c82356ef3f47862edbdd2d9b5b5cad1e1
57e23ad9ede14e0bbd756177649ea312,52781fdacb944cea85685591dd60b3a420e8c6551deae4688061ac5946ed5706
f0483a883dd046f487e5ae21d3ee6172,61be6475483cdba4fd410a4aea2df446e3056a0933997cb0cba29be9b591e160
bcc547e2ddd44ccdb70ad0ec032e60d0,799c52ef7af0cc958348c1f16253b4473af8b571e3e166744be93242fdce081e
8b4efc4b78b646f195f34f9780ea7a5b,f54fada2d6e92bd4c4ee84b24f2a0272c2156f16833b231767c6de3b73281b6c
f63f45dedc1f4ee1905dc71d95299404,ce183566140d518e164ce2472be3abf78b894792295225faa360392945eb0244
aa384ffddd4e49eea13c08debba11dd2,be3278c6d9d34a7b12bfe50bd0a06ccfff46f5de6f5f97758a69e0af14bf9cfb
0875caba7cf248bc8b6a1a7bc670d588,4caea4f9530976dde86c08c52d05bf44016e8a50e425fb696d73513464fd766c
acfeacba6b09498c935f0864ebf33afd,6609da7c163ec65c5c3d7df789579c846d20404431866311381616dca244c762
a08dee74799c43d185498183c7b23847,83380a9e8bfc258168d23faea933ba46d80be29dc2a40dac8d0c8090eafcc435
e17fb53564a045bdaee94c8375bd83d3,01006ebc9d83ad3a387fd256830517de70b7cbe3ba6ff14041d0d067cc5fad92
9fb61fa64caa4baaac53367eb593d635,dc0bd4c5eadebd55a1c57c61b8332e21629daf6bbe3a392600c318af9f9cd759
74519664386e4a6baa0ab377e5d975f2,c53d8d4fd05a29539d5fa03890433d907855da7808d514cd8fe90ff794621c4a
b015f56dee274829b98811bdf67dc323,3589a09d1cf207fd80604161e6cf5e2aee9984aca93fa812d64a850b5743ed73
4f43fa51f1024ae796988af00bfdd890,4e5a30602755ed558a1a9e7ea1508401d4a9616b80f732bab0e94986e44d4b86
5978669e12444786836a9d5e134f8060,197f4a0dfaf43b1a1edf9fde63ea6e76853c6707657ef952165b387ff80e34f1
f580195201be4573a43a87122a84ce48,104b0e58f7058e2c211c2e89494dee5d36361acf035c2102a13d9958e0370c08
e3e630a7919c487cb7116d13da092738,3cee3dae7504cd49f0af270f6ec21041482a5b14f96e25f3b7e77d93b2623a1a
1c18eda16df14df9998d393d841acb28,ba1c08c8ac9082c9b650d788921d7da1450b2491821cbd5bea645ac9897d7794
71d337e4d43a4442b056dfc0bbf9090a,333700d44e6f8ecdba1d2a44d6b94d85397a65df338286870a684b7423affa55
827a82a346cd460eb555278b27ec62b0,57650edf87b7d0dfe58fdd0c46659214a057e3a4f86845c063f2bcb7b2af44ec
bd7542857819452cae9338c8189d8558,7b70a613098d5ea843ca95c1cd34b791f81fdb570277e076fe2a89a7e53b6e9e
59160c3cd0f34886b63046bbfb23099e,a2a2752a8fab565adf611d14c662dc64c090431fc83775d098cb82bec61a0a62
bdf7f131d1134c8f869494690e7eb05b,4e763d72a66f1864e051e5f84f15113efdc64d9caad3e75ec92037e64fc6bd9e
5fe3f81a5a1e47cc95a15025fc480ee6,e64310a6efb2eb493fca1b13bdca5b51f806fc58d8533110157a2c8ca1f98af4
9fe0859313874032ae9de6bdf7c35375,3555a5df21c28a80d7c8c42f30dad0486b1f81ac285d84076d340ae6305cb13e
eb67ad9a5c9c4be6b494806f221f6c3d,30c9910fedded1f14f9e98c4d5df3500696b98d590e2c8b78442de478f2fcfdd
8a25cd9586504e2f9099b2cecd40377b,2d2c86aa9681919955fa3a15bc571222d401feb7d9dc48a14b88215c2ba138b4
9cbffeb7a8de4f3bbb59bf840f05ea75,7e269955eb442f7e12a080ce921b7bb5328d19e5af2dc4952bf96652f30fc0b0
bb61807b72154da8813a7ad70d4c051c,532d5939a9c7fdd810262d47ca3ae706cc78b9610efc9e2b2436db38289ace70
e943b5055a41477aa1a4ba07cb0744c3,d2388ff825dfc1de474d57226bac3883c6853d5ae26a964627d8bf4be2164116
0c2d8152d7574655b1ce52c1a33700f9,d2a08c533951bd7c18df1d4c1ca971a0ed6f6a622de99d47943ab6b7088395f1
fbccc097d66044ee8f56896efb6c3e40,fcdfc209dede2c1728ac0e449a4a379be492d71920bab221bd0a8cd41370cee6
48a8aaf1d30f439a81acd9f203e87177,3cb6fc325d4521d2f31891294d45299a599ff5572fe8db0bf5f23d56598445cb
629ef4860b9d4aedb5647ea8ad4b146a,d43fba668e230249476c764254df76a45200794a84c3514f4590f383660780cc
30be4413eff1496182ef5ff5cc337f81,5963ef4c7e65feaff37d7b8eb22422215b259dde92e67140b448750e5f673213
d67e203acf684623a1616cb2bacd01c0,5237d5a76bb773f1239f308a480a27cde0f11d837a60dcaa000d654c16272d96
53e74510266744c18b368fed27827b87,acc2fbca21b3e0bd85b599f8596e273c8e9ab1df2ea3f87a110d19b99ddbcef6
1406e28098954e79a05f62576e748ccf,88ebdf984c62901f7cd63bf0bc11cf06525dd3c028263f5c3aec09948d8c2001
b63725558e7c4050bd2cf881dcde793a,3dafbec4beea31717f204a2e89fb819fbfc39e9fb0f34d16b557ab7af9badd70
8df2acb89a9c4a7aa168be95a3d3fbe3,96880075ba2bc92c6b1323a8cdb6f3db7bcf2ad0e2bb3ea3be81a0cc910feb2f
ebd38801344e4542992ad8316c0a3ab2,2b9298fc9d273808c5bd81e7c148de0480b027bba996ac1c6c93bd1fdd6fe650
200d451218f447fc8ad1fa92dd94f4f9,47ca8dd3aa54ef72f508bf013d79005b0c62ef570b54d47d1820dd8d9bb5d4b5
803be7a2b2224ed98fefe35adfba5893,697699803b8decfc0e5509143a5ebde86aba6f9cb865f932e7d3f31d55ff2613
ddb10fb59e0642ba8aef568e3df66374,32345a9aa2b98dca9b14a272dc5d9644f4777c3ddaf84c3c54641d8895b1d810
e62e0ace08d447ee8fae1e6d6380b4c8,219ccd2fe0e8bd4fc27a1432aaaf9e881998f21f1752dbaa4428c1f0edde8b04
1f02bbb176c74496a79d9e563a5eaba5,fe146c161c1797d1f2d242a7be48a845b53ac59facc6e5248f2c79143b7c1135
21e0426ecf244c1aa314e6d1b1369e20,cab547b8d858e4703e8b8b7abca751901c1341ea87769e011c44707685d4cb62
aba285300ad142319487fe655a872301,720aa7d557a72705522ade53caba941ffe416ef9730cfe56a40c53fa91a83fbb
902d41631b274a06a3ddea93effcb857,4d264bdf899afe1a1721bf797907032e933dc2b93877f374da5ed2d92e57d45d
63a02883b52c48daa4a36947f8bff6ce,44960e65a8846972efd4642dba65474eb8683ee2c8d08372ec5c45d3e83b61da
d6e2aef97095480a9193041f6f40d7e4,1912722c843d1756a1365fbb50663683d2d1d3c1a84b01ddfd949e0aa30a19cc
a35616481f98490f81486eaffd7cfe74,2e803bbc446963c75cef918a4055faa0b926be9c578357cfb93fb02eaf4ed166
9e6749def43f40368ffacdac22402437,146fb81366288ea5689380eb3d59f3fc877e583769ba3920c1167d6c9eae6998
0c6ee9c72be34c48a9fa45711e27b9d1,3fd28f7f20885394c60443643871c0f36a8557a0a723387a6e99debbe039a13a
464a8335e9014aaaa8327c1ac8c3153e,7f9b10c46dbac52ba5fecdf1b7adffedf855450b274ad6d5e355f98c8cc2de31
7b52cb43fe7a492788d069be1d14404e,6690c8020eff69f13212ab1dc1262fd45852ca89c6087ebb69721e55c1722c70
21790eef1cfe4353a9c27d74bac3911a,d90cae69276c7ba4468438f4414b3cf739ee5d492534fdc96ccd21e0aad4982b
a08cb687929c48f0b2c2ec1b1c7b4eac,3ccb0962ee5101c28fe0f9960ab1b898a93feb69ce19a675ed2c69c147b04cf3
f517288a7faa4fea9a5571afe5f419a9,e223017a11075574e43b55f7d09b21c0fc7e1bed4503608d3ee2a126b57002fc
02ce01606d2c4e588ed83f6c9cff3827,8a6792fdd5b089582d455b8935fa15ec082984ed55d105ef4aa5b30eb267073a
fa3261aff238485292289835d28e79b6,f248eed406dcd3ce5d4e83bc58f19f9182e49b53aa08826f5ce455605bd77acd
2a9a273c1cbe4319a17567bd48eb8ff8,6f3f5aeca2cabedacc0a00604c7b75e7e3651513ffd1fa963dac63d8d4287186
3625782b263642c287a189cbcad0adc0,0cd2b8387d5e32b716af2686af60afb9f075902bac25d820d30251d67e714398
a6f0349a1e56492585c4c42c8637bf97,d737f1d822544d2bd5985b800c920f3155e5af5271085556c046353476e2f2f7
5924ab1492f54cea9bd43b8aee8487c7,3d986a74b663bf22ac8ae95ca83179341ebb6d5ffed6d0e9b137c4db1670e245
e36bb86066704a37824f4d89b7375ffe,ff7e42e836ac78a93c9b5ca2ef63db9060409d361d7f264ae6fa4c8cb38f0e18
b96be02b60a84595b4f5cfba874ecd59,561acab940dbf27733dbc5ad422803e8e0782404c19dc84153067295211b8381
ad410b799a3343e286af1dca97df17da,3b6f6738a146690f301bcbf9e00fe9f53dbe191899aaea948699bf0c876a5290
39dff6693e234e468f6c8916e1b959e4,a790aef0973f458af89094a1a1e711f4f38012f9470db6a860c56833ffbde1d3
c11b8a1b897541ec9f8fc51bcf27ae40,b806914b71ca8cdf4f900cf6a8734e8e133d1407f7b97c0b703ccc6fa9ca8ff5
6f80da03613149c69f5c160e3026f8bf,573f6ddb6318046923cccc2f8e8a36252f642250a79c6ae7ac7f82c2a7e00220
cddc098eace547a99acdc88f64743e4e,eaa53f5273ba5d74f110e67b5a3962c9a813c8942dfff40409a5e6c4fafef8bc
3644e0d0a2824fcfb41be4ff88dab31e,130b1ed0fdcc9e613ce3100481fc5a371b11a27a0c555500d773ca1202d01f5c
c0c48bd804724329a2e799bf050ed644,2d38cd6aa74a2692c26196e34335d1f0e684010acf649bfa32010f552af3d5c7
be01d458f9924812b1f4ba96dce113e4,c754a06629ea3ab93c1482d416cbc3b1dbbed1ebab4c695ffe17e07e923a8be5
11b13695968a4b4a9d240cc9c443e8b3,ca4254b3479a4ddc9324d890a9e277611804f4c5f6611bed99ded3baa045a092
f538441a38014c5cb986c49dfe2dec8a,aef4c791dba0464ff8e567b05738df3f3a0a5026d6ce7e7406d32085e9503193
08bbfc8de7614c3b8ff54e0d81cc23e3,55545e8c8811e3bbd3d1eb50bd976fea6190e0c8783da96259410624edf20c8f
89addc1df9dd43138728ee59386fe0d6,4da301a4d5a95c35df77bfdc38830f446a627f57adf1905cdc9a4b3eaa3efc30
a636668d45be460cb142b0c3e7e7155b,78fa6626fb9079c9ee9ddbb4dd00beba5074fee7470982b0f10da4e41bae4bf5
ed6880991d064c2883dc7e23b2453614,7bc8a67f80d8a6f0fd33ff5fff3a177a5281bef79022e8b4f41d401d6441a2af
7a947df42136497eaf07a3893b46377a,935c202fab2cc8931e8532c3174eedd5c5b7f31e0d5cbf27e1513936c20c082d
a5a3d14d0f8c488498a9a73ccfdd4a35,48a6cfe2cea2862cdec6accd9d36423c1ddcce5e89f95953bfeeb5d9dd06aa66
db02ab7106b34fa4a7704cd7a98036bf,bf45365859fdf066f9a4fc409dd58c1666d379a79326ae384b79371ef47f6218
3befe986b6cb48b8bb1ba5a7d81a397d,80777e35775a6263b64d6b9aff472fc83a9d1397fdfc0cfc36c7bf136b574468
6e31b39cb9de4c07a4d23249f7e81c10,3198be360c19c94d462981e2cc1d44796fd745450b9d6295e6eeef0b0504f498
15e9ee4451b54293bbb15c14709eb815,9690468e6b4fc71f9e86c5ce3df26e991fe9991a6d9c598345286df9669beff1
9708fb2f0ae34b478c792e53a39916c4,619e07ee21702b3062662ca42aa17dbc87ab89f92725027b4a619ccc8fa7fe80
b0ae2f68a44a4ab68eaa7b59c78214b4,fb9681191b0a8450902d8ca51af436fddc6bcea1cf328ca45c9b08c74f62d87d
4337ab19c9d1479a838e3a957dee38c0,73e965e6d9ff64d0af8fa09bae35e1f5e3537c5624d4d4536d2962ea053c50b0
a201bd8f35e04b3582e01d082366d1ef,187e2855658af512eeecf2a1d02f88bc92f37b890febde24f2e6ab8bd0a7d263
5ab5253e83a94d0ba7399ed04a1aa82a,4bbdd7b26cca4269cabdebf6353e42792d0a9759c875c7c56d2d70992c90f655
86c297d1d83f49bf8736177db323622d,735bbcabd7453f5eafd2a2fdbf5a20cb6d37698912adfc1c56726620945db913
c8f4cd80c9054dbaa6649c8870bfe192,77f0652fa6684e6b3dcaf4f079c0f758c1854e907325ec87887add87d7db814e
06e7cbd71dc64b289d59ab25426d84fa,87fe93f1d90fe069db8ebc71abcc5ee90b97c002dd819a37aa4dfff02c440705
f971448a292245e599586f3cb4bfb100,b20e7b0250eaf500c2aae41ae20ca9737b9a0e832fe6c68c8fa9910ef1db2ccd
7c26e3758681408593ff0c021ef0bc43,17164c2c7eb6150dbff3e7f0d8d84821956d2fb2447c373712a473c5fa4f677f
f1ff2221835b4b91880bd308f707de54,538978ed5f2b842bfdacb2521031f49c04c2f34090c4ac4729721682575c848b
72d83da3de8c4bb89c20c0887132d67a,2bb8cdcfb07b000f43666ddbf63945838c07d41511aff4bccf4b52cd765c1025
cdbed27eedad4a8486e65ef7eca011ec,04ebc0132250e286b2a0dade9d78883c4265db0fc26370aa2efe275c20c2d29b
553cec157325403db0abfe116820290a,cb365628f93669a055d546e1a81b089a8527235b6d3f97c7ea76e64e8be82c42
98ceae2d3187428aaa4308662ebcf5fa,d26d8b2f6525777872d7174db96c3c32e2f726201133280649e7cd450f22e3aa
64b04d7486304cd2ba3bffe9ff5abb5d,d0bd00e8a3580e9587d003b20678fe0251fb893c0bcf7e955d5c970bb2ec428e
a053de45d9684a7aba934c8174e12e0e,cd8435067f1b8755a972ee0b0918744e3ce73d5a72d50da6cb1036ed7db5267d
87048b817da4433dbe03b6264ab1e8e0,3f95abd894f2f48c6a84236c83341db648af97f9d0c64c83a2892402835ffe3f
a9ae8c4324464b8fad80db6573956dc8,ceeae9272c1e7086c7c68b166f6abc2771fe164f50054973e2d9b6b926dd3881
7974570ab9c84cccb3c8ba7e07a06694,a7bbeeab596711173032e8622dcb9e777f1519fb6b70e691732210e445d118cb
0406b11be72647029ff253b27c000262,f14277ed72af738f8c2153db736558f2daa0b733dd2cf13e550beae4560ac636
939d609ff10943a69e2ca4ab9aede84c,0f6c394688ce6ccb65c929d65bbb520d33bd2790e6182dc4d3e204870555bee2
6ee92c85fc5c48d987e1db40adf3ea7e,c31d6d6e609d4c52dd7a032e488d01f9df77a512df057f5a4018aeddd891fbb1
e159d2640e304e558e56964271b3a118,fb716164be116a30ff7cd781a81333b596128415eef7fedeb54666032ea6b994
61271140bd75426191721a2d0997e56f,ba6005786ad46a4747bf89f3d9b172d45c7c9ebeac4831bcecc679a60c2f9254
5f70357eab944098b531d25069676291,0ca794080b398827f502ab1461632a143bbf9c593bf74a589ab933d6b549e320
7e315abf0ec04259968674cfb37db6f8,2d0dd3f17b7db620dda5fcfd8fb6e74a1dfe60728b14cbce7366f0176e569382
32a8ad2d19114160874a6564176139c6,4acb8dcd4a22e3d0d325d447bc25d6d01726e6a7278616dba1518d593e6b694e
a0d6f7f2e4ae4adb8dae5041bfd27857,30b2c1c02bc1d3017bb0db926c3216809b079671df3bf012f370850e9666b391
e50af3e3b8f5493885a2ad0bef4db701,916bccf7c19281117c4a9d5c982391f154fe973bcc8abdb07da6f786b77f21e4
4eaf08358c4f40a683f2dcf2abcf7280,e0acf8e8e4d87adfafa8fcf4a12b2d28e5d33bf4212410a4049f0ccaba2ffbf4
ffb0fd373bff486f81493f7eff2af9d1,9b801eff55a7faafa4b86a566610188e71205b1bae1ce9270bd6f5a0ac3a378b
238c85608be945c69562f851388790ce,80783e0067f88e00981fc717879eb5d92e21d614f21a2b2358f4a02ae5555de8
3f916805469544f2bb1f89f7f6c746e3,ca3ec97a796108fa048e02765f42348e8ada6f30249141e079c561d6c02137b8
cff2029a38a240dfa3605c4c32723ca2,22c9b8eebab848fe4d1b055aa2d8779120eb0028628449e91ceccc1412040c12
e395cc2153654321a58e27be41677877,372094377ad40d5550d86a5a22a93addd639e8a9a29b560dcf35bce4550a15e6
e9621b2bfe7a45fa9c30bc3104756df0,3cd31fb2bb9b0a0607e3e8898a45a13debbfdd2cb789384353190dc017f60ccc
5c5c00b49e6545f8ad391337fd9ebfab,ca1de5fa215a8059243b7a624958e3e04e2ac2f90b1b1b88ab6f6ffff324d085
51a11bdd84904627bf95aaa4b5e1957a,3c7e6355c1919dbdde06d259ef69c740c2483cc551250a7ed5ce9bb3d8aac536
004a94f23a0441e8bb34e7d4d0cf5199,58387eba8f462ffd502e12aff990326b05064cf05f84ce7905ed0c63b5e9ee0c
9ab53809cd9647d89128d1c06f49c7aa,be747e7a3bfa26d55bea945fdb825a71013cf8c3bba98a94800360314fae2035
d43bec0e310549c0ae9fb4cb566b3e74,ca6a246bbb1039258dab60fa7f7527a7ff9ee8acda7bbc57791db40c9315451b
bab8c038557c45adb942fbd337e1b309,014da975c0b47159ab137ffb381228177849563b7dfc3153e8febc929b844d61
232403f28a194c6d8bd1a31c1dc8d946,df62f7bf3c90acc21f9dc89ff35ca61a01ced3724e1b0da1fd9e14be8f0bba40
b5c35c66501c40309779722736c931e9,fd976d46faccf82010c7d724041e22ff4f5b67f9ebc4a6d316c8e0d6b239a055
4d7f7407e89144fc8e8a0c4b73e28aab,7cdcbc49222154844fc2ebc1167e54b2877aa55b7ac3ea7632e4e24caa70f4f7
7b0dae18c6c543e2adbefcd21745bf34,28d0ad876801b4959266463bb39ee18db37ff0037aa3bee5f3e7dc6f1706f2a7
d1d030fd4f004acf809c5a8092c4134c,d21a6086c08a623b1b7253766cef52b409a636bc2a2e7f3c3c151425b33a5dae
37b2912bd0874deb9444c4a1912d6067,5177953b2ec12a7b0d92a60400492d5446e79be2cb6c33d6a09afa2b537406a3
6377de321a6146dca3de0a2e8694b707,87f56ebbff1ade34df15a17532b9eb1df709a6e5c242ae7a4bec8d61295ac908
5cf9dca150d24b07a80b8c8eb3e2d524,4fbc92fb9ec8f6d6ce5c76ff596170ceebad04b8ebc974e08dccbe25b68a9aee
16ed249ffc014f9e9e130c259fb13032,9d9f9913e87a3eaa4a49b5c1c4fd1846a186a5e86b24fe1a48a2f9eb158e6ad7
c30fcdfa904f4797a56e43babfe7ed3d,161813774ebe1e20d67992df757b05f542ec2bd92388ed2ff97b6c7bcc7f07f7
34538eaaab974a61b6a365a161730765,6e1e35f34ce8d41a46120d2693f2f772f382087d8343154d6e3fe1adf84abb5c
a36d91bb72644a53824c6bc97b8c3332,b2f7383bbcb8e9b938e4c94e3b137f7ffdee040959257ef13260238d8c285003
2036dbe60be9430fababbe34bb872219,42fe8e461e481935391d2086cfdbc1b563d053ac2b699f6ad16d40e4922eabdb
cc2564938c414761b8008f3b495490f5,3f82db1b5530e1d5706a289fd8ad1130e09b950ab575e287dbaf44b3bb5f9e59
69a3803c4dd84621b008f562556eb1a6,b89406090655f434d337673671cc4b43f56e063b147a2ab19edd94c927be6ff1
5e11b5a2e1ba439da8b4cc4348d1496c,ba328f479940bab20029f2fa33e30cf309d1f2819530a52967ec555e5005993d
63e54b88aa8d4f4b91a344329ee6108a,1230c19fc0dcad239cab5b1deac88fd62de78a631a3450dded170a52f84b48d0
c4d93db7c4e4442e9d497cc08e0322b3,cb84d7a2e0ed7efef799b2c66a85b5441f8701604d5d5eb954632899402720eb
6bf93903babc44098dc6aaae3c1089af,4e9f3abed85feed435112a2d6f08f56e3d42f69de206eefdf860649119ed78e3
d1b3dd7c86264d82a83157664609fa6b,399d4f7ea90f21a0757a2bd6728cd8bdaef20e3d8b9da0712fbd5e867e6cdf01
eb56d1c0a4584a9281cd2bd4288cd426,f98f8e535da91372546b164003a0eb10d069d922ac1fd1acd347943b352968a8
e276d71d3a754e21b323fbabbd764aac,9b17413be992e06a0a0f522fb7e72ed7f0e6727a0c203da3f6845beceaf36e86
ce9037633f2a4b7abc3ba80fb2c3f8b6,bc0fc429a9fbe2c927dacf6cae073ca9b3e5a6943ef107c7afb643280ce4c7d7
5fd4ad5b6e7d438496a0a4dd21eae727,6d6cfd92ff6f33f9b06464ffb2a649507c6f7496e616f3dcf251ed919613c09d
cf51867a319844e38328ea6cea61270f,4d049befffd54a173f834b37551e45a3b5a3701ba6892c779bb334a8630aec60
968abccda49548ee8b2393b4c170101c,e329cc5de7be5b11a5ae6b00b36c758b903b90976d7b77b180ff50d6aef65d5a
ab6eacb673fe4682bb8671055213b65c,c88fe19f8c6e7b366ee00ab3187727e750a67ad3b2fddcf091ddbc906b9b0d2c
9d2c706513ae4e58a4d612386fd23d48,ecfa96b0ae9a3d21ed39861d1cc99af2d13dbfc58e560a3596a609c320b86bf9
7c70ca36fe674ad8b3048312e815c2d1,3c3b61efba819303b62148df55e49023bf941a7c7399c44b67939f56dde3c85c
b1b0d22327b847c080a939f22a7ea35a,529a4e4751ea6151d15ea8005691a1a28008e05291efe4dd8cceef2ceb9f42fb
3fca6cb4d2c645189b66cbc2d50c9bed,681b2f8c889952ffceea8507dcd269c76552177194a373bf58a8cba05712d571
5c4b7a8533224afc8cc0fffdbc961970,5b29296e24df4e2d53143560593e639cc2b66fa92efb65ae48d121d328bc6f73
5328ca0b407042168b17245666bcfd73,1126b8aba7b47f442850de7946c8b4d4279603e34099f7b15d0abd27ad39e463
9a3166bb678f47a2aa386c3df337d3ab,fc21fac10562d55b79df5c7311615757d4c9c3de86bf5c18739d3991e547de24
b09e3f10421e4c2e83913197a6596e75,08692960ab77f64300eb63cfd468bfdfab254e5f744a94667643367392b06b79
0971311907a94036bac8b82fe46e9c32,4e4d3e59a381fbc6b7d4e119c5b72817344ceff51b16984d960c22a19f3b2612
838b64e230d64dd296139f0ff3fe298a,b146c33378b2b25a5339fd9fdbdd543b9bbed9de2ae3e5112368c8c5dba2475e
0fd92ee7bf1d40119b2bac3874ebee0c,7d5ab760342a97b729d81d01af15b2ad1fdc0c7491059b2d5ede1be991bec1ae
2a1f155aa7864501974a65c62f329368,5f4a3f663c6445823c58b4d51e66db08b3f24a87c4e3b44e1eaed26ff767a6c6
d3c30d10688a4aa294f1ace340a094f3,4746a1639e935304d02edbd3ad295f6087889393f8f111311cf228c6db7faa99
108677916dde4d548a04296d1bc831d3,6c363fc48543fec19c90a3f1916e3ad043a6f8b325537b3d3f174fb31ad0059a
7682dc1008824c6c91addeafc2926d80,c0076ad1eda0ad8c0d0a0a51e4fc0fb1e5626929590ba2355e37d84070dff2a7
597d08a3ea874887980f9d7bac1de87d,336d999ae4c7d19fdc32fbba1d5e945f7ea6f99e3943def43eb8ab0a30d11916
eca5968c33254a2bb3842b9cf1956eee,7bf8487ec9b2792c5d4494c4c9b57983007f03e27eb05d2abf0e8d1b9f018498
9403bf5545d34e2db00a95d08507cca9,599f56043d71a34a3b31f83a73a627d629cef5c5eba433c5f1e1305ed2f285b8
d3a6a1678c764766a4dd3c382b266a3a,ba79a19166bd406c6daa5438e17650f7977ddef7edcedba79f589ae8956bcd40
21e8cc5c67c84a1d8dbb0814a4bc2524,fb2070bcac75c4bb6550862d28fb773f8d3d3f7fd0fc9f6c28119dc799cdc105
dcbde24f40304b82a569cadb81d350ec,a4f139c30d9ee87595435ec41d44fc37374c993464f910592a5a016312dee5e5
6562fe11a9584fe9839747ab158a17e3,4ce3a8b7ca763df45fe7748b178f8746b2ac6f9932c6a0912395a8181ae68f85
31cc6e0ccba14f1297962d7ff3b44f3c,38f01dddab9ee825a64028358f48bee10c71d590be2f9ee160c52e22d527b97f
adaab0482cc14dc6b88b85564e953adb,1986b7e81b9ce24e2563291b69c6a3f8b33099755842e3a12e6df114eead3a6b
de0e2f4fc9da4eb58b817d69a0192774,71b38cfec257b6b549b50d24e7f1c0b01486dfaa1ff10d37c5ccf0f50e03ccce
cdd6e118fbe245398f80a7a5c64ded2c,2307ab8df0f65cc9f0ed6104f9561c6ae629a999d775872312da4884bd73cc39
af99e9dfa25946868925c294fbf876ec,7603ae144e0b964103964234c24be3e6afb5771cc25618f904d4c6384759f8fe
b0bde73e2dc04151a84835e08abebf44,fa851148a5cca68808571c9564d8d3f1a06d61e1d8d866bd74f58a7a3892da00
7c603a50baa2455ca9ce61c2a51825ef,e1429fa52730221c3484d6eef271ee7ca420270c1744f90759572a3f2e3dbd55
4a313dad46904039b65ec8a63122afed,0662162a522f004df4ce2df8f7176bb583e3378081c94fca0f908375e3c04bca
47950354b7ab4478a8bc1fce3c7ee6a7,1ca59bc7081a2d7f55651066ec817251e70acd7debcd5d93e719ce9e45f9d33a
f01b09cebf6641ea94e7c6b9c6ccecf3,ddb01500c6574dce50ab4223419be4d9da667638e91512d4d3051d2eb4942785
a82db1a89daa4b2ab62f6446fd101132,d6b43692b2ce3d9a652dd00be2a8357088ab197c86c4c63f482737cfb063bbcd
38b2b21a8d9948fab3fed5397d4a294d,8757dec98757247941d5e83cedd4b0ceae226a2a14da8337b1afce8f682bca6a
81bc61925c4c4f18b2499c111007e6e6,cccd5575a6b6bec38fd1971e262e317c9e68a11a78f1b8a79015149cedd185af
bd205384ee8c42b5bc32134dec24b057,6d8347b9b850d7df8ccc23ad67a30bc1234b4973c35e2b73b68da7adf655d4b1
61f66ef2b5024e87a3143cfe11f52f8a,ed7c2216fbe29dd2a8a2811d0753c485754fa8e6061747d442d4e0d809378f7c
a38b1d677c3a4db8b67223bf0a63e6eb,7c97f45a6a6d41c36bdb4a075e55e9f7c071ce883eea5c3118dce2f780e011c1
0992ce203432426fa5657e308e6b9b08,44f2b3581bcd85a429eb987b5f4a53ff37e7c6d95306302abdd6a2bf83a7416d
db19d7fce7fb4952b4c66572ea74b4fa,79fbf6950483a8e03bef3bbb5c0099ce4ed4611d54b602095a1f4dd44dac1d2f
7d562c18992d41a2b45a9a5c50b13577,81748346459e666a6c435943906128aee0eab4d7ba4c4c52e0cccb89826271c0
4e5a59ad923646c096e0e9564bfe35c1,38e5a1955aaa4483a261687bc380139ef6e3df1641c922ab2c420b3eff6a3aad
28b18021ef40496ebe9b40867cf7232d,e5c3f40c6b1d13bb903310d96d1cb27a81e6a307fe5e37ac3029f72f17810181
f07f5f010d864868ad1dab89a51ee7e1,92bdce461f2437c547877344c31a55a1d1c7e30bbeed42b610185b22bd6fccf4
0f3de867879d410bb32bba591e62bbda,fac37224463882a7865721272d753a94e6dcce83713119f5e634e2d1d5df6afa
faff00e2e087495a81d3e6a3e922df4c,f7fb7295fb02df78b6f123b1e19ce21a0b3cd8809993a1bee0bb41a4a43a46ce
2f7f950544264668b064522fdd132254,078e4dc8a1af20a2c0ce5eb73cb6fd36fec51d11a1235a523be187eaade8ef11
0c0dd480be0d4fa7becbd60f2835db14,ffe08e00f236b10366669527f2cb706352952d2ae0fb8ec57a5f3d641569e6cd
3b7cbc88355e46339ecffa18476ebc2f,692fa92adb33280ee531090a0feb59602d02c55943950a68e545bf960b680534
6c73657a9e8a4f3ca079e71448583d17,e1edcb85097ebaae40f561a3aa2c53d5aa0570ca2a6393f606bc8aa4cc17d14a
3c30fbd1b4aa46f48ec1440a5d93eb54,1cc621373b72451de2ea9f47167d4ccbc511c59d2282ec142650b10e70576134
f8982d48da7c4478b8202b2d414d052f,127c0fdac252030aacb120e89129dc4e9668089f325cbb0e6f0807a65b0b6913
6f17d7e015fc4760ae4947d7173c1e1a,e7f78cca152842cd1f271e5eeed9c09431a5e6365651e28dc8703c53c3a351c3
60de3b5c95a247f89eaeb0456f8afa06,6317a880046f586216f8e91b75360af45976e6dcf121585dfe88f2ef731786c3
ff46f7c179fe49c0b22e021e06d06b2f,e8609d8717b95b84cd27024a95de11f3509694e3deee7b870b37ad54c317f8fb
77e8891281ff4ed993c7fce870ed2f64,d9895f7f34b724976e2de2bd6208e512e000349ef018721ca69999f1737c3b7a
914d57228908454da8fc28cb2e9f1e6d,66ad2cd38f813c71c29ac84445ed9e97e1d981686ae254d5ae081d9e44a6f913
b412beb986694db6b3f4f7020d5f2625,6080a6051e6c6a7c0c870fad2987234663f58211eaca1b2e6d33a00ff0985f26
9e59ca561a2f432db42755625dd2a543,1d6060fd7f1dbc82b9c5ccb8bf4b33677619e49caaa894dedfb19c35c8097efc
631cf0dbcedf4d0ab2b57a1f6baf34fe,9873af2d775733f5b6d30d95342ee982e731c962178add7ebfd840cc6e729035
6f0b8d0452e34aca8bf713919c012211,588222979d14f3ec47d402b4322667acc99e70647f31b3bbaede74fdffc44553
88dd7f2ca16e4db7928ac020bb3ba041,c0129049fd1a33eb8e1bdc5afdf9f650b7391566b275a8f7db7da1e2df6668cc
4decb6a2c3014d379fba31d44fffe476,2a89ab8f84e9cf9fa8c41b179e1af209957858c398c7c2ccf9a16ada6105617f
4a29d65997924d07bb9df68047457681,5ce9649e98568d3ef1f5f00410662c1cb4f99662a6681a021808e29796b6dc41
c1f4b1545363433eb5be7dc8982ede23,f05617f2f7ae5431d0328e75706fdd7f6d6f3980e1418d35b6b7eefa6afec759
0f309033dad3467480538effa99acba7,4ad5c080e68266f5788d84d027233598ae132e6ed4b5fad576bde58133c51ae0
7bae77a6831b408b86e92a45bdf9ab73,305122ecf21e6249a185fe52069e7f8371b39a01440135b43dc55766f97438b9
9fe511bc16934d25bc8386c242da51ba,2d5330c4c332ab6156fb9da9d32c6325519a59bcfa071282fcafb5f447fc2b70
d0a069fd0fd44ced9b9eb73bc53b6248,523416233342484cac78772284f526158f1d1beeaf6bd7658a918ac683d4c407
456d1795f5944e5dbf135a6bd9c5ed4f,e25df5a840778423b6708d2e6ea5f07f4057af6d7f10cfec688051cc589453db
2a7ed0ad492a4079a7132d991716c022,e73dbed53b7930f46400f64f80b6f84de5a510056dca2401475c4f8e2da837d6
2142c2e35bbe44bc98ef7317c8fcb6a4,90efaaa7ea188d4687c8d43bf3cc82330f71235819fcb6306178b3b29d27dd2d
61ab58843e2849d281a79b88feb15cb4,fe4f4f38b534763411ab957def8fcee5d38164ceccba41a2d60ba2b7bdef4f65
ec456b0a2b47408c91f91e96e21de503,fc8fe8595f18e174be3d8b3e8569ba673c7b629b0895817674b1014a1ed1bfb3
fdeba4debc2840a38a6546a9c23a64f0,0e81c11a7120a7cbc54882369de6d8868ea5b328912aec6b9cd7dd693472db4f
dad245babb684e01aa2951db81c712f0,67a9165774e20c4e55b3d98008df850476d2cb58c20f13cbecffba2b78be9a2d
aa9ec4281de047af8b1b89ab59aaba7c,08c403339b8729dc3617d5b3071bef1bc30d92ca566a8384dfb26830cec9d5fd
2a0418896dd2433297227ab05eed6a73,a77a5d0d89feeae303e446dcd254baa8eb70ffcc18fa9b6ed8169492c6f54654
aa7b5eb1954c4917af3f74e34d747c06,10ca4a4d5ae3b7acb4595603048edc8a80ae8035a8ac55add7476b01e214e693
fc015ba6b5ab4375ab4634c6b317a9bd,a947326c9a23bf239235e73ad03f08c9e37794c62b7f2dd75bf7ab6bee8edf0f
13884b8baad64d1d8cb31239cc92f0f0,c1b78a197f372a0435ebf038b4a30d46da1b6c853c1d391c608c54f5d3744636
f348bca8fb8f4c31abfeaf43a4eb19c4,205dda5821603b69396aedc8cdd8c48682a519c705e8e0aee3265768469915ac
22c70cd2a2b54cd1befc2669f871b32a,45cfe547addcd4636a7133015af76c643afa85664847f18da8109055f19af0ec
67eb27d8453c466eb40c3d2a2c37312e,7726cffa2b7170a4d204b476874b8d3e9fff78f45c34866521a56d507a1309c5
e6580efe34274656ae4e958a0814dddb,7adea253c454bba09fc8ce8ff636cc4660a2b7062dab62ca4e2d47b06f787f05
3efd889bb836446dadf0789e1ef9de56,528b44af0359f6430003cf804abc3fc2ec08627ec6c093a15aa1081ed93e820a
862ca04767a84f978d9943bdeefa6493,e174c201d95cfbc0a527b156fcdae35f71d51f16d737633dc404ded61d6c25ce
0f6330c7ca384041a7d627008634d44d,4fff9bc4bfb827086fdd470affb341821c4914204754fe4f8434e0e0614b1aee
56081c87ceb04b4988e8dead12e68d2c,7b8faff2c7b5fa5fd7e74ab633f1759cd568767440c9b6f73fdc055f163cf60c
08c44e21e0de4049b3c612d5ed2bbe3b,62ae9b46fb970379be412be8f3068c2c3a1a1b04e9708e36937c8aa6eed59522
4696663efa8043f1bf7393e0fdeb60ce,e7a660d64172813e60eb2dc160fb5c0cc7c23cc09f710a0a38e7c46ba6304917
84235c0133844310911cab4cd0a9fcfe,f3889d24ae38131b0929994946018f5a32911284ab915c7df4bbc13414990f66
ecaf25e58a554bdba8760f4717414548,2e83e1e9be6c72476be508d1a16623290adef170f1a4a8085062d4e7ba780fd4
ba99af22b1d04987bc416e77d2fd7706,b41133569d732b978f4bbb367f4f29ff2b8c265aee8590f4ffe381b878872894
5e1c184f6e44452da510051af2d87ff3,735eaef2afc7bee0e73fdbd83b198d6dba327a8425934382b7391ac4bb67f05a
fde15b188e934a9f9c0d083b09f791ba,b7bd40d9cc97408de9a334c3843ff13948f50842618c1bb7d8420c593d912016
4f95be96a46c4b339a55f45d8da473ae,812baec550b5e146c2bf23d8a2af916e0978090096485d18441901b63a8d5ce0
b956db9b232648b39feced03ef0e7c75,ca216466320fabc5ed2fd306c588f0f576350c07e5cd88935e7c644f91c1b8ca
ebc76cc951664d07bc43a98baacec0e6,a43d47458dd3cbbb70eb836266b90d48b803eb7851cf00d0346c982127a40d97
a6c282e3fce245bc89791bf711d3b16e,734ed8adade3d091094291bf3090edc9313f42617bfc605c0ed65a258a8e7b00
a9686d1d2d664d3ca27da0df7cc0b97f,89c87ccd487b7baf237d7b800ebcd8cccb617f820297065ea945f78c17013181
b61535a5789245bfacf9fec5258e1ec7,04b2c487391ad6e9fe927ac32053a40b3094b6abd63d2028a37e4314b5604cd1
b1cd947dec9e425c863e9295be8fcd0e,d12eda83be842bd70cfe7773cc6afaa04d507344cfaec61fb8d56ffe57abffdb
40edf10e84ea45a09b5c538dc0e79ab2,9e6430f4cfe7fb68c90701849fdf4dd3e4fdc24f1cd979c08f266e6d67c97993
c5f6ad7b749544279fa5aead5b0dce87,6521ebaf6f2124b4483a44260f0e1ea4096b9dcfc3022a3696d9e38561eae15d
5966a05f31e340dca909403719f189e3,d4fd825cebb6ea26c135951d97ab5a8f3f6358ef9803601cd4aaf7b427851699
fbb0cfe77e9a484499749ed0b20553d5,86e4733076d1603a04d1f96f4a9afa9e6489d39143bdd6ec4988030961ba7560
0f1b30cf49684e2085fb2301a6d01ed9,ffaf9c858bdd95e06c77d2884551d19e375c3d33b27ca4a44106c41f0ef4024b
88cf8974f58a4e1494f398cc9e0aafdf,9e7256d2f115074c75c629cedf1978225f99efb803572d35cde6ec69628d70f2
192272010e9b4f458702e9ba9d54b22b,aed9b9d79c830467bce9ea139248c04e7cb3945fe3e174337c54b9cde6e850ca
91c05853e88f4bbca1df6e41797841af,c08ea97c93178de7318c728c1573b674b3b7497cc90ad905e3d06c60732d51a2
ede6d7b5731649738201b9a871eb76de,5eeaf9feb83fddc33e49f3dc171336852b14f20ba74bd495516c8da91660636e
13be1c3c5e7046bfb974d74d3b410a7f,68c3f339d5ec2a7b9b24ad03b0496fbd351711d938afa41b9151c57e76daa07c
c51c51fb35554409a7bb950c5054615a,a6bf5395d0012b3a1d09d2a56c6edffd95a6c11519b77b5844717a1b0c7555a4
7f0aeec8b05e44648f3e83cbf5996acd,266d9e9c5f09ed0381ef69ecea982b89c393e23d9045d849bf6e89f42ff7b1c0
12fe165682594d57a01124a86817278d,3e68633adbc800429dd0efc00c4483c4a8aec47c74b67037b6c5c854bb6bb093
81cb082a56cd458793882a6a8d48d148,2ea506f89182bb715df68871df00151f42ea93fc33c28c9e0d27a1fa151c8c54
0b993a70b1014ad997d145be3f9df107,41c1ed31f86fe65f01c60fece0b2498b25de76f6e59aaddd5a0674cc4b16aa4e
cb749a5263444ebeafb0cc4aa2be7e67,f97bf9a1c2c00f04e9d49af7d8fd2a729dba4b99a00faa1ab3bf04787842ac5c
289883d94105406ca5271cd10b902f64,96442b2979c8d3bec332d9d692b7f622a0e3261c183ba89b114f85ef2a9fbb8d
673e3d312b514b038dfb364884faaa13,342d162e9f3c63a6f4bb8a4a9549bf735c77215f1df3bdd56484586c2db73c40
6a04b85b925c4d56b3d1d6a467a524a7,9beb5a9af45a634b17e3dedee9da4f2d65822a1d38b1bcded04329ef419e9fd7
267bf51830434783a502c64b32f7c509,2049b84eb4360705b5de746def175383dd1efc58a952aac99014dd0f0080f46c
24485586163844ccbb4a7d05294491bf,8440f8e58faf4331eb5a5c6fe7c842badbf6e62d35716179231e81c53982e849
bd5bd88ccee34c9294cede6502b72da7,32328620db179366eddf888bdd0f558bae9e28d06ad29f4185ade463d608977d
76bb47afd71c4095aa6d331b34583611,a53b09b3f4337d357ce068a7559dda1ef9495b6883c28b8557c91eba945ef180
811a55a28f6a4fff9f136a8c95af8973,39b9714f1098814e0d3979199a9e8469ce62b0c22e54dd595e61ce3c1b1c9949
1afb2a98c58d42a8a911120d4c0d1bc6,ea7b2ee9f828bb8024116cfa690ceda463083ad3650a8d251d3d2e55868dbb91
d15a60f7de83479996d3989767473579,fdead53558c749d7b343ca21d6d7c89b0d52056241e106e4fbf9bca39c974b39
740856386836482384ddbd9032908a6e,44e49a12cefef5d16110302df5fc49115f842c4988543174d509d057f8f83499
f774af59a05644e596814606ab4419ad,5c3cd536a03763650313201a6791e5d27c4bc66ae3ce92a80a88301f4574a8a1
0911e2c22a844eaaa46ef93868217c14,9bb6501f1be96c9d7a40c72813fc106554c8c87c654d79dd862ae5ebba8499c2
48cf6b2e18b54a9a94b837497f9de2df,62de39f24c4e98078918555e903d6482a6ed7c506978b03104c9cf8dc4e32899
98e006d1dc3d4da592e9e1f4ed683972,000adb89387bd5975b90044fbddf26e92277b45d48e2b399a687cbf5399b24b4
476e71b5421e40dfa8b136aac3d2d8dc,f7e59f3b32a669b66996bae10db6c3c8c5e75b587e6958ed9df484789c71085a
a6e4e21bbe284e58a74995f3eb15eafe,b4ccbcc9de1a7a4c5c947e3683baa9c818e8f56b602215da85c186bee179cd35
10b69b3811dd4bbb9c5c26141fc36e67,dda44b9835b613d481d3a2810acc0eac4cb8cd81b6ae0a6c5221c65298e1972c
efe754edf170487a8a8551b5bc327934,29751439c7e906e0f6c1da0da2263f8959fb17d5862d98763ef09f201642f527
4170ade897ea4c5c9e4242ff1d485f5d,ce20df51aa898fdc35476dbec14129575480f092d5d91689b81cdc44172484f5
e8be2816ca4d48bd90073a919bdced7a,0659212a729abe25de966ffe776ac5581b6836e454ad2118756886ce73bef89f
f5a34e4d3cd3421cbd04dd80f148f3e7,861843f1f08ec6a679d5de8200bf5459c9ef4123cf7d72f80f0b29e731fe0896
f1cde8e1829c45c0a5ae3c0e8481a881,70e793c5391e715b9c9b4a8f065c008462f3da019dd3105d04f4f88ad92115ba
7050f60155674809b646bd0125fb86a2,359d8bfe7c71cbbeebaafea2d9e63a91f14d0e96a02386b4c47cfaebe16df54a
c5f5c51e98634eeba709b2c0ae4f3240,3993509fe9033b500906ebcfb8cdd8f270fa1c730ad77947602a4693d7137dbe
69d47e9843734d1a980b325ee6eb0f18,12f8bfc84f8ea0c3b23fc25529f1123f9438a2f0a87190aca430a8b3a0809d4d
f534c35c1e3c455182b338de9026bbb7,6d977fe6385003c11600923430e226e6ac3fc8e7156d88191bb564f201f1293a
c17b215597ec4aa7926ee51e5e7858ed,bea9f34871ff9dd60e15a3891f171c935ef84810b84bd35e962c28160d351b1e
4eff2d964be6430ea5eb3ef71c64abb5,9bebaa5b86851e65d2a124f43d145d05faa77d7a6dbd0f9589440a0bab489f34
7daf6bf5518e4eeaa93a0a87262ff79d,a0e0ccf1a2c7d694826a16be276ce221305d30ec3fb3f192eca75c062d83fcfa
bb7ac04cc75b4a328e94c629db6a52da,bc26c63a4618f0eff3913a904715d7208428ae6797e0203c7f8319f6b14d334e
a67966b1664547f6a35d6d2b86b21c2f,5381b2eca4e4ab20706629e85565d06745b1473aaaad1905dd9e98c6061524fa
6bc1b1fca31341e8a9c53574e9a07ebc,f9fb14e769c5b9949f209a5b0b2e67d0964b826dabbca930a754cc2f2fe83f4f
e863623fd2ee41d5aaafeafa04dc8c93,60d4a42b5dae5da260ee4defd897b62a7b08aa965b7428c3753eb389805c7075
5b704c748b394146b840ed933029f4ec,08a8535cef8c8c711b03fa1f42af6c6418541a940df169597ebe31ad13d09c28
5dbbb96c09954546962f59a078ad4beb,5dab04dbc54f66a3f3d669cf066772f46ca2186e68ffca5b97ce6c64545a3f52
1ae8f54907974dbebb15745458d931f5,4aab8162e2bad9f8e8f9ee0b1aa666a9ea0c7f6b155fbfa9fb5ba743dd6e0cb7
d9c393f156f54fbe95d0637a7db96c2c,2b4f17da6e7c095c8fed46bd01910ec5423ed3439783fd1c566c1989d851d575
618b7d825581487a92418a9e22812d8f,ca1c70224caa2b180cb12e16569f79a6bdbeaab11d2fa52bf1eb5280898a1201
b4966e5e6de448219e6ac4de13a64fc2,1509717ad851117297f1008224c8bb5ca637742dbf360d6173f1f4a1674b7314
d75e994e62f34dc68e637d4f2d500d8d,e46662263eaf24830827e832527a62c328d77b0813b3264b9bed2428bba0fa78
f3b4fa62e3dc40e7a7a3ebca202b9e34,6100a2ac6a7df552ff905e3e4f49bf7708a75811425ec21dece13ca94c83015f
5d822123380f41f2a01b701f2353bada,c97b25d7ea2a58b70ff3f7e8c2f7e6568b16d024614b9bec2043f58e0ea933cd
ecd4f72ee3494d24a584e833c47af348,e553176dceecd415169640d850b5fda6a57e251dbb44bbeb635bd1b2ae932c47
0625cb0b298248b3b43b411864e5a8f2,c8e27bec9364bed9289d67de81665435aabda2844f1d3d683dfd1404e03155f5
4e6a13b2d26b4f3a8e2f39e4889ce1e4,bc1bd4f94340b0cc36f3e07f4d56aa40a578a78417f6001ac0466f947b40a0ab
70ea3257ad4943cdbe6d6c6990eb26e5,126a37c4212ef4e59f3daf6bc8a4c0b43e8f06966a22e60714aceb39c57c9003
ff9c1c77faf447eebcb97c4fc30afc12,4760ad7097a1cf20acd5c7bc2448021eb623f18cfb6a900030845feb91b21b40
79d7b1e9c59144508cf0bd3d83e0fd24,e90f8b3b296c406621b4fb2d19337a7a277cdd77b9c7759f5324fa393037c163
2af0917a67624477b1ba0c67cef09e4c,f5e1a3f83071f200c8b3585b732ed456f13701b2f9ac2626fe96783aeea91459
e92b87962e814b19bbb928c74dc78f92,801351758d8ab5417651a5c8834d7c840cca020167bd39bdb17d2092dd45d087
a625fe813ebd4fa694aebde6c39f5064,e926044343a1d22b52ee9c8e7295b7760a3593f7cf9807ceb4d4b4ea329691a0
5bd5e0880f634f728291d2e16cea1727,4887ca9fcf36fde3756c3f1675740c86829636577b87249ac760c5a59efec86e
318b10402674463dad2c16c417baf8ba,1ca28d20f54226d5e8d70e86c43cd86434b12bd64d76079fedb1a43e2d2da6e2
11a631f4f80d48fb97ef5d63972dfbcd,9fa0b410631da515ac7a307632c1df4ea09fd9674df428db6fd764c4789e6dd4
1bff904926d64afea1ad47aa3c9864d1,a19be3ebefdce2410c8f2b1aa2876c06132aee988a37bcefb8fbd02217c09230
bceb434b40ea436589feed8d33e58393,3f11db75cd5999919b99e0912d49e6ad5a46550ea22a20568dcf061eddb12ab5
1deeb09eefef4f848334bd58e6d6e3c4,d3b2800ee42a04c5e0ff2935d8977709d62c5ca55a8ae57bcc307b5e1ab53fbe
a13084af4e4e4a8698befac2b4942b63,40626f07752ace2208cb857e0e964390692ca49f5213daa443151a880f7be835
32926334184b4264a5522c9be182e67a,f44f1c90fd20f1cf04e461a690d316011e6cd634383a10b61eeea43d353227c5
f70c90abc73c49e1af6cb0714a8b4689,9d12ecce3e64b9f28be231131404f6a8dacecedf1c684b02d6aa8282e20cd25d
bb982dc9b5a5442799e715487951bb02,c9a94a990bea672b050d01d6324c874865be875974d0c5e07de5757f9b77af6f
67a3e0dca8ac48daab959b1ea4e18d03,f3e8016424cb57ed0c1c8ce15351a634b4136782c87ab9261836aa0b7ec26c04
495cb58bc8a34f22bd8cb11d56574dfd,06a15b68a1c56a06f1666d6920a20fd57d9ae7dee1b00a6a8c08a67195b49c6c
0469dcebfe734ff38d609f910795d26f,a6ca2c1df76043d5200cbe78fc14221dfd6c73bd2369ad20c0f8373b160373d4
1f68c418ea504c338ac35bc3dc52b1c5,56de0bbe699619ffdc9ee2cf14412b7a29cce6b34e3091e713e901f9b4fd128b
062b7c466e0b4fc6af3a0fa6acc3ef6a,82ce209a69c32531729a56e2e6b817a1b0446858747af93290d1100b8c1a6e6b
bd2018ebf90440a5b14cc741d740af62,35e0e3e69030bdfcf44790b49662f181f7d4a4af84aecc9fcef48be5bd0b8ede
1818f37c3e3948ba8fd5856901dbe083,5af80fb9b70ebedf2b49b3325328b90943462598bbd840283bbca9b6d4291cfa
bdb6c95e100f48938a6041f28c38b9b5,ec94a83b0e06e724764b4cd9c17d6921a59b9bcf8c3eb3db2db16ac96aa037f5
43ca44941f04461da21a77be350c93e1,b6bd7d99e8e8949c218d8880774b6b635ec2cec1dcdf03df64252237780f11bf
a49d674dfb1d4a1195eab46533b23468,d7e698eb5355c4b3b29b35c78e55cfe6e6e588f8105ef88923f248add40e43db
ff9abec815844225aa97fc998c46b9ac,961d9cb836978f476cc698d8e039011e78294a9f7ed6f1a60e241cc09a487705
7d18536defc8424b998e20f94d507f17,cd98d6b3fd75ac46093465ef9781868120d45ab2863f2fdd237d6ecf442fbd69
f25472b130e04fa88dbe660c1ffcaaf5,559b4267f86bd30f02abc0653fac31a1ff5b163f4ed93d2d6b981d83f0e2ffc7
4c6f9e8f63374b068416ed502b81d522,a6c76417c99b4f8a8d8bd7142723c3e98f27d52c5725f8d21e4c99ce7590421f
c80f7b51a6194249a15c3891d42c2e81,9693e9f63eda3e75d05804b06529b20a53c670dc5acceb9741647c8a6f5f3d5d
f3d643b114ee4beea8cc08be4c638270,d0ea7e3cf1d440c6c355abbae226cabb6c0925f5f3062ba194d50fb2791b6757
a5fd0c8870db40c8bbb47d2eba6997de,a16c483a2767888f2bd6522bb6f50b7e35f7175c6e196dea07afe46fa67860e6
2a616518e05046da95050616ef40bc80,e67d3efe5784b81772da0e06756130027327df059f862dfa752ea8a6ae9a0e0e
708d92c904c741fca7f58e1a6ab38589,6158146c204aa2aa3cbc5878a38f5949a086d11e4b9ae4e3f8cea4539fd52717
78a8e56a84794a56afbaecba16b0271b,fb53c43d36bbd84ac1d8d4458f626547910a47cfc76535e1da3c80bc60e67cf4
c80a760c290c460ca0d7973b5e837e4a,35bbbd0ba3255750dba8566e4c86ad9aea0c4f59a8bc5aea0f6dbec4ac3b971c
9bf288a9bb74454699d604eab608a1ba,10b8209c48abbae9aa6df2bdff133faecd9054be8bad2cd1e223fb4985bb8c6b
79c66c24d4a24def9320cb86097e8e30,723b26bb5d5928852dcac9a973a0d6a471c05b2a303a23e86c5d7732b3ee8cd8
f797bc691f0d4bab9dfd921b42d432bc,715289ba19133ac579699f42c38d7d2ec9ebcf415e8f6e8703ead7f270c3e955
c53ad98f0d964eb59d9ba4fb772914d9,800053c17480f09bb79909a88987a9220ec577d1cc8fd2cd656f1999bdde554a
76ac4f990a7749ae87d39695a886af2a,4631cc4632e089afc0a277e3a88fc6572ed2cfefe176d5baf67cd9245683f388
2fdffdf21db84e0ea1924c7e4369d0cd,2eb1c22de6b2a8a13f8539542cc68edf07d3ca01706a34b0ea0be86dd3cc874c
8658b9942f974b58b395b414d3c926df,624b94a9fbcb0f8df21fa17d02e96cec445cecec9c88c1efbf95a719cd17a761
18312b5d1910407188c4055167535584,21106e25f8bf9cceadf7fff4e6dcbe1390405a72eb8f8d9701216efc261c8327
129ed32bb9f14f4dbe0f4f0ac036ffb3,cc7e5346d8dc3758b366eec9d2beca06ca7e45646381ee9661c28b1416625ddb
ad8131f3694a4a4a9c1714d5f8f48a7f,71b81858a074ab8545945a189fe86d2177252a9cd33bf2332c78d2caef394b85
bf503423594b4332b1ff435d3fc1e801,04069373835127d11a2068e5b84e20129022be39139af933f8fd2e27b915df32
c8fb9a07f5f44bdeabba972d07e21d0b,304212310511a2a66d7d58f94f5a6e9ce63f3b9a85cc39e148da9080f5d178da
9eb21ff7a5d64507a5b8a77eced187d5,69ff86251bc4f983ad7de75b912302eee2e127ded0c5ebbfd538b96ef7fede37
e07b09394b1e4df8a9aae4da4f9c8337,29ea7fa9ae8bb2e078ff3c7e735b6a452ac87ae6e252d163f4ab25f6e7c2b1f5
79ebb1eb2c3940be942dd59630db87b4,e5f4a31bdfbc49bb06d801afc3bddfe65073c288a1d97d09c3128277d6473307
af156bb705b34370acb0e42217e59b2e,e2f64f13f6efa977ed1ef15fffcf2cf3da6384c84bcb6a013b46f722eac78c15
df59e94d4aeb4603a6c1a17b850cecca,d4ca06f92ff37e0659e8738191a9ce243a17b623e46aa76204b96060506a58b3
b7ff6240d65841f58d7cac22a02b8997,42d67b57e55a4581dd8ddb97bbe8b400df550f355b246ac67e2d45aae1de1243
de76bdf4832b4cea9b7ba2692e6cc091,f3ddb90db8efda698037526dc1f0a43d7fb0fefa866b58ce6922bd2bdec5b483
d0e6b82e58874797b73c07521a04076a,1e0593528c04d407cef5d4de79b856429799f32db641ea54da0c7d3b8c65185a
fb6fe75fc6b04ee78eded1c4c1728ace,64aa0eb31040811b8b8bb15f3ab0497106f8f52560959de7c12672af1ee31ae3
9c85312bc3394198a549fbef967aca18,d731e10984479e6933dc8200035921c51c3561e9ba324827a6f568a0b118d3b4
90ec041ad3aa4bd6adb54dc9f270d391,46a325247b7d53a359270c06508a1724edfa0770c26eca1c2bd5c916fd755ba6
33c92721aff1409e8620c0306c8840c6,ec2db8a436537dd5752b85d90ea1df45b8b7f24d793f1e939dfca8afe06617dc
2af852ffccfc4640b97d5f167c709787,29048edab8c407d54ddfcd98fc4f531e05d96ef27092f54ff5fb6583cf35218b
1f4dc08820034097a7271184c0b8d0d2,685a773fab3e91c05906589dcebef79106e42ee127c942ea4e8db8287199d889
16f49d3be5f04605b60a6806551c978c,f7620a1fcde3227915ed67239a979838902d3811fb36f18d3f58d1d2d107bc77
9968316a2f80401faed01b9472e7dcdd,f305ea4ace5c6ca53d73ee25baa03bcee7bbb4e46910433270da5af70ff6d6b6
d6a5d7465d174d49bba943c3c12b9eda,806f0d945a6243bd3e0d65258a481ea4f94e6a39ffc568af6e8150fa4bcc2898
aebee6152a8e40f6b9fe0cd40685959c,720615b2122635c72121edbd5d129f6c8aa1b60430fb871d4231c5172a7b9a2c
b6a32f84f78c4b5db61643aea91f22b2,2e5960f6b7743bf256808793579cb5dbc134f241cb1e061a74183c9011a2acca
415d637406bc4a98a488ec82ae7a8583,02962a85189c9385c5a417b642d88c8154a940d544e16b6efc8a373c4d91cc2d
fe6821f1b76443d28a8e33e996e53d72,46db96fd686644428d190ae2cf39b651b37a857b3bdb17f0926d97e1033517b3
6505cc546de046beb1c4b974396ae032,127eec5f53a4cdaad1602bcfbef56c15e607b1ad5ebdf586fddcabbc0aa1908e
2c92b0dac7b24db980426d6bf3e899be,c09baef2c0d4d808f2ac1308889b29434e51158384cde7338913e825efe63431
1be617b7d8ad47d1b71d0cdc8c238013,a7c40cef16a243cca14d49f1ff5a2a9ef4bb3bd0e8ee81f5c5299df159564d55
eeff2ed6d20c41b3b604ccc6d6c6663d,33db81327aefd17a2c5e7a2f727b41d2a723b862c70446a6e997f1e6b6533004
a5d31be93385476eac9734a5dcb11709,d9300a4700d6d4baa4856531854ea8e736d002234e7e81002cbe2fa398add11d
dd9cbdc157a4408da2d507e346af110f,0acc792c52d20035cbd2738f090049ca48feb64d6f4e4456cc7159f6d29ac4f3
49a65e21d32d4d9aae94c92a885d6fd9,816835863a36696ba97c343e976381cac65bf95d851a2dde7f4c88ebaa426591
859897c889d84d08b66645c41b04724d,0025293b9a22f4cbf708036db4ebe5f832740f8b78a072d3d6bd61df3ca421ef
d5633e4f324a4e1c906bdcb7b90ec2d3,35d035b91c0f2792abb8e0bbc7cbb84813f6d40e7bbd3b86f3e5d2b1ee44d793
58f787b6c10842488689e3947677fae0,234aa14b4e1f5d47b1e4cab7411abdaa0986394ce887164a7c42dfe1ae3cc9dd
c5ee362bcaf342b9a23e35f25894521e,9de54a0941f30e562d34039ed49116be846b293514405284fc083c24c9ef9861
cfb73a084d0a4850aab83e8541046de4,24bb89751f2c929b231db7983aa8f63c37ede9cb4adb6a46ac82ecd3db039fe8
0f97e898ab044248bcdc3b3716eaf547,1af7764b86fab32c6c5f2db2202e5430421fa8f0315ff1f9eac9509cd02d1bfd
34676baa95bb494c918c231e4a005fd9,6d6066a2d4e86dc17028664873e8fe368097822dbc648e6485ffd0bd5d79b673
16ed046c44fb47ae9b149d65681974ce,e18c243a4bd609754746a0302119c8a5b2a2cf692efbb175e658d39dcc9bec57
81d3b99de16441d49bdcc3bbdecf8521,36563bc5385850f8030cbb934b761f6fb1dc82878ceb970a6e28ae6d6df07925
bbeb1fe630494037a9233fcd6b1a2a27,a1a74b6775684c4ed6ce76230d1b1a9e90531614cd267c85e1cb9b78a3b5af9a
b904a8c88a034e40890dd63521f2da82,c4922b102ec2b8fceb1031c944635c55ce58ceeb9e914342e80e37c7719f60ac
dd080a91a1f74fe4b2974659e070c408,37738b5ff74b15551fbcae7e14ec1a53f2fd66b0a81c6859757ebbeff936f8f2
40cf092c43754a0c9a25f3fb27b99c6e,008cabf5bf161fbae8f0d1ce62f4a19a84227143893085071965821362f7f653
d90985238cb0430f8e7c33fb8ea065f7,f631a0b851f406ae01bc29513b016e3a301dac1534d4acc36e98673b68cef55f
8a4bdc2d48604f04b736fe60fa8b6404,ac51d6b558219a9c86d947676548fde263d807d5d60f9be1552e45aeedbddb63
33366fd616454af5a5d1d40f200289ec,702178c8fe06e103480a82d7748555d1094826a2296aceabd2d13288b6edfb6d
bb9d18f2a60e44b8b1d752b0ff29d234,31579e3cf4ea9ab536ec7f68cb06021bed10778fdc45d54d58b38fc854c8b3d1
c5a77b1f5c1646109d728ffad3a4ce64,3f2cea8850e887378d1ff4694f8bee7b626250f710933e757d96c254ee09b63d
d73e9caa91c94cac8994936fb1751ce9,330e34575111bd50e557f02d6d59bfaa5492c7411889dcb928e18b7b0c9fd961
9a8329cd9fff40b8acf284c1306e551e,0d6b38f5998648a9382a7225195364e8c938a5bd7ccead5564aaa6fb2de0212b
f9a34d0a653c4512a1e463902442dfbb,a391e890bc0ac7a044a9bbfa1b989e242e1bc4671073d933665b1f08e47940aa
d5287291749b4741a54c297b21e6b500,9c23440122484e7d55380ef42308f154917c428ebc89193edc2d8fe9fcc55e02
c0f91ab58f724c6c9d41a30dd9b0c186,151dd239d374b10041dab317e24daaf358bbb5de7fcbf1ac67250f316658c3b6
ba3627d0e1b448f7a5bf449c2e9b4f3b,d5d85c29a6b7d8c1ac160c0fc662eafe7fec6dd8280054897e20c0689943f685
3dfdca12b2c34557bc83195c8dec82f8,6b9f9a839cad9516fe4ec78926cdc745fbed90a6af2e260f24e9a663a3d71581
26b35372324d44cdb45dc805dfeca685,3944e511780f364d0cf1272d5bca52aa6aa129b0070c795cd387dcdcad6b2888
e0554115d16f4a12b5cf94ec35f594f6,d243abf8d7bcf5dedc5c809f40d64f6c52385751a7db3d19b8c2872687a29ec2
df3eb9d30d99498d95cb175fa780d6c2,cb125f93a3e59ef655df3e6d3d07ffd4dd08038f0f06d632d574099d86620f1e
060d8e33c84e431aa6b56d0e066698c2,6d081f2e9664024c0001df425a62cd1b62db98f90c657e18500a87f4f0b9564a
485d69a1586246a1bb97a6234539554c,e4979b952fe0c0c8b3e43e1ed995f6c354d945903a75f88ac6a8ff708303c933
5117f2f370134828bf36c81fb6c2adf2,ad6c31ad93adbba851e6fc9ffee466a3dd8e6170ab011766c9510fe2350db7a1
04fbbdec29024106b5d5b45739491658,776d793106460c16a3c3e1155f11e48939440bc8505d66e9a7d6fe2886835646
1b8b0ca9de8c4d839eff5222c2322494,158850e4cb1e88530afc01bf2221bb69b0fc2901ca9f7cda2684220ecf3b8b82
988c4d29fe33416198dc17b0d430215e,fad4cab55cfae3ff3b7c831b480a51163a90abfc5c529bcf28ca8460b714a7f9
3b3bcb8796c9462ba918379f4c613f74,387ea7f2b28dffe1ec2d4381c03c4d550e19c44d6ef85fab3a8a581fb1c48288
2b281912afa3480cb5da1831736ef6b6,d5dcff1c5eee0280bf3006a3a9eb7963812faebf0c7045e14dcc535ab85e2344
e5c8495bcbad43cbac7a719ce3b95485,cbee8f89acb3b6fd781fe24e198749afee8816215d71fd990eb6695933845cf4
737556d32f3a498ab352aca4d02a4a96,cfe5f6b9ef63cb7f989e100a47db1023b4de96d25c412851980f270ddd2442a5
79bfaee345244399b2ec85d5a64fadb2,74fe7335da340206aa58073854e0d18cac19f5b3939b266446937e401831d107
4e2a5e6b12e3429d86655071844d8ecf,eef14a23c4a61095c26cf1c64a2fd99cdcb373897293204c67f929074b864eb8
c3d92f4497c641669ac7b8761a1e20fe,25a764961db077bbb2128c17931cbde63198e0043cb0e19d4efdea77e740a7a2
325003e2220a4bfeae959558cecef0f7,f5e22b3c20cb46fa3fd60d1446d595531c9045c871dad056adcce623da139ebb
0a3dc6ccd051430382a6094443bb7c57,785bd57a9c3cf5886e7227427d2740de071cb3740d9ad13de7f49d7e44de188f
b2eff379cd6d44e9a4c8a16ff6499b25,8a63cb34eaad8ec533cc78c379f7d0e769950c3abfe2e0f2086a1a507d9335d8
b33c542748444dfb86bf3e82ec82147f,260e326874cf40c82a2e1afe905ce6d5548eb92efc349e49fe01661a3799b697
63b40ff6ccff4e5ebe02274381df356a,a842945bf57f44aa840d626e1265dd034e99321346680447f64bab850adad89b
42b17a2d904f4f959ccc143d92ac9edb,3633a99366de54f498d8165c7051e543937f3301eca1a2eb76c8e93dd793b5dc
df8f5ebc78cd497aa15a2bb23a18af63,7d571fa78d42d7fb3d843139a4271bf9359ca8f27d577632e662b1de4d12c8fe
334685b2548149169a6c6fed831d8b48,31a568790cbd1c333961ac5452c6121ad54f2892a40d2d5da61f371fc7f73be5
e9349104393f485386a21c49bc45427b,56ab67acfc30a35eade86107f7a04f06a989971482e7e5aec0b4b9643daf94be
946127a5e2584710b05f9f8177ddabd4,caaaa96cb756e0ba229c805f979d98eb1644a674aadbd4dd7bb8c5c746f4bb20
4c8b272a1eab4d6982c3419922dde814,2365763ff6201a0cd9d68f949335a7aaf6ed7b65504e812a11982e4592a60d5a
e3fcd0c2b31141409e55763129f437a7,da03ba8830234a0f9da5499cb380c0fe154923b94ab43f67031703c29043ca10
5841a8c7a5f04941abfcac7e6815247b,a45bf4cc4475aad01f002c45201d5b320486bbdb88501d8d58b621353f684b3e
e77b2d14e2b24f9fa4aecc5c689065e2,5a079412570f0701a9dcec97f639b8d1d301bd51642b52511c0c4ef894e58cba
d2f1ad13019e41c189cdba803cd73e8f,b47f3ef0329366dcd1e120ed9a72b56c7351adbef2cf778fa4bbca72b45d6479
3be0311686654de9b3f67e71decf035a,d67d994dede028f67860512b253c4534bf1816542de468f65f185c5811a6a3d0
14cfa3a5710347d1b932d005a32240a8,0f860756e9d9a82e7fccd495dc47f564ee0011cf12f8213abc5ecdf8c23b5aa3
f382e1d7136047e5826c6298b466f473,9ba4ade497d479af3da47c8b673ae3f0101b6b41264df6d8c64ee90b6cf6a90a
17616bcea64d4d44bc97b2297b1b966b,d1a579737ed1c7200b034463a8524a4ad23d27121f60341d98b2f108492318b0
78e6aac487fc4780b5435311f349cfc5,83054b147d4e9b1d6d4ec7a1124911edcee746cd69307cff2c025921daf7c324
6dfd1bfbf9cd44b6ac47c402b4d75a7f,ae5602c156d68e82ae25e0fcab92332de1b34a8d358384976640dd25e5f61464
5f90a887361c4cfcaf2ada0f61a212b6,7350126e8db234a81557599c2e8c05d250fccc0ba20da5a5b13e19ae534ec119
772336c63e6e4b1c8a40c7a0f6b1736c,850139d8d4edf8d3609999d621f3a6da3193bf7b4b2cdd8cded595cd8926afdd
d878787c14614945af068c092a8da0f1,24565e9699df4a8d5e9a59424dfcc999d168d0e8a0b829d6f827e5da82fe5510
7a8f9302bb454a289662b91d80608f3e,fb0cde70d1c6e1da4d8e5480c50945431948468960b0b9708be3b3516119f0ce
a9506299b13d43e7b90fd9253b5ba57e,fcc13f4548f8fe15767ac8e9010619bb7c6c4b6c6165a3c38eac463ac2aaf53a
80491a91ec704657b2358a9b96da0c01,1654af626779d3307b14fa2be0f0a0f19ed666b52f2867c2427a4d5a79f759a7
991a60ab1993466498bb8b59438f8d54,5e7329bb44f4920d08536219c6eb466215ef49f495eace0fed1d6f15f6669c42
38fdb0cfba334e488d857f205878c972,a4f4c41f98775db5c25042a714bba855d568b4c389944d2cad74008b5e1d1753
564e5d6d7c7647afaf0281b89bdab163,fb36ceabfe56bf389ad0f729ea970321d2799359e45923d7f6f2dfef9d04a5e4
31f5a33d2fb9430eaf623bba89d4f88e,1dd9114a4198cacf5db015b0788fdf9d823152c18a7e24e065cf697ceb36dced
13a2737c6f944bd7948f6c25089282f2,b37069a96031a9a8ab8374e52c1c304848245d0dd611a955bf3e6a3d2f63ee49
907828c17dc04b848fd1f11c7745a309,3bc3433532b76ca39d29b305345423b47324fa0eb25d9f4aff2cefcec4d54ba6
db8d2d4b3c2b4cb0b6c48740cb159b24,10488a193db29ccfeb2e3f16c8ff080cd711e165a0efe5165a3b3ede5ab425e4
24df6ce61fa747a693b84bb877b0db39,f3262d143a9d2c5ca30c7745ec7987f3b2035c0027805485d4f1e95aa430a8c2
ad0e56fa32b4408ba0c7bc7e136a4e25,46d627a28eec546877378a9199c26623ba2974b706bf62d5e6bfb86845c51059
752b3007b31c44c7bd340d3b00fdd6de,9df02fafae39f56a6cb2ac64a11957e97e31f09fb075744cc4f5c6dd9811002a
b9febcef4a0343ac8fe64086604ee5be,4ddb86962808a38c3e04c1a7392f552c945478d05b8a30ce53ea14d89382daad
f65650d4349e4b6b99c50b5173016145,f653975189706b167157492908955805ba5fb578d34087e9459a77029c4bff92
f1cdd4f95a48443489b611cf6bc6af87,2657768460cd50b6a5088f66f9ddcd955a9858a8f18361e16d4c89b51626db9d
cdfa31c2020e45adba583e03d5e1286d,c643366efafe2d3a5391f59bc9494197c8b6f7b2b5390dbf023515fe71ad49ff
35bb5829438e473ab21143ac1f6ef431,43e3009ad9472f308225475c37eb8c4f957a675bf1598b0c8e966bf6a1a8d696
c29efcf316b840359c0bee3364d318e3,138933a8aa7fc2848aa505ad8586757e619dea2e4dd101a8714dc9035bfac0c6
3e2fbb76847b423d9c9db3d0cab75631,4a41d47d12c0627b6efed1691f66f501e28762db065ead4ff28dc15d41598ebc
0f8f4d8f9b1c474bb9909bc6166386f0,d5526c9220050e061a6fb549d4e0dee8e3b1454e83380ba28a10ecc23be1adbe
dfac461bedd74fbba2793c7bb1aa996c,b3757257c5582b3ff59b71bf68c91495c969dded5326f23b8aa7d58adcd18392
49c7670ac380484cb0226c03a7401578,29949d856e3ee0f77b0cc7b1ab5e04aba1c57e7490355098162029693c321950
46486a8a786143109e99292f1d81d970,8abcc7ac03868f04848c8ad648ec0f5329d0520da7338fa56ec60197e126d25c
bae89c2a7a5049e990ec6d956d6f39c0,22634860a8a8fdcde89f522878365f91be4b7bccbe5591bea523f8a95c43a52a
89b42cd7e1a246b3ac690bb022fcb6fd,ea9e0f0a85329c16343748c6dbf96a5286acb5f25d405781be33091ff71735b1
82f7c3556ffc4be38eb8fa1fe697aa44,b088d51f1838d9af290761189619b1b9fbe13b58f87b233140d9480725bdf982
451beaf03fea485ca2c0e2e70036be45,15914874e5c1fa5302e0b0c04d16db25e155099bbb52bb43aff9c8e37bc1c720
32090e234e4a4a12b6eadaa2fd0d6190,ad721bc03ca7004e75c9104095b447d34a74a31ed83ceaec31ffeb12978c95cb
c57d46cb888443638ea31eb99ebaa762,008e9c7cf3b06524ed6446b143f3a065cf56e616356363bd48ac542c145be5e2
8da85230f92449df9158b8052da11378,5b513a50c54b7d72f122d85fa06466ab57dd1dadfcfd1ea34116eec334fe854c
8ad2b343c5ca489895fbaff2b6708928,c4d4b9024ba6d9be40ea59271b6cf11c398dfdbffb158bc215693f70938662fc
9c41eadb404a4580ad15b09046332cdb,39e17a90341fd08ef8085b106fbd4c005975e64dbbe24283829a88262e0a278c
17bc5bea1fa7416c8a2cfa7401e1a962,f2a753c807ae72e0139f8760feb18c228374b3f5360822dca1fa402dbd61b793
1d96526764aa45c687c53898d29e506e,2251cc723396cd148b2d0314ec9c9ff4020f73b294d669ef8db3e730bc8da4a9
99c89a5776c645ec9807beadacd7d621,007206f27cfeadf58fb83999525221561fb8436d7749b7fc61511cd213ea6035
f674c60c396f471491769dd9cf02fda1,7e60b22ac05f67247ddf397dd214a317c8f22a7930026085a591261799fbf5a7
d9d8ea6d06c3428fb487aed30ae8a2d4,4e3f9a97958e0fe627b8d69c5675699a32c7baa78d9c62ff7ed1d4d0b78f2d68
213504d6623146149630e2880a09cad4,78650be92c53707d76244693f1d5efebc3736efab67617c9c194d4471848f66f
cf87e709c2c24212bc8ee4f4d2526e92,9814da479c2763ce068fe4a2056b45b71e5c469926dfcb2a3bed7dc0579f0e64
24eece1fd67149ebae4894ec2a2ed7c5,e75908ebebd4ba4e173732d1009d06c14344c7825772587710e5218e91f6ca00
8c9fb158b01149d5ad5b303d852cefc3,0e6ece7040509345c47e56b4adde3ecea92f9ccc91e2d0d05c4ba0133d32ce7c
b8a6b1c646344dbd9a004d7f9ae1ed92,1a2d3d633d2428265f56808e8a415825e9475c41072de83f0a07e4492f622ddb
8dd8d1241ddb4c3f9e26f02d4cec88bf,52dc1e13e2976a2c1dc46db1b330e4b9671e318ad5e1db7edf35667822e16367
7003468459974273bb52f380c780d138,f97ad0cccc3afd56d33962e49c770d7ba246cbdc9877a9efde97e7e487dff063
2c4145f95741479a803cbbff8a518a4e,52da02f611168b895fdf4b019a89289164dd122f86a5fa56631141376c7984b7
64eb4132dd08475986af4d1db43fb783,35620a75086616ccec94cc9e3a26fe39e9d78bea68619874d06f143a9cf65c39
97143372f7434d0ea45ffec7dd358dc8,56159b96edaa8b739ab759b312ef09f2e305c9f04d3be561da736a4bbcda0a8c
2bfacdfc4f9a492bbf3bbc5d02187cc3,ab430ef7ef0301ae25bae7f090b79296b18fb3e55aae5a7ed92ad17eb081c06c
921c6bf5d9d542bb879ae4c28bf6b895,047850e2b0eb6d5d52449fc088137cf2bc2bbd18086ee3e9d72c48bd0bad45d1
227a2112bb644583b5b8d13e67a14c0c,74c6616e62c169d23f94222c29ba883d83c4ad7df3a269e078550ad147ef6fad
c4d1e384749049cc9c3d47c07761f03f,e68a99f4c778d8816d9c40f31f4c5558da5d6a69d61f92fea6317175044f8842
29260586f8834acfa7590bffb876c2f2,55c6b794ece46655ab040c24288096ff10dba6775fe221e8689d31bca9264b3d
00a62301ef984d35894b0bb65fa84b6f,5ba5627784a56f3c2d04167c2d89f1d000fbcf840562f4bf4a7834c16020404e
5f95495649a9406db7ed7157fc87bc0b,8a9af3c6559cd6114733ce6cb0ea7723c5f791a5a2e85cb0b7b2120321b08593
59e0e79e12a04f2eb41f7dd57d1fc2a5,9b07463aff5659347afb936e84640b972150e54c9fd98f0223ac4bd763323fd7
8b6c1873c74e4f89897bc2ba43ac1cef,566b8dd96ef4e35acd57d11f18d749754acf7444c970e56985d36edace2250ed
640f8d695fa8426a896d8c75141d7501,8ef1621daeeb363d6de78df4e1302c03f589914cc74e1322645093b6f1fc02d0
94880afec1e24472bc50b5b9fdcb332c,603e396e0eac9c47482dac739022ab9bd87edd949e3180547f7b1c120acd5ebc
656a822471fb41d3bc87b7ddef54ad13,80410e6d1c253469c50d1275daa8fa06980328b1aa269331ddffbc31d50e5303
4aca46b00f4d4d238e6d14aaeb3df248,0d2283f020464dadaf5c3da3fad20b3dc3a852d3f02bd13db05a3755682edc77
64bde2f421de4e4185040defbd9f5ce7,5adf52c3be9ef89648cca3a7e3541f00bc73c7dc539f759b8acae28e0e1396ac
d81c056572f34b1c8f47f4c00ce99dcc,f84c490265bfa104751b0f89af1d5abb970967ba0a6cc1a64421b886362a5029
2801ad64f9ac40e2bcb0094e1998e79c,8b4cb9fc0389801a33a4f9b9d12ed686ede5b117e65d10e8d97641279603f11c
44abe4f2ba094c838f0c690bffbc2825,a14cd1c62e8de864d1372d7aa900dbf030637309920944d007328f666b218396
3d12ce30d4504182bf66d0ce1b58f82d,f2470dc6a4c60012981f90b0d1037f28e3417c31a1f226aa79cf5fb16c95dc0c
aa1c63471b484fcb8c18971dd91f6172,47a80e8f9e5aeac7287e6611db1aae2db415c73e66ff0234eaae89bee7dc92ad
4170d8a7682f490cafc5965143d940b8,74250dd721a06005f5ef1e52e61b509297637c8b6e2cd3413949c3fafe4a55d0
ac82158c1c3945ac803653ec59f6b32d,91893b42aef8cccffadeccd2692c1b61e84d827e23600e6f739db8c48632941b
3893f4585b3e416b88e39b8b4800a1e6,d7d9b0ba2e793c3c084d6f30641b8e35135000a4ebe9f770f445d7e29c1e50c0
47f2a6c054c645d2a89e2a5d19755958,fea2d732c9407d63e5ea4415a4eb6d76aa1b00d9eaa0d452e0000ddae1c1535c
1c23eec842ec41e2a08f788175a73757,49d507d0e3a272095d0e89af380f3367a3a60183ced88e5447ab7f84193991e9
da3aa247a5c1425cb0ad45bf0134f458,37f8f18b29c2180640658bc313461a99d20976f8ab67ee7924a5cf9c8fa3c299
503682def9904c6e9686bbfa3069be8a,09876b5a1063c06cf24baec537a88cacdacb34e9ac2d90c7afac2a2760a7b346
f7be895e55b54927bda8010f775e049b,2d15187fb8fa1d302683eb4baab8abe24d2640fb7b235f284bbf72634947561f
9cc66271199f411586da1ef010c5037e,4911990233ad09e617b7e3e306b6d29e9487ee1146d4dbe1d2ae689e682e81f8
5d73c148265742e5a93f2f5718b3ddb1,e6961dd41ff6c5cb6b5e3f0f6cfbcc0c296c9d5b6474473680518f4e9fc0e06b
3c2471db6c6f432c9438d781f7e19bbe,245c9f060591b75c72d5eda862915bdeba72675026b1ce65f44b32a0c0d8fa3f
01bfa9d54f3c4f50878493d42f2387e4,c719757c5f2e6069f9b8d32e18e085bd35ddf791f8afd3d270142b2f0c8da370
b68b08bf64f04e0cb30b59cc3f6494a0,4858fc0f2e07e32e7819c622501b2a89679649b1930d692a0e6f9fc6f7ed6be9
6ca1fbc543ac4957a2ad0c807f487717,42cb10058516e0876ad184757ada197cd198618de6e7560e980acf56da2f300f
52b0ccef85134de3b6440279ed6c8ef9,0e8b2c57446a2126881786744c4d2b82bc97e99fd0302a4cfd67da452beda9f0
c4abdfa1172445aab74ca47e3662dba1,fd31a1cd757224bcbf1507cf65b7a06dd0f121f509a2e55fe216e6f6c9b21ca8
4ded6e85c0ab49c2aa18c87dcba8ccd5,5ee21df36f09dba1629147ed22cdf875a0e64a5d1789ce356593f0e295ead9c2
3bc122d3eed84a6f80ee2401f5762314,e3ca1a78d54d4878f1276f4ca0108ae62c19f002675acd560b7baf610457ca00
c08d690f0f48458ca99da30e659d2cfd,36bb3dca94bc0491e7c01021f6cab97725fca2332e4857a2ec81d2067b68c4ef
a1d84136df0347a5ae32eaa89a3cd0b6,61ebe33db314e54d11adb7b096faaeaa3d3b4e32b01e5611210add5adcb77740
8a2bba2718be4fb1a0228fd61c1a7806,8b39486716770282ee7c6889fa8def2c6fcf0de5e92fe964b12dae462c3d905f
db41eb0875f5458bbce031880fae0d85,fc271c0a7b54d9cfa55b19b69a8aa4f9d0cbc62bb6443f9d21eb0256adc930a4
90578c7601cd418380842a41f0549e13,194b065cbecea3c01d2e65c49839010ead937f410fbd6dde7d4b9cf5d28dece2
422dc94dcc5b4ba1989cd4a566c5f007,fe9456da3d465ac20f07b207291d64d6c6ed08303234ba2d3f47bb9f3b02d6b2
9445b6a45dc643509a0a9934df8e81bd,3728d5ceb6282ce2537d68d7c0f60df799b1d14719f2ecad17bfd95434a569d0
c3569910049746f6a1d28b36545bbe1c,28955b40254ba12437eeea0702c52122edc8d757a94b5f13fa4b4ec4898578cf
dcb9ca0d4a594f0f8f4b667ae36f37ae,2a5199b8c86b226c8ffcd57502c3355f3a608ec4fceb4648acf28ac24b3bf4e6
aadc6fd1ea3240e280568e8cf226c518,9d17aef1bc3c5aeac04c6bec5aa33444a7f393f848c3d75b4dfb08884990707b
f4d8f1703d714733a7a3c39c07ac1180,95f0b5f749dffb086cae9df3cc05c4bdea772f50a264f3cfc37ca6c50438624e
a936345e8a2e47b593ab0f8c22712464,0ac3fb3f5ae6bd3b8b986a65813fd0f65db090afbba1e2c02ff23ae2b291982a
302b1b29ba994fddb01bf604a69366e9,fedaee1c13a52f1d22ced8552f340cd2bf4b6a3426997042f7814dcd017bc4c1
6f29f263f4784154964d9285e69b5139,a3877e35c400c99e7aadb70c2d705f25d5456ed93b865aad0f9eedf383938455
0b846bf9d3c54530869acf1f55f05aba,c5a8bed6c2dfd2e4e7269f265c3ce88477db9e3640a3db3f1845c7501000a52e
286ab5a51a1e4fc296537b2a0f3f8aca,50ffbd302f0a0ea556a0cd48a91079afc75c3399b54ec22eb55e5f34c5483af5
48c8d6a02505448c80650037fc025f4b,c05c3f7b58ebeb6db58cde4d033ed02775cb50a4ad26e41cbb4870acc27b3444
ffccbbbb91884eb08eb309b1def19df2,cd3b7518c425b9273311b8b373263c265b20eadba7bae7c713d4aac4e20f67be
dcebbaedc46e4b529fd37c187a0e67dd,ad85396ec71be2ea65f627ca604154e5ff975801d850004b408b7bc2b48cbfb8
574350da3eb348c5b6a1685c4b5e715a,c9daef67ea21171078634fd352852d84ccf523cfa3f2323ee5b9389f2627329f
849b109eaf464f03a47202260b1f26c4,328afd93b7ccd9be1f92c088350eae804df978e13f7a10a2c58f34366f731f8f
48ca2262450d4b95bbe675a065aa479f,1b979e305a8b37a8b9ddfb660f0a6a141921124c9e50b5b1396f322f8bdade8b
712e768236ad4248924920ed046250a9,801d1937f4819e72403379c84559554921fd1691f220399c08249070a5e38da0
708b123d502f47e8b12ac3f9d4cd6fef,569d30212e5f5959c085460902bee3ca021ee0b88a7c24687c1322930515e210
726d99137b4c48e590ea88ee018a052f,be9a3cc841301870e87b08c35f5532bbb29b6a6f604922337ebb8a1f0843c0c0
d7cd6508e4564b3d826f8c61c6e45fe8,408bd42a7ac9749e0a7f7d464f5cad9d3b570c0dc350f76093c399bc186c108f
b99c0b5ad78748acb257dc07d71356f8,bc93a4b5c4fe18fdfe751d7eb58ea447ba0282a025d92a62e8fca41e705dc5ec
43eb3e392fab400793ee0cd5ed709fd8,818c604ce008d1de7718ab7b05bec4c568db3c6abe0a7db638a44d0c51d8da5e
ca972191408147cdae81621fdd4c0996,25f10825321c9e8c0d2a9ef6de0dc5cf4ed795857cbeede2a4549dda5c9a3e8f
4ac8acc4d5f84f149dcea8bdf139ea6e,6100ae69ec185a7eb58e908da99ceef882aa6b7b1dc7ad3ab9459b33f484fb5e
3d6c3e07e5ab411fad2be7f3b551fa3a,b9cbd9b657d2a8184a2d2166cdfd046b3525a3cb49101a397b43cdc43e98129f
13b8aaf523824e1395e7d105f08e5207,fa9c6f38b0e1995c64bf938f67ca2cc7e3138c8d3e51c9f081f773df6af16c39
7a2fb17ddb85420d839767cdbc39e42b,f397fa6736018bbbd9fabc9968e0ed68c94adfcfc389d80c5653a519dcd02d71
11feecf253ac417da66e8912b80031cd,c3b8fde6e7c1f4e34475e4a97da3ba6be6fe2426916ec1892c11b93c8f369881
6e611b9574e948a59715262b8115fed6,475f32f6e24d883c9af18a15985798ade424a0e2d3281e2ae2b764d1f595cd92
97858e60b1124db9ba53871b2b2f27b9,222c8b42b047357cbfddaf5cafe36094e2bd8ca5445beab8d858d8b494723594
94263b64a03e440f9097788f3a160232,2f5adea7f61519a7fbfebb7e4bff01212e006d659a58d3a5781fc9c42db68116
c5d8f459b4c746c5b35ecb07ffbbfe08,49c2d8ced9243035e96aa308a94cce367ed0145cf0a70177132ff20106f535a8
db6257ef46f24472950145cc9c153412,eef98f4f2a56a9abbb202a5396cc8aa4daa0987ee42d0f803a59a1a9d6578dde
0c8063046056498688b0e4ff8faaf1b4,3992be3a267df977f14acc4c945f1b811cebb175656e4e8d658ffef945be4e89
b20e1908320d403f90a158facf5eb3af,53e259ab3cfea52f9753835c6df01effd98b256e366852a92f3f1283730e65fa
288f1978d44d4a4c8288a800b05a2225,2fe1e37499421ca583b6c7b9935de84f9c5fae25c769786ef55d47b663a63542
23233f1ea859464798d441e155777f37,7a035f1efa32d539f46c0633319cf34ee223863b4e7d51c5914d10ee7d2d269d
6037f4507a9e4b14883518844114c859,3a1586d1cc065d6ce2b53eea319d4c37156bb984e716493a4b268714758f230b
d3e30e8b96624a19b9ac250e92d4ceea,fe65e5d8a5af19d0266d030556a63c5e6ace2dcae6650b8268ac92a4a650dbf6
6549108d5d0e44829c431e41a8502d31,3065f974a8606cab0bc248c00c76376a3f40fc0519f08378841c3020b2c5faa5
5d16203734044a9fb8a98b6c5a35bd7a,01da99b468eef16b6bd23509c8702d76ba05163d52f2d67008e9527c4b604c11
c20653255200480695e3d40b96459d91,a085d9c59e4566c76a01d111d803d2386e4b9761e750ee90ffc59d21faf3abf9
5599e1d0f1b943bcb3c2477f8cd52ce5,9c498a899390c6f72dbb87f12aed1b2a1378a545b40459fc851108bf70a68071
ed29520a66af4988b1ca4132ed3bf296,ffc5dc951b665ec8d8c6588d606e8ea5f3f8975ef7ce318840be8be0e2f95bbc
0bd277a207b943fcbe50812ee307f497,bfbd09aaeaa9ae8bffe1a83cab27c999aeca42f917c99fd133ba4a04fa8054dd
0544f623ea034acdbb5d3cb84b24640f,b9a152e76c8ef4235ae5a96babc69b01fc23117a8b14e386aeb8a0794c683dbb
314b51eef4c34f6d8b4ca3e68a508714,cc1f1fa18a8c1fe21b22476c57c75ab16a2774152e9b8ddd1f41111cdeb2cdb6
32e6a7b9761944fbb8b6eae906d5e9ca,54484c5b172f0aa1364852ecabb131bc5cea8b0b1e9c76aaa3aa532977e17210
f0c6a209cad448dc9998685822cf7d5f,8c81bccd02a7b6877ee07c584b6415bb725a6d52236e2de3ed485f2c773e7bc3
86805e495d584a8ab64efb9accc64f3c,d7d97165c8cae881bf73cf13600edef20faef0994d026bc520f29289ac339e1e
6fcdee0d886143d8852c9a3ca8ba0363,6c24736059e005823f50af64f1120a3cbf99e23eff1356f1965fb45ddddd5ef5
55cd08df6a5046248fb578d7d20f3284,a14760871b2ff8a2e94345664a7269a7906e374c66105d592674cb4e3891083d
ea6930d9ee9544d5b5560aae985ed2d1,97726d149d5dc40ce01e570334a7e154098a1f242765b61f0aaed252022ba5f1
0c0a404856f34e5d88dc7a4d606b67ea,be13200fa6bddfc7bbdf451189635701fc0d1e2d74d036ec244e08fd6e354dc7
872c2df1786a456c8134e60ed9920b8e,a8f49a097d9ec278ac37c1dfc086b5fd5add7366d8dd87fd2be14e160dbeb54a
b46532f841cd46dd986a233724e8a58a,4ef255cacbfe6b7808669f165de68a30d6bf6595908d7b9a9a42ed97460bfa3f
1f2e8231ca254084a9e0479bb3c2e42f,795d99fafc3cc96be97906050db5da249d19fe0ec0328b4074e28893d0ccdcc8
1823ff72e4ad4ae5ad6898f7e9489585,9df7718183c7828074eb8b4c9117abf08bb3b8de79659fb8b78fd06eae46c78e
25536efad375405182c10d3bfe273663,e679b13291bf7c13161b3b8ee642134c36d389081aec0a8d546af1c8758acdf3
f3a3bd38945545dc841f844b92d5b65c,baa49f95a5fd8cfca4625edf3f0fe73757c7578f005a6490794de17f232d457a
58e252550b10446bb3ab35522e686ee2,fbefa32b5f0d7b39347117b5898a64721c9ff01e6ca5a9e8dce3fa8c90602c9b
5aa14c7bff5c4dee88b2cad6cce77235,4492225aa260fcd7494b1c77df6ab37e3303e81d3949786f0a5c2c1599274a01
dbade88ef9624f06bc84e0ec944d041a,baceefcf8ac9137a090f8ddebd342b5301f6c2468690757f9b9f24b8786e3f4f
2cdb15940c5842d7a6d2dd51112d05eb,d2e69357c093c613b6a03689bf6231d19b2461284dca3fbc6feddbc252e6fbf1
491655af97244693bb3618a083b7e8a8,b68fcac442529e1d72952fe8e36053678443e17a1f7147203c364d44ed4345f2
07c4bee2c11d4713beab7cf8b14ae4d3,995b489d7f8a1354341772183e0faa607b8fd1b435a73c1e9e4e1a623b267c8d
25f23b937de043dda351c11947d26328,e387117ef33bc5084f10d74449d2721f4952b3e23929840bb7e7de99d40a71ba
401e5475073d42a9ac37d65cc31ecdae,9a33288a47bee7a300792181324b2b804111a00be0d9e7aae9c55f11a66c11c6
65a02a83249849d792c671dbb077fc8b,7b6a5de14fe8ddee983f48c3d97feec0610af62468784a2e4fc386a12c4274ee
ec522a659ba34c4184bcfb4b29ac3117,abf1ebb965b71958152992df5ce1b0b8d440d74b4e7dc76fe890420017bdfcea
fc7ef96ae9b541e58e492d8c8b6f6bdd,a836342606fedd61fdbc7624e1a599b115804c994673b33092e45123c79c4016
08ae1fed50e744dfa2825bbe64de9399,790c4f1c2535f51df4a56ded8bce50d59bd1f219a0d5001eb39188a7508c698a
ed37bd400a2142f4975dd36672d8de59,d75a1e478e9e6ee219906b6096178a5b0f610931a55098becf64e015760fdcc2
1412460e3c3742418c69a3b0731af9ed,aca523dc7bae7f984e1fbaf4ea0b5517bcfc31296295b854c7e0cd66097eb8dd
3707f47375084b118d6f913cce1f9e5f,05a6d2095a0b3856ea6566602b8da09459a6ea7bce5f0467f4954194c8ed3d5b
b2202434dc834a36905bcda27f9ec048,b427c857286328d8cb4b9ebb6c18addca3a04d9bb4002b5a641f56274aff3b36
4c6fb1fabf2f45a884d30206e295bac8,f9ff3e48ce4d8b3e6b984b76a27b91f614240a6d3338d6ee31a18bb07aa79fb9
261998da84ac44a3ba44c019c33b2cf6,e5254eb1fa853592185813e6678e0e2072e5ef38b5e536692e9061a4aca64d89
697e0c0670e44f9baaeb017fca69e340,f05e09b72457063bcac4331f9b5789cec3209a8509c2624a725c7b8c93ca602e
16b11edc282547d5b1def1cc7c878d63,e7ef656f8305784ed4ec4ab3a83a0e3f33762772d869adc16d7d07dec3e90a15
09817029cbd745b48ffc83ad82ddf02e,2f4d6d722db00b59f249ce3c7c6eb063fe419217a12b6822658a47bf81253caf
a99a130be71e4211b4d5f3a211d7c4ef,3ddf8ce09b047ce8b08c6c15be6baffa3c42832265bef7ff92f08533e4c02218
dd70e541fda44cb7aafb5cd1411edf73,469427d4a88a18d0d076cb8308833cea433efb595b5ed1ea0cf27c647286e654
9d2c6f29286a4fed8decd7c39f08ab74,5e38628a60ccf2f052cef403e7605ec068050777c866a94cbb01d339c0379dd6
5d01586ae63243ec9cda5c6d53c88a85,d85181745f3af8fb2424aca8fac0fb7c83f775cec1bab945b32ebfab4a35f59e
2d3f292bdd8c48899a75e10f6f4bcc02,f5becc2b0c2ce75a9897a8823fd539f9fb1a0611604d42bde356d7ad95147bf8
38ceb4c705b24d0092c13dd2c82515c5,ed345e4f0d67fd83bfeb3564962b7687734192dd4fffd9198b6638a549c6a427
5075dd1d3aee47639332ffb85a4e4282,e7af23993d6bdfa8c1adb584d509254c0d2dc6c7e1079555e3fd7027704431a0
1192a4ab6e274fb7b872e946d42b90f8,6a5f064fb7ccfe7cffe08f61578c6ca628b7b29b86e2a6096e8b36b816449d41
a7c53e3017494364b031772c0c2f2b58,91e8c6bf16b648535aca232a77a561f2cba7a7f8e76317ad2e654da22f8919d7
0c07ba9e099a4e87b154e3160c51050e,6161d717cc3b2bcf009ba8f7518ed28183d3f3afc4553069847a27ae45a3d244
55c25a15f3a04da880986a30625d3736,2eeb1ccad46ee1e30bbcb89fce8d924c833c9db3c54afc8eedffd18bea9e3b99
ae0ba85aab3946e183877bfb4927ea93,315e54ba4013cb4918e14bd467991c4f8f4d221822efdc87ed5f845b40166fdc
828352ad8f8c4e69bbf582f6e3317a89,13d6991029901ca688f457ef0450a23efd3faf8465575381b5dd69f38dc663a9
ec4cda97eb0a423fbe2709858066e450,2edab74ba1ac9afc3b658ae3b29784829cec7526209e127603924ebbab8c1ef8
0079f49d259c4187b866dfdc069f1576,8567d80325da5aef83543f6ad86e14b03450adf1ac5b0673c0da72cd5f6a7376
2baa617bd92949c3ae5da45f87e3b2e5,d787d2f23a72069ad670f917e4439c7e02b2feaecd9af2b4e32bb87a8fc715c5
f0547cb2f94c40a4aa912dc495ad0142,64a71d7c0a1712208f3d448404956c8cf4f9d2bd15bf0bb631c3338a80a81726
9c8a54eacede486f8a76da1d823b7de6,1ac18bddd847e7327f057ef43f89e447d298c57e6101c3768e5af1bcc2a9bacb
c220d66c58664dad90217e9e3487d1cd,280b9e35f52bf35a61c91605334459620c2302bdf76635ace75326c7750de3c0
bbcdf9c387184abd83c5703ca69ca314,3fc97ff53998e9cfb59056a1341e76c7667a3954832c0335675d6262da27b137
71f746a654a14fc7aee74a9acbf50fdf,f8ab2dd802e2be590a8e1a38522b9f128a0c5a40d72dcd2fedd1b4f36878919a
2913dc81c5584043ae9aac68b120842a,9c9db9f1b209eab069855c5933bf29f5d68931140928d4b58968e1198e6f0936
532cacda58784df9b0c0cb1fa182f453,f0d8ec4dbb6f459d60e86da5b21edcfcf5803a783bd116fe9b33ac5b69bd226e
e48053d9f5ab4e9bb5ef916dd5d2d803,6153de1fb48aaaa1d0c492d59e590b2b9358266f29e1cd3cabe973cec93a210a
30e8899edc7b4db3be1af557213fccf5,5618b37e93268a87b079359e2cdd27de160c8291a2e61892df2e7d1ded86df55
7a16429c1d0841eb9259925bf80b4fa9,6e31029d6715bc35a7d2302c984e34a5a24ff37a4d5750e4995c22140def9ba5
cdeea985ab7c45db9a9ee5ff7bf1cbea,d8ddae1e311a03e972f1e034c9153a1c88a2286505db80ae497662877513fa91
e67b8bc2c3cc4ba9814f79e57fcb1f34,ed93a8a2ee4d967b41da29d55b7b5e048d3e4b919405c597687dcedcceff6110
26884e7b88ba4ebf92705a1cb1240af4,95d377d122e8901c2e61a26d1e2f1e621cd0ac312b736b091048a9b067d9a222
8dd3aa6e1fd74cffb510f8b6df11be64,d1e6ecda6f721cfd195e3ace6f1333bdf774ff31d20b559883b9c89c287b5770
0fdac304db5b46c69ff4dfa0ac3a8865,4072ad0e248c3d17dd24d608cc9e83c051cbcd8c35cfc949533b03e7349fd0df
337c99e4899f4c8484bd71b75292e90e,0adb32294e37633fba0d9ef9e3bc3a5113507b3ad061b56144105e1927b25d53
a904e17d32e34f3d8a640ccd4d63fa87,488a403ccca9d94a0b1d5ef593f739034efe9e0e121dbb7b28d37319edf29d23
4907e040e9ed4b25976649e0a4c1e3c6,abc6ed28e77e5fe799eb96cd3b0b9b2e25a71da8ba0cfc53a3f9c434b4fe8038
8fad64ae5fbe4ef5b3f9e16102c6a3e5,e4ff06cf86572a4eddc760b8e58f3db0837295bbf8892e4476fb008f5a98dcdc
968721bd73ae45538086402c7c98b9c2,475ba23cc85b718dc02a49b0673f5133276a784abafcee8c45f5e3d37fb94e36
812b7a0ae2dd468690bef8b1ecf3f5e3,5d351e3d566ce05204c23d573a9beb926df31181102c894311959de4c8aa19c6
87ca0bfb46f3490e91fac47308f5a6e5,0a7c493a4d05fbb2089b372a94f819eae8580a0e2c1be808a9754a2969573b03
434b0213a2304942b55dc1a367fa7b09,b1d5fd4b5bd497567ab7a97ecda8f54a39adb7330c553d9bbd75da96375eee22
b42e2d9941814093bbd0d7d0de3ab3d7,e5d45a5fced6cc318baea662938d288854dc9b74abde1fc341b226897c0a8c72
508155f7986f4286905e20bf634610a5,26159b5e41e37629bb367efe10d707cae482c21a1ec70b1d7db78ba5f168962f
a2408135803343168ec22a965c01ead0,a46a7f98ae4c9fb1dad02ecdba227d3da09549851b82ea45963fcef3ad8d1a6d
5a8a9c23cd4642d99e674e9a22aa2661,edba0caaea4b2f0caab3e387048d3062c6556309d90afd042b39d9694ce927b0
e9b571ee1744474b9ca4bda1dd02b141,1207b34ef4929138e63d801bb160f7af1be06363f81e7b88f93b5f72c28c4b1c
b2850b0b18cb4ee383f30f6d4779f378,5722f5e3241bf521935a5b0df95dbc0a53b48178d68b81a2ecac52a47a2e94f1
0d28edaccbf247329d445553d41c2ac7,0df6c7dbb1bb615a441da753d0ea4b81117ab626b3a78d5817f9f768de31f96e
664b9fa234b94ea1911c8b6ac59ea082,f631d8f8fd0aa3037c8c193caeb6bd41e5a0aac7d0a0a0b4a293c5b670e8bab2
8337d874bb034f359e698dcc02db73ac,2be2b0623e782bf64dc84b37c6e2b3bc6874ec3a4c88cb8554f3ca5671d07008
8a33849a0d4f42a49a152667a029bd76,7a6ae087177ea4e2ccfe1212e59579e8c968b98b15bacfa19d9d9806e77f35e8
36e1978261664e89b0e3c73d3e554b59,da2efb63968a8f07862d097f91faa5ad58ed859d84d579c000f5a20b30f90639
cd3e471cde444fa9b1095b4dda69807e,8fff46f9ed0240d13e5e34586067d2e910a2ce7d3cee35a861d243f9f15ef7a6
870bab6ca3764c6a8deadde84d7ccab1,0e214e13b0fa9f0f708db3f1a141599074fdfd6976d5b25b6aa40c4fb24c1950
392626ddd3eb40c8a77a319b8ab7a4ae,60f3a2d5614943493338e9e4c06f9add03fb8d9bd35c7ece201d09276e2a2bbd
5ed1803428fa4a7893a48563ba6340cf,8df5c21c5970362c98bcf7fcc99084c675c788bbf61aeead34fdc9591478d714
c222c24b21de4451947691e4e6709983,b7eb76acedadc46c0c1d1efb796af3c58bc8dc4567a0341519093e6699b9e133
ed3493bdcff9482899c2a747eb73b4d1,88e6c5f3020a0291475e9cfecf6c11e9d2b7c1e9f589a6db28f8055091716a11
3f7637b1d3924c8294e2436d322b5d5d,95717cf6b79314d3a77c25dc7118be22f637a07d61456d67585803dcf584ebbd
d70ef03cff4849ab8b1782bafb367360,d64d0b53ad4254cde33ef351d833dba163948194914e779b9e0240599a925113
099822c2d250483891b41afc4988d2f4,233cee48b85b76b494585577c1c1e113dcf9df71d45f92c9314b297ba9c48da9
c0367e7ada0840fba6a3a54c51b9b9ae,1c86c896d4809eb2bc854c23acf37f58a102a2802da5e97f1cae67cfbaf47292
09f6c1d8e90048ab938ec035f0c712ab,99e11ad3b0b2464b4e98f07dd3257fb2faa337181dfef921ce599000f7db19ea
c6e1b7da03894209861d6a3b7ef86182,2c97d8d917cb70f665fcf528fc876c5de12c90514adf88607e0b3f73d5734ed3
89bedbb72862416e9d4b1530c8338ff4,019080d1b4f705ddb45699c2f75ea5937b7cee40eab310a6a9a45d25c37cffcc
b101d55b46c441c582776af0d1ade51f,d2e76e154c45b4bea7b18812f3dadc902e95139f4946060477e820e2f8b4d4e1
675aa5ba7a8c4abf96a49c97f6928e2e,690f52904b0307c5e5ad4f2a5f2480a8cddb83ab611caff25b1976a939e1ac41
5f5551e9ad284fe696d574d3fbe932d6,d00d601cf017cce16f1006e2ace8eeef4017d55344a39657295654010ef8df83
4a7ad693f90741868066205eb7ca6625,423d28aa39d9fc475f0378156dba3490da84e5533c08d1f25a30f978ba96098b
ff8f4e09bf3a4c55ab7e705ed73ed409,77d309a17f5691fff43b53d800f8357aeb5470b665a7ebfeb6f31a2ea5201dcc
d55b7c9df49341f28194435073547944,0560d7779e171ad6ec6d4920b81e00185444a6a9a91fdd0017c7314d2fd8fcf2
cfe85cf3f6ea47169a73f19c41c1e1c2,70229f5bc31f838bd054e451ed325bfab9491cbb2462bc236e20005d28456ab0
1894f2a65a7249c585d29ecef974689b,4bf9bf58b45f12955536eb8cd6d51f81e348c6df43f96e85f30b582bbf852cf3
08b85f681eeb449494903175e9f0efe8,8d9b1a6dbbb09cc4ff41f77bd59c2f5c553323a7affde7ed31ae2f66226a14c6
429f427cec424e61ae47b43b421c30d3,9e16d02424710832afa06969dc102846067b3c274df0d307d6eb388d98e553de
87deed576b5a4695a16bbf422499641a,5f202ac8d9fe2d7139f796a7702fb8ac7134d91dda1ec1372b2aa68f2dd612f3
564498b7e96c4996ac88288f4455200b,53a76fd1b82a61c7d83d83b24d4736a58cf87392a7494091cb2483680733691a
0fe44f7c6c354a388549dc5c770c63cf,4a4d2a7c6d9bb268ea24fbf4d674678b477d005f66a4fa99118e0e31cad4c038
3e85a706ae9847ef868aabd7d8b29b0f,147eb9589a54d642ccc4283f0267fda19c16747cb169614d031bc9b61c229db5
be609580d6834e8c8a5b6aae33f08de8,246f55f699a3b4fd8ed66360a82ad0564454e3f3471618b6190a053a94d204df
54dd338e439b44af9dba90c6dce4f69f,b35715619ee6c2158f46f0120876e27eb09e0c0cc726d11bf5415182f2a01844
2aa0ca2535c947bb8594b409a61bc449,55bebbf9f135bf779e6730233383ed9b9d4ae2d362f086fca5e7f02cc84223b9
06a8e6f00f494965ace37374572ae2d3,0a9464ff6257c3bea63562b9ecf2df7b44849ed0cbad396728b09ad42fa3a4cd
a167c5cada45413e8c9ad1283acc3371,c679949a789ba28aa3500b969b917bff3eb3bb3de3e03bf7e48171450ad9b6a1
0ad7ae416e1d415083669603c2c99d24,d12c627217bbbe7087c9ff3dfadd7953fdd04888c6595c57c8e560dff5f66006
27d0aba9214f4fed8c8bf89bdd33e5de,ddde6ad547628fd16ea80b8ec3047a62fa0b3cba277fb3df4488972458c7986e
b7a762d04abd45afbdbab85b14b9b6a4,b4141caf913769b1c1e806b0ac1e0ae91694729a746816db4bb9c5c75602576d
70cd7b89c5784fc99450406739ed59df,751a1f8a73a8261ebf2bc8dbd9dee5b2dad1b2d813dcc70927a7988b1b26583b
4059d57fb98e43749b677fcc258f2efd,f738e179822bb8d0f2b8ad219496edc8a2d5e0d11165ecb0b1ea5a2721ad302e
7b84019fc0c7484d9b9375597e6b2f62,e14a32139253402ad50aad6610d871efa552959098df7b37ad9f8235fd0f42aa
3caddf7b328d4755a06d6c8f9a0cdd1d,66a256f205ec56ab6b3bf204af748146312bc104798d0a3e3900193ef4444c41
d7442489bbf247c796a481ef47fa304e,3a3a813c21733976b5bc4ef9d57c05b1c4ae602674ee6bd5e6c05a2a775f232a
0afc7c8371fb4c31aa35071666b0fc4e,745c21915af9b715092e180cd118219a370e13a53564d93ddd33c3635c89d3e8
9d075301d5c5482daf433585f759042c,a2331042e0846ea9524b57edf78c8940c24a2530486c775aca9c281e0c3512a1
d4ffd6057f484136b9e1de9d826d1a3f,c1ac97d560bffcc56953d5f68790800fb6370a2229974e20514f99f95ec7daf2
224b97697466479cbd8968b211f28bdd,86d6027f6813d4845c277a3b41e0a8a3f55ef17b8942af3cb4dc9cd94ef2b3b8
0283a1cf86b74565834e844a06c32f59,24104e8ca3600940b63fd314ef305bc6aaf6e7168514b1d1bc1101716c73d061
b16a9cbd2b634f6d87e216b4e04c736c,50f417d063f0ee2e110e7a6befa44a1d8480b4ea87106554405bf41adc8cb2a9
74e949049f354637af02ef9b456b0d95,4d803a474ffe677bc321630f64dfc50e8b684527d30a175e718173e444e176dd
69a97cfb459d4a95a30d8b68f85d9ef3,42cd00564932d0892d942e26ffc36bec6ba5a9ed066375e8d2aefc4c6fbf4cfb
ec4658ccf22442f8b4c49c1fa63761ac,18c3128fd26059362e502e8ac0241a0ed8c5156592b14572d8835e36f4628c44
58d703d494c7407fb5e1756ee8b4af68,0af52cec7ff423293706d04f1f1f1f877d127b14d7d1a67dc2917be276ae43ee
d259996f2fc34327a7b701db30b9ded5,a02b42ee088b39ec19430d179b39b773a44dc78f1b5f7fb436fe9ad53ea11368
72902d44cb3641bca5cd354898824ee7,cfe1768531c22bddcfd081dadd6f3b5246652488ff0d4192c4e15c6cb12b83e8
0e0c115f6ead4e838d54a541733ce0ac,3798b625a0d59595772a53182bd4bf754315258a4c387925dc38dd3076acd0dc
88d8c97cf20946b29303ad4952c65e9b,371a4bc3e4b24fef4ef09f229a3eada338f15583694d91af2248cd0fd0ac0c76
3062d95e10c64c90ac94dcd4bc8aad00,ba6071682f2fee0b810ee90edc48a02a41a8db9ec0097bec337bd69c1e8acfc2
f9e4d96345744746a5af667b14a2bfc6,9ad8247aef8a2ec606dc4a90220415282c29d282e60a5ec69805bb185c8e269d
b26786b6e24b4a1b9c58bcdc7b3884f8,adca5e7c9cd4fa0758bf4b97bc63f05486ee50fe00d8496371fabc5add0f49ce
f6ca6682773f4fd5bed3156657bb1b61,0d476b8667edca5b7cdb96747a66647072f09a5b08c96a64b94d4c2a60fa8e0d
ba12c24c9e4445e08048b930a99eeb07,79eccca589d47f8458f67ef060ed0316aa3efdb7ccf48443e844349f1cfb9141
46c8351ef5d445888ca51a1b7f85e93a,ae96d2f2fc1aa5c22a15339fa270747a08f98ca89d005d50e80bcbb1d43c0c24
bb8397e82cdd40a29c3892797b4513ee,b512adb74715532ab279a74bda1c56bafcbf73ac9d4cacf4f6fccd59410cf121
1acc5bfcd2074a7a890aa6a174c52fa5,81c373281bf395d8ac9816f29c3e3516a106f17b38ae60046a144ec73027774d
ab22618e1efa4cff9f066175f03ff529,98bc0181ca744567d6f6bec00c50ba79786bdc6b9a7e297fedb7f2fd9947da20
f3a5e4f576504465a4378604ce50044e,62fe9a2ef75a652621490beaced0551f85eed2c6fc18877d30d33aaa3d899297
f6e344fdfb8c4b04a8fa0ff468b7ce59,cf1f47ab524b29401066d6c833b949a93d22aa1229d202ab41cc94e81e223bad
98cfef4eb7a74e7f969af8391dbb29ff,875da6d5e6847e60703650525073d2d18987634a5bb6d330743e550b61581b97
6eef8846490f4c63a9cc87732b5a7f63,f8227db6992db0ef34d7eea9e41b232e313a07af14a1b4e3a884972364d7c8e9
0c5600278a2e41f4a05c87998e2230b4,b8e283ac7f40086a336fd26ec47b42ae1837ad6f40e0c2dc31f27579cd8ba81b
f649adce6d0642998fde4962188932f8,fd6afd70890201c0c07ed9a2e35304a558db3687bd0284b94129f62dc7e756cb
1fadcd40ba8c455b8df53a8ad4d1b013,2c630f7ab9be3f468fc1db7149724a059535f7f4e1fde7f533097ae0bcb7ee65
c903c8ab1bed4de1a89196e81b8d0b6f,d463568afca71e4feda654b264f096e9660fe5b794022932650cf58b1cc8ee34
e271d0966729419bb64fa2f88a7740c7,292410e3cdb4dc4cefbcad839989546d9b36e4ea5c13c0b28372a2d76c975e24
f1ce8f0744c749d79ff1304b8128c124,bf2590e4104a7bb957211633aac6c56f6ed13de45e04bb3ebb6ea2e10e3af5e2
8648d524563a48acb46ddaff208ae0db,0c45594ba8cee4345bbf50d495902909ec87c56bc059b66f2386c2b052023fcf
a86826cef1c84f51b2a5b11038dd1054,783e542d01f8ac89744988792333b9969c65afba09a76a66e328f86b8844f0a6
2eb4fe3407fb479bad983d283b65555e,1fbd8f79519d2b270ba3c7cf2600438ecf90c0a093fae200bfb17f43797ec196
1727652d8fee4f5ebc3f5d2e2cbb9684,45791f0ffc068cf4994b7f6eabb057dc98bbb7b72f086ccf38cb4bd091f1f637
4892b379dc9e46d8804bcfd4c27463bc,ea2b6379c55bd8a689b2eb1c85bab801c62ef916b1a1a09e9c8b21287a177cea
9293d636097d4b85a5987e395366edbe,9ebe0f6f4d041330d1d4424a8a66fea99bf4f23e136b7d53dce08d4ae63ef990
e60d1a513ee34e968855295f8cb6d61e,96f2b5290ee35fb6b5499cd301a18c01a3438d017df338c1d5bf3b45d75367dc
130e45100b254f42a3bcfe5c45a77a14,d428a511830f813636b3de7998ff9ff187f5b372d0fff7c7d0c6d9a7e87595ce
561c0fb88dbf454da2a75ba6e7a600ab,e7a401fc28a331494e63d897414d6ec04d7ee325f4288f35e8e94a759625fbd9
228e2002de6b44e0a5781a7add47786d,33b9f059d6757d8ea2d37f11275ba9dbf962498bd7bd0426b107097b6e3f0938
47dfa40b2fba46be851a5295cbea61ae,a6eaa61153691381e4647ba11f4a37293739ffda78b02c09476647cbcb260f3e
7d45dfcc6537467ca0a699835d262c5b,8e39fd4fc976dcfd5ae8988670da5fc1d643f90254ce3597278160fe8aeabb6d
c6534d27213e49fab0d57094789917e6,b682ec6f82d7a14e19b01a89dabdf208a652be9ce75dbfe1a017c71800d022cf
0735325772874bd88108b787b6d010ca,ea360628d198364b687f535dfb641fffbe2f9a10fe3301d89fb88c8849b2251e
005eceb71f8b4377b8aff8436b19556e,81f5ffc1e654ebb0aadd37537eea9485c75e145e8359d8cb7b8fb2fc63965f75
57dd2586ada24c2f8fd1694cd351a802,1785243a40c99aea1d6ce188e78381a5a41fb0b88366714254db03f2aa35382f
e51e6871d210461585929f64aaabcd0f,881c70c02aad30dfbcdfabe81fc14ef3ef715b12ee30b064da1732aabe448a55
83380ff87d1d40bab86770ae7ab50d1f,eb75a1033997dcc9f7e31d82b80fb6535c2359c987c419ab3611cad3f5a0ec30
61714001d58849ae94a72dd585509510,461fbff5ad6af16b52d6ac531358c7d82eb317329f1b3f63682299d5131dceb0
8e32dbdba52942518240a680bfe156a6,cbe06de0e618d6b1cccada68e82e99fd330264b40b51daa0213406e7b9265d15
a160c55307574d99a81197a1f836f981,601fb9d51cc37f75543875307de39ec98bc7031acfc7fe7662042aba53e72d8c
f095c8b7e41e4cb28232e07f89a12c36,68e92a5934c503a72f5896aac5d513de2c7dcb0784645c3e148f8594375c324e
406a3c18bfdf48748099dc7a969d3f8b,7c464bd362698a6f6848fea2cc01209e829b799b4545d4b76c98de08f6e06a7c
84da7dd52f494f32b55e05f2ab684b0a,ea6d79a7be98939df58ce3ba1232dab5e3443922ccf8fe96eaa14a43e0f86122
3dc52db7d7294b97ba207ffdef9787eb,07671dfebd1ad1b695a8d61e3446225d0fdf28b2ce7413bca94741e47ce8b789
8412d866f8d1400eab209dba905ba63a,4c89da0a9570bb00e6b1bfddd59e4005ef5dcbdf3f90532046e9045d00f2df91
a065dcf5e73f4527b43bfa02a2a0b5fc,bfcd5348657e0cb8e2182507fc6b936857cb7d9e656f74246dd6f689898b051a
da8ed62b4b914eb783f66791053005d6,c1076b69f18f7a925a7441ddfcc5cb51db21bb5e9dbdf8fcd282fed50630922d
2f8b6ea3fb3c463a82d0e5e385c3e0a7,f9d336afd054227ff1b0171d2d24b8a8a4afb3732b41e9a681892be87b58bc08
31e1cd9f29834c6cafcb1df0e1a77690,2218aba93fd754b72a20706183adc1fed9d9d649daf6b4af8526d04190dd8312
2c21867b6e4d44308ecba817b67e79f3,56f901c6b4789989590ebd6d18aed61fa9d0671f2e6ffe928c19996aede49ec9
f00321f93b7c4a0f84e733071e5f3d3a,51da7fc8da48b4ab2c21374fda57ec66e70b8b021b548b6e12eb49f489e348f6
845389ef4f824e5e9b52c5a84812b96b,1bd7f26c88fa60ca44d605f6fa7a1221a522d940bba851ceb4c5207bad73e0ac
da3984d6889a44519dba52b2f691603a,ba9a422f723c39dc8b364b206dcbca6dbd9765aacecb6bb6150b4ab8f0e5a71a
706cab53b2fc4f4bb961032379c44fa0,384374700dacc3c83031d7ef5c8adc712b98b1a8785e5d19caef81509f35fab8
9cda56233c6d481eb82e47e2c969c2e5,1ce89fe5d887f370d0f610f8960e934fdba01e07df7e66de9076770c108ef047
8adbbe2aea834ec791bf796c40cb3827,424b21bd121aa373ca6d8de5b8b4cb772317faac04f20a7e6a7f37f5a219a997
fbd62b043a3f4e2c80b105494789e19e,b173b44f6f91bbf3ba9d833d861a4fbdfe3bdbcc86158d5c3bd0a6b8b742c19a
345cd3be281947b1a3fe7e594474a797,5b3cc1ac0562468b37eb8718fce94e9e78f083752128c899c31fd577be16f6a8
42244899de1d413c89d6a2212a100e3b,85af6475cbdf17fc58638b60a4ddcbf35d80f5339d21632874d2b0784db28fcc
347f8cf8999a49a69a92d185035e3935,8414514ab6734c9bae653de6aebd06343ca8d8ca932d8224343597e2d89dc4b4
d64acf8db4c74c51b8393426e3b7b0e1,b53f709eb01e419503283e9ca76d1703d61550664c6c353af92fe819d19b47d6
990c6516f2c5499eadf07af61fb018a7,c445abca4a2726bd6d3317b56543adc17eb75c291d1028454aeadce16b614276
a8286cfbb1e347448f36030b0762a9c4,aa0d86d3a2290323ca73e3deae644aea9d2068b44cacb012184324be12bba633
eb042d0ce34e46b186505a18e55e79f6,67d7e28e54072fdb0881a85a3800984493559efb473bee981183b843d502a9b1
8b6ad2b468ca4eab8dabbbe7c6bda491,15af522ec62f125713e70085a7c3099e0e30ca82a1d97fdb33cb607398de97cb
604fef1a75464baa9e9b72739b964051,a716447bdce0fa20d771c8ad0e5a3fa5ed6523be5a12c9f641308ceb3c9be131
fa25d94eea574a6e9d2df75e310bcb00,59b39e3ea8234fd0be472255806d86c849aab2e3d358aafd6e6571cf07cdc008
fdedf83e41b74b92ace7c442e6ecdffd,2ba507b31b8e0b70aca8b3eef6138654d0413505d8b471c437e3e51f8a22dffb
d849f6fb4cb74262a447465a4ccc2263,9d7b1bd979a0c2e0b2b27ecd5f2d29dffb86c16c3b212bb2684df4aa6f0e592e
45d44fa1638c45108a17d2a5fa91e502,1a0b1dfb9a2f54f652ddd09911de938268767caa9ee5154064e2551f80b6faec
2256f8b77d044e2680dc422e942e44e6,9dd6f2af345aaf845cc1b3b9f0b1805359cfd7d4eac69ab51cc42715fce06213
f1224940fc8a4a51a3b1668b1697677c,cd04d8bc04fd1001b2b4dfd7f1d53a56ea3d34e6550316427a38276ca9d166b7
72d645bd3ca84f70adc011f7b0f17c24,cfcc527f6ac1d04ca27cca7affb3e8e3a566d07eb85058cab52c502956d609b4
5d7c4f66026848c68e76ec2778c41167,2dd5d330884993fa7477dbb6d7dd4508f4137882d3e9e0d2b690816145bbbe98
3cc99c2d260c42448d1b102fe71db7e7,1393703792c48d9644cfe2f4512b8600d43e3431bf1e48892b8ec158b05bc190
9cb24bc4e4804f5a8936dad37b5ab3a3,a476e0a15f556543e5788b9cb60a1751f85770e1c89e7030361040d67e3f95c3
fc093ddffbac4abc903f2732dabca50f,f7b2f2e95962cae46637c97b16f57e68244b3629f6f68a04a571bc335437a8e9
c8ed764f84a6477689afe002364d161f,a947c9ca456cfd1e79b30b44a0e595ac0a266e555f25b586092ef7a23ba9d0e3
2cde0e8077ac4a31820e8ca47230e975,05ed413a7237fafd82d7bef91e06b8f6388b88ea50fc8370cd0ebbe1c2200e9f
4bf4393fab7442199112a5ecfc374808,70d338cbc4b743ec893162dbb892966278f65f8eca6c9c0b61e098ed4a0d60c2
2026ea65f3494bc2a3fcc48e92f2b2e5,053b102094cbf1b81789457f97497b2c05f7d1f75770d59db9eb28634523bcf5
5fd2944df6df4c9d8c8eafa8b5b12a10,4785719353b354b7712910e45ec726029a9cc37ae3b1fd70501877defd1fb347
2d7f62fc947a44eeaa038b4e20f82e6f,13ce24db643671c08acbf6511b850c1a5c39f1fbb7afb1e8b554b7433ca90cae
d815ea8e0ba0420194843aba1c52f281,92b31711a81552b3e0593cc6de54a913353a5adb0aae219902f6cb5487cf83fb
8cf14a5a4a354421b52142fa52240ca7,9589bce65c4c99361c6d182d68d7d5ad39c91c10dde4462e4fb21616de6826e4
f6d8764ae83244588838c0b8a6c4e640,def2f2b1603e87f63caa867fa87f86f9dbc9455c5b8351617af18a98d64b26a5
f8de484920fb4633a776e8aedf8eb8fa,bbcd4dde09e2f6965a1ccfb3919536d13f4b4101bb97491a27ef7a5132426b05
d5f1009fa2a34e17838d7f6147446350,31b546cc424be18ae5796667c2bb4264a1d5ec91fc34eb714eb159457255f834
edc80fd52742409cb46983e753126cbc,3d6a2dceeafa05d96337de546627679ea81c030385616ea68d291b38d8d41ef0
f1692d212f4a4e9483a976061e30ae80,1016edac2664f91891ab32fb820b81c53b63cf337974fdb540b53ce5e113fb6d
adfa25f84dd84eb6b49f7eb0aacd6528,e7c6945aa0c15fcf9037fc3adfc28802c956b9237a2466a8b65b09b32285da60
020973f70984438e844098f234524c44,f900f029a11719b74c17a0f7ce7c5fb1f6ee2bb5cc309f79692274bc3443fb3b
84376dcb2c0f4d47bb9d62a8ee1cdef6,a9928a992940dddcc8534560aa5f1aa10056a91228ab1e92bd8c26b6eb2136ec
cc5bf67f92694e2bb481d97641e9d0fd,c5cabe37898889fa8d9c1b9dcefcaa7cb8ac60011cf0cced270c790d7b4cc212
331cc0b0af124e28ade88bdb74132ff1,b5aaffceb1c0ba073f429d8d1c88a921af182c1a345307db1ebdc0e2377a7795
fd196a83e27946e18bccf0f78d7beae9,0d4aebef9435bf4fa3250cffd8e040b154069bdbf352c40020b24dd0be8186e3
6dfd41faa99340b0854458d7c6ee1df8,8fbabdc0fd93f5363210c143b7be9933923ca3645ce9661a86f8acacdba6e6e3
06d826d76eb34fc49add5b9cd2a8c458,a6771c8be1abfc03c9214616ab81f09425463a1aa712fc8b916d970f8512ebf9
2516f72907bd4c228a476ecceb5f8937,9e728914c6c0c2bf93e9cad41de4991f5d1f637ce80b5d08a46a3e2d5ec590f5
1fd6c950176c4733813ac0a4b4e6a234,273b001d79589f0760f69edc0f0a5fb4479c6db19ccb9445a1e8987fb4bf0778
2dc7e439392f420897a650b31452bdf4,04de02810c670e820f87410235a6dfb05128eba4c65205917a5b36396d59d492
596a7bae1c4f4b5e8cf35f2d5250fdae,53fd18b574e7d0941bc24ab97a495a754b55d07d21db62097b26162b777e4996
ffd549e6b748441299e17adff6a27787,7b6433f13bc3c89a107d1999d82dab71d49cb47cb8e9132a9fece6b7f2cb7e3a
deb67ec095794d618563969a2c5f3a53,689b43aa7f0714e0d49195438e3387dfe4bdc763282c59a0f7e55bb725da0abf
ecf243346104499cb085c621503922ea,3731d1f73fed2b22dce69df320ceb956b4aed88030ebbda0355fe56c11b65330
89653d0b16c547c284f70f040cf704aa,45b35816cd43fb08c52745e0f037555e4080a1b8394e57295d184a4a96433b33
b12be1bd46644f58aca01f3807ef6ae3,444d20a34a5301f9c1e02f16e2b441a4bb73a4b6e6d0feb16048e613c0da4f5f
63ae6b4a85544d2199859966ff431936,48bd5ed04577eb6a7e2207c8ea498616e22c16985cec4ec347ea57bb46ff0f87
db5b86e0598347c596b0890203ceffb0,237c35d954901d9cdd8a295ec298556199c216737ce5992f8334c4455e813f69
407e8f495f92490fa4e627ea8d8f5cba,fd9aadeeaa5c0896b2093f184363482f1bd689393652e98be31cc25556192084
c61e60ff049d4181a499b06b1696220d,4f7a2158cdf8a2610f9604a49eb76cccb43031b69a423b13e8afd7d6ca0b8eaa
01068c89423947eb925cee277362aa68,8d67e2837f97b5df471c994bf497ac54cc028490aa019a05b10c2932428c1e72
0b7a7871b9a94d019e80216c085e4599,267f95059473e00d449bc961d0e532109dec57583dd8ab7183fa87f524f4845c
332f07780f4941eba1d0e43b5f8c382e,2778b967b804153ed6917b95c904342e1b44aab7c03ad167464793da0fb4e309
dc97b67d88324da79c60eedcfbd1215e,41c7f23cc26c345dca8a2a00f79926e7fdfb856e45cfc2cd146a9fc942814cfd
fb19bc6f55df422db169512284cdcea0,d67c0139525c1196cb9087181a62e8b7622d5f54f9fb60b49b662f8d9256e8e9
963e42639f214f12b507cb147703ba48,23f1dfe8574785cf3aea6ed205e2bb706b16dc46d1435e7d4214a4420a2f4200
7073f7fa64bb462199e04266ec038f4d,d273e44a5047af3bd95ab414ffcaa725c8c2408bcfd0f34f1030da64edeaa24a
11e2c84400d44132af80020155180217,e8f3c7163704ffe88e4962ff43dd7ba1227c52bbc5d4a98e581b93f784ab613a
417de2a616ac4748a3002c18539599fc,80d5af4fe752bffda8a357cec6fe40003bb71d7193fc37f42dc641a26ee4f45f
d1ad79adc6914efa81a28d4a78ba69ea,674dfa131aea0cfdd7fd9d683c37ee543e352237c6e6fc5bbc64f4671baa2cbf
9b85efbc4cc64a28aec21abf7a57cf2f,efaa98a424573d8078007a27b9406c4841a300b29a1130d35a7f1bd391bc5588
8e9ec16bd9e04132937d99f5df16dd22,d938cbaf8874723993d38d419c3402f31f70e4f6de88443cd4e1a60ab9d130bc
fedf9436e1fb42d7b6d653a3cd3c3be4,c9a9f5afef839f00fe799051b1353d04d9723a90d70a77cff0fe428577e51e18
d1e939b7a92647cbae650778b1bda8da,798f238eea96b94d789f712e52a06d486a7926f3cdef682cd8218bf328b8c623
21b2aad4fc804837bcc0d724281fe935,fb31bcd8b87f3424e0aea9b446f9f5b3a0d3bade4f3a0f525357b20d5f033d4e
6a1e6fbf024b449a877480009f39db86,66b0ed95142bb0a038745a5209f94a93a2d770d69eac0663a5ffb11fe7131df5
69db3d80366b451cb9ec7d72258717c2,8397dd645d61c3375df9f985097fbc1d7b04e1c7a89e7ab5a46bf6ebe8c7003a
661d31bea55143fcb6572f7adc6f7d49,9c9635abcbfa42f81f1efcc5713d924ab51089306ee945b410f30bf3abf7ee33
d6d80477e0cd4089b06fd7408d3fc1f1,59febb207d7f55989f9dbbf5c65a3cb615e6dd7e480cddb6917a853a9205fbda
efb949988b5d4e2eb0bed24c90273fcf,71c8c3adb9c6a33712a871db02a6d995a5ceae4ec81ba4177277a00fc8cf2fc7
8436a2be8ff54f32a37b213486f58eae,ef35c3ed234c848764eeb7b98d0d72745150b618324b177fc83d402d61426caf
ea24f9cfecf54d33a7d51c5241e29b56,d89b9b1c7e925c9085ca21d9ed9ed8c5202545fc89da77d7f25dfa06ab6ac321
0a5e93440d3446a5a3dd7b40af1ce9d8,e44da9c9eee52fa2620f6782be140c1c823fa7784038211e4e91c19132328b8a
bdd611b8cc41435982b14dadc9f7b9ee,d2fb7f68ea37c59539c5fea47bb7d3fb78dcd670cb797648c8806b3147396ef4
646834ca8e5d4bed99037e03adb68406,4c8ff9120daf81c7d5b9b024ef0923fb513b9529ef29a691c165aa2c94054033
c70a142218e744c4a6575b78be122e72,3259bb18aa68c1b4f25a29b3209a3378b6e560d247a48cc52bcf346b9506f47b
dcaf1ed4135e4585bffb7baf2b575155,4529b79216b84d5d7d2738040aabc7653a95ff89570f6a35c9167ad7d9b88698
295818ff0f7c4dc6aae509b92909de75,adfec8754a9df2eb016e4e7e5bc121ab07a0a079e726600a218e6a7b2c935c18
4cae18828b5040bba6e1861f0feae525,532e201918f8facc2b177e86e2e2884d1ca6983333f3a93863fda5b9c8a49590
a40f4fe46cc34c2dada17b862599bfa7,1862ac93ec9cf653a4b8f585ce1194ba07ddb29200eaa43b119dce1dad55cb17
87d6cdc3755e49cc946aeb8192071b39,5cfd4b16be45ce695c7604ebbe68fba0b1db8affb5059dea43707b688bc58a15
d3300d93c18844838af2b42531c2aabd,d774bc35bc3f1f66423abfa74d91c8957125dfcef26b7993386d1780580aee0c
028aa119c6b24dbbbe3f42eb1a1f854e,6b41fea64059e4a46f0d9fd30023136a45426afcb11d8971d0e48a7d17dd8128
112c54609a394caa967d1d3b7b1b2581,56b4c740a1608c823814cda5be7fb25ac73e1ec082bc670a27a89c33d6e35c27
fc82d9ef3f6e4b68868a4060ee15f41c,9f6eaf026bd117546de75acfbb42b079276f5459d3595fe692d25666ce3c5ce3
81bc2ecb1a194bc0bfe5692cbcd1c27e,2df7f2c3dc344a2ee76362ca8f9481e27a7fceffc374d68a43f71a26c10eb05e
47130cfe904b4872aa6c7050eaeb1dd1,847d154f83e7cdaf42a1f760f384a7de08cdf21df762413a0db19aecf561e9c0
4ca6f05b29a14a4d8cd34ac55b4a268b,c0077281e3b3f24f485b61f690a25de06c9246e4b05c9c24893eb1ccb81c12b2
b10a212f2424426d9340eb7ad5e3ed9d,bc3be9c4d27bfdd885138c2281e34b702783d544b50cdefb5187d86062c855d4
c2993510ea8448b28ad190cc45c9d3d3,bdbc4ee06964aefff658d34f8c095f1b3ac76dd3b5df78cfa4df56be553593a9
194ff20143dc441c95fc293dac48b2d7,7c76f6148b6f30105e53fc6e807035aeba8034997f6d7b91da046369319f3bc8
edfcc57c3104487fa1ae8e193635e88e,122ea7706a162a23cf7ed0615ae9260900d30e56be89af74cc1de556fd77de6e
4b0987797fae4196956498080169cae8,e1a73d3d37caf8c80dbff57a291000740e687f71a0ebc466fb3ca3cca52228af
01fd9da3ae1f498ba47a71ac553ccbbb,b34c84c76e338d7370b9e10f9a592b0906bbfe9a26c82a98c89fc5aeb2cd1b57
e0eb9c3de47541efae7e50b6c5c5f8d6,457c0869b7d5fc3cdd708cdd32df24e306a2b305e6433f8000553a2406cfb1c9
e1a5777af1aa4d90bf20bcff9d56b137,aabada2bc6a7bab424be25bbd7251868b3c5940c099855eb7aa71213f45fc397
ea0c98907ee54e228319b03fc0137a9e,5171ddb36d6169d78586787eb2218a6208171ff04d8347c833a03095d4870a35
5700ec11871e4f01b5b98b162ea5f405,95bd0479ce575a9fe6186be3e09809c86407f9273fd27529fff0b89547b612b3
5cee2a0fe84147818b5f7c8443005f01,43695ecfe367427c18fa8da812a51097d9067e927775e4d7862ec9d14d976677
afdc0c9c00ec44a39e8dce8f7c6b036e,5c37b16e422e84ae622c68b57546f734c4a9ec16fe189e776e00b40ca00f3c6f
ca1145f2f1484fe9bfdcf73ee1be659f,65d2616cc12d67e72ed2a72cab65a6334385758ea6236d4d6f7f0f9b21b071dc
f78b97b120c84f49b488b274cbc3c82a,138c639f6e55d1d8b0f79f1289dd93ab412cb7f299c84858f57b63e7ddd97988
166d1a1c060843708e90ae43adaa4722,0c9c2cadd852bb3463e1c0b9da1368742297f54e1ac4679090f8cea0d687b4b6
dc9dd3be6d5d4bceb553c3449a6ec8be,f068dfdce03eb7525a47ea528e4e2233d37263f4746b1edf8fcb4d541a08cc63
d8c713236bc64da48b147181333ad704,7a50b7bb21d7455570dd4f0d5f10a9cc280c0471560f52a1f17c5e56e3171603
6f13eec0b394471497caf38f6cfbdb4e,44d50309325187e730681576562c58b9659b7c30ddac23ff2d435cbce103ee16
b1bb4eaca15549479d8c134fa35e1a48,919f0d31458aea9685069d6e5a10275d7ecae3e050ff58557e00f43b7feabf75
a5ab5d80fdb942d88ee9ef46e6ac2ab4,a5607765311434e7dd18e374c9e50953fe4f0f144551560ee7555e5b088cb066
0a57113b16464dc69aa47d8308083996,e24476814318a1dc9fa85f3502fc7aaff71aec8b0865df80c2cff253e7ec05bb
44d22f2e400246018bc36d6a678ec143,65658ba4cdc499c018ac933b7dbd74a2e90ae502d9dbbc649d6d5d4839dc5589
171b07557da84167b30f6a18bbc7e1d3,b4fc371bbc12787def62e37f164e0f131da3f5530d58f96d55818f583881a0e6
c94c50fe964244e4ae2ec37938308b96,42bf11913341da6f10dfcffc031977b75409a91a5276639c692df30b1c13c2a7
a809e676cb3b42d89951b35ec4ab81ce,38e57527296fe8b2f0e9909aac22a6815cb141f550ef5877f71eaaf635744262
9f0f0931dbe242a2a7c69267ed0f9e31,20dff2baa2e9f27dc209df96fc2f8155eb5a408e36337314be699de0f3f47f52
5d23e90143454ac69543a143d0eb5711,b47c08485a7ecf6867e001e09daa914539483201aa80cfb88e6634ebc35b5b04
810e2f7acc6249d995327cd46d891e37,513748535a21464ec3942afc503c392943c9ea23618c3a1e8258e9aa0de7a8bf
04ae2e0e47cc48eebbe628fdbd5df09d,32ff66219a6ff5cdc61002f19c559b8bc1e00ef7967853fe171a91480c5c06bb
38a25f1e859640ffa9b3fb927b231874,e63fbeb1a372228ecc43169ac3c832fd003aadcfcebe0dc7cf472bfdbda9466b
68375915cda549d9945d057c61153d2c,a623d20dde51a4d2f43ab4c821c9cbf7d8fbcd275f439105b9af63d473278324
af6479c29b5a4cd580a79ca251156824,7f397e97ff21a55886276931968387714747683c3cbc0fdc5b771cb621dd36bb
d0aa9d3ef06f4606a1033a0ecff0594e,f0b47f27a81f8ea60c25fddfc1ced5367ec03a19bc5ff650f829f10b51afdc13
824131faa8924309a3d18c91c1e2ef02,87753bc41ad21033f86dcba47f9f69f9b69badf271ffd49298a273d5cdbdba51
7d8e9e6b3ccb428d99ef21e28e46a694,8c7c4bee2f63cfa4d42ea8ccd17e959f08ce6cb1df25c3b89b34e0fea2943b4e
185d4da617d748b48cc4734f29e95d1d,cf2a4483b8331ad15208d9f1fc855476f92107807c8e18a2c37aa91e313668c9
198f9a138a1e4059b63505d96f99f510,32fee6344ef5ae9a2a0de5dd6ebf421598881bc82af8124901a9576353a00ba3
3c806260473a4bb58dc9c2d2fd907003,de8481cb8e37c5f9d5c05ba1c87b7ad6aaeeb184613faebca008233e90dce3f5
51a8552175e74a42997ad82688bd6bb1,5af71d53a4015eccde65b5af424ca52f7ec96bd00eaec09dfefb2badf4271df4
3823df4d574a42828f6f89c6a5268d31,ff5931726c8cc9780d711fdd8b594bb37e42828ae302fb9f4e876916788f3d88
bbff51cfcc4b4a32b5871bda9b839d2a,dd7ddcd4787c695064c27c0fdad7b6eff25f04661f74b64e87430fd92b57b5bf
ac1d6d2d059e4cd2946df147b6a6e3a5,8f296fcbb7bcf62dde9de26c3aa271c215b94e1fdba54d6fc62aa2513967656b
d160567773654181a5b6f672c0883fce,87ecbc850e08f7174b39d122db4c1f9e751a1eff8c866677ace7d4d9c0ff44fc
63a800a72e9644fc930e8f9eaae86788,be384519dff95c5d99070507ceab8a8eee656368ef988451b5def7defe5874f3
157fa31f48334511b242a48ac79732a0,afa30e9f3a8854eadd8cae906eabcb98891aebc49cbdb1bd22e817b3658be7d6
660597e19fa44d9c92fc405065104710,53f126d4f88a680dd5ba4df0c3a17a5db4f289b9caddf3399f0d5873659732ea
b69ec35302534ec9baede03e0cc3cc3f,561b3611e962e19c46c963d0e6d17ef61eb50f615b62ab6c808ba6dcef39e2e6
06b830ba3b444cbb99cad53f82684d83,34727bf10d91aec9a32161597b911432b244d603b68e9a826d2375da118e3f46
af2ff3b1789a4748a70677d5dbbb5cf3,a2be6bd3363b6b1c1300f1f3116fc0c7d683b0dc16e543da98a08a7599702d02
f97884a770834888a5f7ecb75c6c06f6,72d857e3f5a4d413a6acd115957485eb5cbc7193b954d13fcf43f17cb851bcfc
56b3a0c2169f4635b0c6fdfc78451ea3,5f835a0e9a2c19d34eea5a682eb413bae0533b256c68c6ddf2e95d6d3c6d7007
4f4b5b7e56a84551a3d09b6b3fcc0298,edc6da0b99bdceeaf56b0eead30f031d37113e8fd1825544f08d0b2b8a461ffb
169c36e6244c455b9dbe32b9e761f8a8,0715bd2b6ab4562267ba3936ef4d82870a9f355ab48f09f72328db64a25a78b7
8847c53e09054b1fa2d0ddef88919718,8a32b4cc8f017c56cfa1a5c8d528405d8c7878095ef02a165370b21d8bf2823e
19d40c6e006b4accaae86ff411eff4fe,1d2c3259c042e3a1ee9d215f91b71e752396c59a523861acec9f2816e441f070
c4df8fab0cd947ddb61cc56d14008da8,52ddcf440695bea6647075561983830645d87b8fc1f0548c128f2cba43dc3a3a
00e81d4344d14e37a61160f6b3e5058c,e48321b385b224a6060df72b7a66338c95228a1a09f9e5de0963627f251e3ff4
7dc5d2572a8e45b9add31a5ab13aa4fb,93a185a6ef58e42a57f35b2597f202294e1e44ef9af1f7fe17c5406de31ca55c
b218c4f6ca68424b9599e4d5a691bbe7,725dd194ea989f30935cb4661795531642cc174e5dbeb74a3d8e160f45d1767f
6527d6e43d8a44708a2865bdf1671e56,5e572cfeab4ddeff4d97cd1bf1f59befa2aaaf6edb60d4b4597a61f6f173981f
da7984ff63fa4114b0fc182d28b960b8,d6b32eeb6ccdd6ac41257b3d3f49a5f19f9c6b05b4882412d20f6e26ea778ae2
824869aa613a47c5a34bd860f5454335,e82f096ffe813499f2e5a2eb58a2003f255a3f03e21987b0bf50bb78ba441f70
90b57843b3114552903214e94007f8eb,1e73c58c8b45c49eea324203b270b75a104c953e1cff40ad40d1f3f0d387ab5f
237973e0836e4c76bc8bf6af15568606,07df6604a4d9aba18153ba4f4261e52e26f2677a0d8190a7bd15e9e7e73f052b
cbab6bf5a6564ff18732cf6fbdbc8db4,924f23077c419912978b21b28b74f593728084ad8411537185ab37bfc5c98233
b8cb336b9df74da296e782c0516f177a,a855c1f7a6df70a3b262e67efe3aaba9711a1ec4c5d6a363f86b5fabb7a78184
db6ac0bf1e71439f890a2d8335413df8,1862950324ea1b5c1dcbf320ae0a147ad89a9f26ca0a74b001cf54b9e841d667
f9b4da61f3de463f9eba474362e20fa2,a721c79470fb144aec9c74e18f97f0edbb3a7d1ee15ab6f6b338bde58b8ce8a7
fba612063a104f6fb2a73d54fe01883d,d3672129de92721c458ea5ebd2a1c635b21150ce0529bfdfa3bf1ee73c06626b
f79dff74c4b24aaaa3b24bcba402e1e4,f31c1807c126ea1a0e958b1694e20ed1e9a1d42850b1ae290a490c1f01189350
fec12efbd4234f279814b4761193e864,aaf11c81228a92da14bbba2164266fe1aa3b5adad319addb0925188c58593373
e97f48e4afbe4da0a749783593c69658,e23b4be1f46e05133dbbf32c156cf1217b81c26f2d235cb98a1aa4980f6038f5
aa6b43deab6f47638137ada4f646922b,2a45db9834d4425b9d7f4615278b9ea8d4d3f75af7d78cb60a39dd8d2f043b88
8a6352d2aaa542bd923f54d6282e9049,a52a3fe32c5e897cdc005bc7bc9efeb9b73b2eee2b5213d15da7e9bf592ae5c3
20e5496d392144368fec46ca713516ce,8ef59fbfe2a87b2623761121b3f4fc1839858c435cb6d2bb76f06521a71c727b
d6a838e8bd444218aa3717b27ede93b6,dbf1db1f725a65133416d3470c3c768acf9f4e40c549b04a07563fd453563511
c616b1dfcb2e4706a7244d1fd84c608a,99dc73bb94b88b7ab560c856c34a74d1a9dbdf9a8f060f710fb6805f628286c7
37ec5842afde4ba8add4c1a345378cee,db8b23a623e46d575e1cad4946a982072e0510008921552780005993442b3e02
a1d53de65aeb4d8daeb2332b42efe9ed,a87844fc04d10196c2ab4958811bef1cb3537c16b69b81caac38febd40947b08
c94427761472463ea8b577c5136fae53,d99cf9be9e0ce33603200a55062000fe7928affcc5b6e1a9b4abb27c6133413e
184639ec39ab4ec3ac039917bf3b834f,f9de2f7f992bafd53987f63ad6d3356304df334584cbc6dd8d0791dd6cab8e03
6ff584f62de1455f849c8b1a2201de12,84fbfbcacbd45bc0e3871128fdf01fa0f3fb3b3dd584c5b558a53970810c90e7
8a7cb19424764ed78b1e4eb848dd8116,bff4b6f1cafa46b99cca0c01395b540c712e20d660fada8b2e414239ec6294e7
877e7478a1954c02b6e2ac4ab87342fe,51c96d1c17050c30fb0c1b3cbc99298c4b66b8062ecf253a1f756c62a097a04b
6b601306377445d58eca3c28287e5532,8a972240e5d7b9de30b5cb6c93e2dd7ce394967980b22f5d09d746a18150b196
096f823724e44a9ebf8815857e3797aa,c63a2b3b6ed7b1a51842ec73de4868a30ee45decef8655270e7be2e2d0b424a1
d03e8bf8ae3b4d5ca2528ddf2ccd7918,749402a7e3af92c88899615d81d67aadba03e1891668000e7e9cdff2d2ec8347
61b5e03483274b87b0558bc4a76aa669,edf1264a2f5da417c10230e922cbf97e911c072b224ac254954316606e9e3950
f29d0471103742d78818ada33425ae34,1838be3b6b62db56201a9e920fc8b9e6319c231e42a718860a7ba6d6ff6ecf3b
2a0f649ef59e48598897fb4dcd1aca55,a6f26da23c3ce33f357d34132eb72f48fe8c5f24743e57c63d2d4c8878c511c9
a64388378d8a4dbd841c20265573ec77,e2f420e3ead96ba72c12215c33dbeab39b9955506454aa26280573635e752bda
e7b810adc44b465fb136c82126a46d22,a5fe4c7b80b42094aa3ee675d00fc45f9eb1e990d7c4be9cff8676a8756697ed
db086049b4d94f71a4be24f3ffef320e,38fd1dddda1932a0dc4419709d37cd83cac1679c2fad206c396d5321c81099be
993bd0d73b2842c39fea89c00c072074,709f972f9d849bb9cf018793114729e271ed16b72f37136c0a761c3263c92cbc
a795885e4f2c4da99842170663b74b24,86d98051050eaa4fcadffc52c866f88b59ee8a354eb6b4557c8661849b528ebb
1e7e682aa8854fb2b2c07fc923e68f31,0225993e190f2b427ab30475abfec07097d2fc6868b37cbe1937b6daa0fecff3
babb5d450ccc4e20a247ac0c6ea8059e,08ef0088b8a184e40766ec662e8df90d38e46660d0994adc2e89a95cb573faff
ec5dbd08c85d4a79be3afdba31ed180e,8132f91066eab2a4cf4d4176415ae64d3a708c04942b20b1fb001adf469fce7d
0a4ea371bf144daabfb037aff27042e3,021c6a776d71672b48b27a3a2e7466a179be520acf58c9a87b670832c6271b6e
ad8261a64e66470b8a5e046ced424760,12f00ad561a1d230178fdea9e89405570ac7fe4fffcc1f25a19bfe0e76261149
e4e5c7c2a95f4b3199148be2a2eba07e,330219d6434c3ce236f19f2a9b75cf0f0b4a2187462b61063a0a4c4db994de82
110078d2f58644a7a0a7a67a881c49b1,c7bd753a21ff8fcbd2b8f3cf9743abf949feb1fefd6c19e02ee723d2b0d0b249
fd4b3a303ac047789461d88c24db7ce3,d693ca22d49db2b83f1d277fbf765ffaee293cbf79eb2bbf17b8f838647097dc
05652c449a1f41ef8b3d90fc565d89ed,8c1ac4148eed145dc61765c0d1a5d1f9054c7c5e81a8abdccad7e318e3c34a83
3d782acd10934d0cbc1e8af51d821b3f,54928b8b8c7f9eba3d3885b5a3526d012d2abe54639418d5c62806dc979c73b0
f0ae3922d88846c8be32c40a563841f0,40f2bf713aaad998cdc85f1c873f9dbad88f7e42e253dac50f80564f2279c246
0b10e30137b949e69133097528a75084,301a427f0d83a36f3945941243fc33b8d4517c3aa964822ed3edf37a15317615
99cf380f6a914e568129d6e16dba8969,e7a2bb98ba926211cce344afb9cc2aa18d01ee7a0e778556406dc6a1d8900ced
338940542f4e480284027ff8c3f74822,7a9777ccc967b17b931135a9bb848fdafb4d7b534f47c170c6b985d6fe07bb1e
b8433274a6a14f2a9627ac7112b434f2,b1018dc9602c015b4086110163577b46708cd7ea64bc0e90354ec25baa590df8
9f588514c66046b197bb281b9c13e5d0,3e8de376a44e2e0ac6da7bf3812869f1ffa230058e5cf43d2e025a06a27af08c
0a35f663d76f441b9ae5ecc88df7c8f6,acf6c4ac54420f13b572b2efc308af4a75a0c0cb0ded3c4f6cf008af0edcdaa1
97a7515b192b4c959b4c19f6506a7704,61c965e87dbd6a709951fc10c9e1fb36979a226e2deb89275c84c425c60ecd8c
be249d322ce04e8e86f2263e1ea69d89,27634fab4dc635b7b15b0e1dcd7c5ed06a1a3d8c1c4d9c6be3ab8e1ba06e7ebb
ab263bfea5b34a53a2bcab8a992a609b,a1e119dc441b62f3018289b9fa93a4e880bcdcfdf7ef86307f2957bb77a70a11
661d5bc2b9d743bfbd4b5717a81400af,dc6a1340e6319ac4bca3e163d9c184c4e707d5dacc3f13bc904f4f7f4479c3df
8993728866e8435fbf6b952fbe590504,b0f6c7e7ffa7fe28b3f893f215c3202518b7d6ef01cbdcc00026fc73adb39a96
101302e6ceec49138cc4f9c83f5878e2,077f0e22dddcc6ad5f7d295bb6f2e0e4a7ea8850292e09547534eb2fe9013761
36a2a84cfe0c4bdd8188bf292ae4bf8f,74b4fde5b429ca176955c97e060adf76435d15c9c72d2b2bfe716f717cb32aad
51eb7acb0e3b4db1b8c8bc781ea3460c,5d5305485b2d5644dc917f57cf660282a55c099ab8a33f5005e8d3e6a705bdb1
b81ea9409c7141fc972983d38cac422e,fc248e516782ea7c13309bdcd6f2a754105a56ee72058170f49b09bea0bc9c87
8712ffc5d5d3404994bca6b17bc6621a,3d1d6f2d9b66fbcdd5049519c17494f1279cdda9755914f4882db6424fc1d70e
36057061b2234baeb59924dae2148f60,48cc0499498bc49f5cfde3f6fe70296e5d4cee322aa55101fcd91478efe95af0
a0e5e11d5f63414880ef954e8c6b4412,4c7f92ecffe3e2db428c7d33a3470ef2d9687a2bb34c1fb28c972ac2c3b95270
d82387d28ba848aea3d4a36bdb55f84a,1d81b860a05318cbb664d3a54824d5ccdc0a510438eec11eac03130ae0fdd66e
5459a510060240c4b4078157d009e0a4,48fb5e7c9ecf3748c3251159482f9db1a7887ec368daa88e6bbc10a6e9d53d9c
8e67a0ceff9b41d2a4537a2dbbd0ca55,6aa1102144e29f1d3b1dc6c6e5cfaefed6e7fe672747c9795dda186d45e3840a
14841e836ca84d959ec1c6b601debe7e,894d3c63f206c6c24386ccd07264d6bbde42cc5a919317e8ac428322f553181b
4b1ecc26f2ab4b94baccb5655231c71b,14c11462b166ab14c9072275989c7eba7d5c2f79d2d0489c0c79a05dd26f3a04
9625e115990f4533874197f7a0fc9671,a2295eda4c0c6263eeace1690fd67ec33e460480084679a875660b255b3af8f3
41fdd9160307447387a9ebd352e8661a,6ee5a395a315f47a1f67440de7c065706344f87287b61b0fba64b10d394c600d
79bb3abfa4e44828b3e7fd8ab1a1fe36,a6446dae46f161c24a153b86505b38338d0226652d27a847336c57f947b3c9fc
07da04d6b73d42c9ab72a549c4a2d164,5d4cc76a10a116827ec576397c6ca9222d6aeb99f6c8e5df9bfd54e8053b9418
d904529816df4778b6ed73454edb7a88,82cf0e32eb16970d464b9b783b020b4f0ba749264a6b4c3f6abf7092d1ab2c62
e0fab384f77b4d4eab5f33f3c067f2c2,2d1382d51d2711288e9259219b5a667fdeac960b7351a652426aafc7fe51337c
997c6d7898e8411da476529bf217f11c,23349394b984884d2fcbf20d5b76e20a93e57210e7657079a03c45e9f7088a22
d451aab3d26e46459ff808749c64b2ff,37be7ef00230368a6c1657696c96456ed735dd6aef4654657344d3be01308744
1dde9cc33d7b4fc0a5a39b8a6dc44b8b,927c8baef521165e51d9e182fc6c54aceeddd9d4988509f0093d67eea1dfeb80
ad85fad709274b24b0347fb994c66671,79d86f1e80eef096b62195018e50c962bc8465b289bb07735310ada7e2f22067
7d9e79251b3740e68e6cc1f47a47cc18,083a3bf0a9a74e83d5e6faab079cda62a5bf9c45f0b937e0aaa3ae21ac3d9e2d
31d806c2a6d1482f8a03ae708ef50d8e,e7f45a5dd9b066e13afe79cd0bcc2d091c70a35ed228e17c6377dffbee1719db
0a1335ff176442cbacb6f570b3f4264d,e157155df4350628c5632004cda7ed1d7a0dad0487a52d8cdf5d52417f5f044b
64c02454194049ec9866c3ebad883b85,8a44f30bdb35a9096904259152efe89fb07934559bfc973899eaeb24d0bc73ec
696a4f8557b54903b61a7db008ff3c20,f5251b7822b50a8d3758bf31424b2b7208d7ccae5c910467ca305107ac7e4607
cfa1a1d4fb9243c3a29945f06355965f,fe3896f43db5479ce24632d51f040922f59cb4aefe9e3ac14072e01d5fcf9f42
b0aeb987771d47b4b8e638aebb285000,aaef36a1229a4551859a01d29ef2fc6401e53d992300925f35dde45104a9117d
2589ca2cd31c443d8bdccc7ef0a00f0b,3d2487b1fb6bc3eb689360e983f214e4bc3c809c6331e6c915ede9f381315a13
9de49c468cb048afa314d66a17e53b29,560c6e38b82b7b12b63ab1ea90fc6831806c483fc63c273d658601c76753f89d
501aed3265674affb99c67ba47c32860,00df4bc7f0b9f568aded0e0fb5faa7ca3099f95201840b74348c1a47c2c9b436
92c7f7339e094ff6bfdf13e8e4343d1b,4439c2deca8c25b1d353d1cf8072a0a5c9bf99c4c55a92c833f7df3f4a521934
5a8c285048144d6bb9a81893fcf569c6,677ae7341ab6ecb4340bdb82364e83c1b6edc7cd96cade81524bf3a557c642a9
4f384055b3bb4d16a87ca432d8e2363e,368d98de8402025ffbeb84626e068d7d140399b4858583fe49ffddfc46f3d9b4
80ba505e8f7a4023a60eca0623514dcf,1b5a31c66410c4ec8f14f2b36053295a63a0b122911695ebd08e0a4711f4b2ad
53352f3eec10464ba093fe06859a224f,665cdf62d74ff6c01429ba55b075ba655ccc168df1ccf1a30303c66d3174becc
e77ada08e7a043f08936a13af30a12fe,d526c6566824e1a369bc59b7d7ea1172b57d67804c8649baf3264aae748d7cf9
9a1db7a909af4073a0234bb90f4ee595,6275dc222bc41edc725161ec29028b25126783c7cde83ab331af4fef3f6d87cc
33c7a132a5ef4e00914fd427d45d2af1,59a3552afe38a912c2f7e0b3e11f92f51c22dd632f6beb5e3d4677d2f556c4b3
b048da70825148d79a667d132d2ec8f5,644283a01ddc8c7a3dc037e6672b1afd455efad35c2cdf102a95d94770bd70a6
b455e41269634fc982e71ab9733233ae,e713fc2d9ea890b8791dbd8bf4edebc704e5155fe17ebcb150e59fec2a6b56e5
6f10ed306e3847c7a5faf29b1f4fc79c,20c5cfc9a8ec3d5df380bd749dd0e9c4e8ee5add1938e9824eb51eb424ceb57d
74e27758f38146f9b2af38e627e2bce5,906b1fe6645de35095a60f879a5e1673774d59ee49ac8d45471f023f6a84c52f
4ef001a9750b41888e48b3d30a24e056,3df4ae927cd8e052d5e2385d8e20bab91afe10418ce01cc6236b17c24d0ab814
caa04e20475240b89f58bf1dae2265bf,0a9cd13dfba58431b067127809eddf350a5db036950002092a6f21aed2cb3000
d6854111b9284488bb2547df646c87fd,57220f881b2b1c35f22a26064318a8e1273be6e7b5be41868dfbff77d8978c06
aac4481086d245f89800b116bfc7e344,1bc943c26da3cae52e5ab6ea7be4e5775b672ab41a49b124f0d75fcb6e13b30e
ac666bd0bcf744fdb10aabf6beccc894,72c2dd0526882dc60d2804fbb094b123ed05f4dc89d6bebe41c785b797a0516b
8d3486ae639d48ec9fdc46d54ae63df3,2261d2ae583ca22097c968d59d4ba1e3df21d979d1e42b8ed5119dc4deed7776
646f9f00045c4c95998c909ca2128fc8,530d560e719a893b07893459799a0fd8b8be95b7f51939c3121595a88ae04a7d
e4ca425f6eaa49dab2355ce1197ee7ec,78498c3fb0bcc8d5f2242fee78a1bd2412ae384ef41c0273b56fc1d7bccc2eee
0e3f537654dd4b0fa68565954702406d,184f97279b8a35d73f2d74c88a77c760833bb00846d651f3a0a6ea43b671eacb
a5574ed6391d4af4854618c8e02296c0,ce72670a9dda805cc92b03fb1cf6d5d6a1818a0f80665831325169404f22f9c9
1cece9a7b1a4487ca7740379513607c5,6647ed43c3faa92f06b7059ee045e7e805e7a6b63d0d8939b8eb4483325b2378
d78e1103bd2c449aba8b346e1f35de6d,f68cb9bec13d2a5d878fa362fb3d31d204b1f1a90c21e06aa9145f60ffc5589d
a46bf43c4c3f4d6f8742c7a434d8f795,bf4ab7b019272796ba492adcc49da27db2509fee5b287c95affd158ca68855b3
b7a6ec120c7b44f0924e878c83cbc946,54954e7a1847b258f0b82ed1daf496f69ef540eda366b03643fc4d15236fa46c
4c40b22d95ed4cd397c955ae9cb1fc6b,046c8f91ae3ad8afa01d5f588e8a378a208d323d6cc2ee952a13dedaf36d81c9
78f828b092794e39894af5227b9732be,f73137ac9b632052f6acd050922c269f0387c40ea6650fdb8a9b64671caad54e
5738f652c3e14870bca1f8452389cb1c,c4872cd9a8a95abf7aff414fb69f46ae84f2e9dcdde54158e8e450de084ff47a
b5fba7742e0c4e0a9cb41d1f42b576df,d44a0cd1cd41886a774484827c99a8ac0cd6efe6d66debc6394ad6fdccd08db5
bb3550d3468c4098ac089d4eba7ad7d3,690a1919dd076c31ea02955c0b23da85bd47b8496b6bbb53e322448e3bb10e4a
41c37fd5f93644889b427e32997c5eb1,90b57f352907a0d80f20a5afd8706a574515f1c62f889aba1dd8c3bb5a623ad7
7a0811572e4141baab1a3763df77b0ea,a4bd33e6fcb32ae7ad7954532fe6d0f0fa15aed71814d477d04037ff5c5df0fd
f57a13218826490bb991d42af50f63f3,539f1be9d61a565716368bed3a91d02346eea84a0e06f4e5cebe06849e570d98
3f0536784ba1423397773a6fd807978c,cb9b9f127a0fcd53294b7ed209cc67173e7dbed5ffe8afa6b9418c4d8d3c1f82
3c5ece63af784450861158301349565a,84cb6e3253ec32d5e4da905a44d74f246c893c66b4f58c177c902ff7cdc84e10
e502fd96f31e40109a44831d4166612f,8c3d47d1dd7fe82e70dc49c98ab0615a3ac3c80aafcbcea854492f8f842e8625
8e264eab3bd04a569c95d41efcce7cfd,30742b37d8631899bd5d65a4852045692c813bf41274bab21fb792baa071cb82
d3028ae9c622430dab0f57295cddc1be,fe139a7417e4def612d00b2b249ead7e5863b7b798877f5e0ee7eef09df51b2f
1efc9614a8a2488d8c9b08bfb4275412,12d859b6368baa5ffc389dc293fd4509de80d47cae8fe30a6e6f3516a6c8e048
0d909cb0d9584989a5a54fbce9128386,3c3099fdfa6042d551385c31655eedb941239d6b7a915a1db39c874b1010f213
fcd17405092948578ed448a9849db4e9,3cf8659602cb61a74be4ea6ba60f85c9193deae0f95f088c7ea1e8fd636da662
3f9a7f851efa44b9b84a621d84e78149,51109084fcb399495dbe617e5f0d81ed666c7597d9ed95bbbd422e01bcb92893
3456a6bd11ce4f1c8b76a955efd81693,5f0006737bfba629e926f871580eed86e12f744e24058b5e005d4492d8c26d14
1dd5d6760da14d51bafd65354f4f3b21,a91bdd9787edb3f14f5d642e348388b5c0fae2e3c15cef4b6a657d3f19e27770
6b119c4adee4462e8aea60161f421fd9,ede1f8c2c487635bc869396604725ecab9f994c86235f3f2c0b9b795bfdc9164
eb93ef1d232642c6aa577fb7f81099db,6e0d79a11e13b55e8d85dd61041c371a8ef94f6262b885082663e3fd8dec75ad
c533d9ee689d404c8ff6fe2eaf1b5c11,461c54da78ee67a3eb4173b67471b4d92d9758ccd15c35dfb2dd3e72e63b9904
bc94725e5f534cc8b08d0965f3907d36,12d18ad8cc97cd0b47cc2f78d161ef9ed5c9b90355a5b0c9645674e6e120a239
d32227dd45d448928b613d4d47b3122a,18eb5806afbef951038e0cd214b77587d059f8a1d9215e17d3996db2f3228830
6ce63a9a60da4724ae15d6bf37434d0e,67706f99690914926078d0d045e1f660b6f2fa21dfd243e052226324062e42e5
6a158c15895b4549bf133a8c83aa1bd6,94de678b5453ba2ab58e8ab81a593f05789d5be3b1a251fefd302ba737df0517
66bd460d425f44608ac95efbbd5856a8,3124a5ab2028b4b4bbf16e8492afbdcb8da199a0202b5644f4b3c05f4ce7a38b
7661ee1ea7024fa5ab0725df1f06ac71,ca88d7f27d14bfd567359f305e78a3a21e6ba06293e69673e94148242d57336b
bbe420aa7d014d56a34130f2c08345c7,82a0c2ff9963f24c306b0d3231e541f1e24aa38bd7344486078c48ff028ced62
441be946db62435ab170144fa6e26b7b,90ca0ad953b37550dfd4eb1294d83e43e286aa28fb08bf337d8769278e8dab6f
011dfc5653934c52a1ae225e3c93f97e,401565f706cd9fe087ba91b2d00cf3cbe2329e45676e03f69010ad076f61c7fa
9f7db1af4150429099a37a776efd5c51,2be5463327ff6f054940f03946ba920a43620f8d713f43a9e7f5e3ab6c39dfb8
10d8c89daa8c4dd49831f1d1a3762471,d894163c2641191fba2e6ed340efbff26e1d5b907c017c0e070e4b7210370161
d2c39cbcf27b46dfa29e8da18096d8f6,5bb08ad517d56766d84942812434c281db8ea63e2375cfd3f01eb3bf867324a9
2f05fe9c37eb4561adcd790683631a06,1c7ce490e017961b965b37c87c4618fb89852f243d2557faa2a073e7b1bccef7
eb899fef95b945d1946f931719cd615f,079356948eb16e5d570e19fc7b6f4798f5fb1f429bf683e7ad6971a917f17734
73f8a38a5b74447fa8c4a4a21bc95c95,1a1a73bc0c1bc693b653c14869071c48027bccdf70011011429e1494b6361c94
f5c6bdaae543449bb1b98d54eedfb298,a8773dce6850d1527df46747ace664c407e93d26d19670e6ec1fcebe0a357924
acb9a521560b466a87d3e10938b78cbb,ab8606d89957113c93a1a8cca3f7105d26c60526737adaef5521c3d52a367d4e
c536991bd55343c3ae06171ef22259b9,1cdd81bcc261107f61bdf47087c141cee611586afc550dcd04e4f63472d0fd67
cc9ca98b021848f28d1d2c29a4a19174,b8842e37225649fe15b7b5f805a716433b5f5fb7b842c8f69d9e0f26d2cc7d71
65789b59ed6b45c0a880d99f226292c3,d5b427deaca28c2d2fba884958fedd48a89b569495c92bc3d9c34a087189bb7d
00ecad8959cc4672bb5fd00556d3328e,bae166246fd97fc7899891658d721a7729a5a804162499ffe691428e0ba32505
293b75e3cc474543bf8f0c083b0f37f4,fe5d9f562b6d7a8bfad5e296ceffd47e8dfa1b5d05d29935f47ddfad709ab842
8826e8214076450a8a3e66a33d0e0a7c,5caeb5032bca6af2aea3d9833cfa1d1371796a992bdc35e961997aee3958af54
e4fe42a52ae34351a0e68f4cca2c92ec,2ad4ef0a956815a201f70271a8fed17468bf01d0aaf92e61fe765ae67eb777f5
b227940614c344639b3e35895dfff6b0,d0ffc9779ea109f23af75dad9fde4c8114cf9022a31e1cef07eb1fd1954a20d7
fdc2ec1d2f0943a19d26a5d40da850b2,d501319c87fc6244d44a435cc0003b59ff216a1b89dabe834e9a2514ae260e7f
56530142d4ce41f385b629a3858defcc,30fefbe816ec3c5090748df4247b6c68033d740a196a70db0e082632415fddc5
a932553140244e7699155f8f71b18161,b1a12cd882942bfb47524686cdaaf7e6d6c27cd27122d8fea18860c3d0fb28b8
a2605c97100b4f24a8db4b5f121d4cf4,059f42a7b47d6f384f7918918338b5ff06cc642c353433d97b4fb898a3b20349
900ec75f2bd948df883e78a369e68bdf,6f80e50e5e20190ed54b1699024b7971db766c7c28ca51a52294aba4eb3ce73c
f31e85646803443cbf99041db6427580,049eac6eb66da549ae69a7f758a7f35c991aa1a3e934e061e43c818aac5facc0
764d3773f15b4e3c89b24596066e6652,1c9aa8808221c9bf52c883e18933af7d37d60f6bff57db81b5bab105948d0d29
b8b48d73c84f4c68b57946eddac3fe36,86d5887219dfb15041f8bfee39688b480d258a0a33f1cd22fce4eba565f36791
a8f8a2018e82403ea7cf39aeab64e8c9,df1c0f3faa8386f494cb9b6b0ea9dfa1c7ccb32947ca9f4fa57bfd7d6f729d5c
180b67bdd4d146858600db2e340b55d0,582a4e55bdd88baaae86f2fee44188fe86abbd819f576228aa7819f856c8e22f
21da3e591567474782dfec94b2bf4b41,dec9b5a0d35140ea0ed84c10494f7b927dd308b1e4bec4eae3b35922c07e75a7
d7aa1a6904ea4c4395de0b9c1a9e7f53,6c471c430d19b49225bc42994527645f91440b26d8a9d71258dca901890c4e3a
af4e66a41d1f46fcb18c4c791ab69273,b7230569e5a7d6a65ca0fc185403bc819ecf3e9a75ec124c9f477fbda03c89fd
e45817aa25b043cb997fc164fde9430e,ec0041d10e3719ac580a4140a184d05411ca9e5bb69199c1c0ba7c6618063152
ccc637e3a4164519982b7dbd870a8777,27ae326d3626cd453e975ee5733ccc915e48a014114877a1d16c24d51e513105
57b19407129a4454bc78c30d4835a8a6,76f4e25b7667b5a2251d86b3d184c518f6bb0179b82f3d1074d933d5408de4d9
ed24d1ad5b474ab1964f039dff2414a2,65c16254e6ef080071eff2ead565130bd90ed80f40d48bf9182fca6780720e12
cc2719399fca4dae9716280dd580ee90,0e134344d734446cbff29e9f3e209e0c1e23909c8ce8ccc4af91fd905e76d792
e7524625b3a04006ac4aaeb47ed2d3db,c1c4dee3d182cd1e63155913f7e7feea067f405a122a3903a098201ec210a94b
232bcedf0aaf4bd1b8e75629489a8db4,3f0fc38472bb80d39a383d2c1044fed4870b957ac096b0d5ef0942a7d3f28bcd
9443d982d124446a8a29e027ddced3fd,f3c2163bcb8e745e7ba4d29ad9d0ded48567720d4f1772fa9c2250dedab07626
430babf8c77b46a8812f765f9afa4696,4631737d97cf3ce28299c0869307173127d127748e7b2377cb2e56451662f1a2
83371b7000274bf59a54800c57242431,ca037e19008b5e184ad98599aee5972fd78bf0ebbf53a486c67dc5b4ae5394cd
e36ccd5413e0435fb4ac1909aa629723,41cd8766c9535f0259c95e55687f4189d9e6d7c719919bc0e02aa296ab2297f8
a9243a4cb0d442b1bb72fe6f992d41a9,95a5e02b20e10400dc4051debe138e76e8eb0a9e6d44babae41a8b269365ae11
e4e8273ba4fc49919097d24d5049d9be,3a13af369e6fe3c88a6005ff043cba39b35ab8af0faa00192adcdbcbba3e6aae
4f3ed1098de4429c8eec9f5292953c49,7e261aa450dbbf8c24ceea9cc07c9c7dedde61f82776c10b29db6f702fa19275
03792f6b59814e2bb9beb026d29ee24b,0244f418a849dfa69cdb908d9f21745147da041eb0c04dff594496adefc8cbcc
70e4c39b6cca4bceb92eeb87a1bc8d62,c0ef9525bb2e72ca40d2080b8de2554e65a4c70445b542e99ce3f24d9a0d1c78
4ae52e3bb4fa4ba4951a0592a56bbb69,9524edf594deef13d9289a24395311d679106ed992c585b08cacf729641d452f
70417cba45b3487a9648fbe89abfb92f,dde4459584d7e9245393cd86e196f68ed7ed99897ba371d307c5fa6fbb0b8d9c
f66d0a87caea423ab342f6f14074e558,f57a1e9e63907038fde50e37ec424c3f2d0cfd7cae3c793d44f7f9895ce047b7
442748e2914646c7b98feac9b58c002e,294f93e6564d231c807121dc65d75016ca1ea1e1bd4d8b5bf5ccfd3a89b8c78d
ec9d8b010fa54c838aa3f097a504e01a,0111db1bbaef0a0d5267b4aa5c0f8a394d350b61fa926c8c6d981b12f54dbdc6
81128ada68314e33a53f63c2f292907e,e1b4143bbed402b25b0760c6a02baa9e4ccdaf04e31a4c031a5953e46a7fdf52
318b8828ccbe4a1e8457391cf0af41e6,e415f48540ccf8a465cc324f95641810c99ae643a4e2e5f8935e0f7b96f67acf
a7f66657a92449fa81c4a03685fbf6e3,8a985ef184fea2b0bf39adde7802a24088c9da8bae7fec41fc5b37b47aa250b5
893fec64964245f7a62b48b1a543b228,b2e45de59467298a565443226b9e478fbdf23332287dcf144be2aaf74c701ee1
2638a8eafd474279b731f99b23ac2130,de793e62c3c66f358a83905fa05644d033c363dcc275146705c15a4ced3a035b
ed397c7d9b9e4c66a4b025c906a98e41,14837bf68b76a898975be6922c758b469564077ba9c6a0a7c77f91be27d665b5
23499a22509d43bebd9b3d065982253b,6907a79e640f1b3b3fc5cbfdd56ec70af096b6415a04eb3e372b7014a4a0b74b
aa1c4f3b88a146a2a144de4d0193a4dc,0eeed1e1babfb70d3852644a556c7f81a63546a84080e1920db3a5a7df1266b3
3875be20b1b3403c9bac7eaa8fb9f077,cbc68a113feebbb5921223e6aef046c71a455d64779b9df4afa5ed0f71bfa64f
933695bcf41a4460a49dddd542881f54,f3293329d67112fa4cdf291a98b40549bc6f53e93b5eb5d3ff297052a63dba3e
ea8b0399dd4a4d61b679b8ec20fb8c35,2e2d0adde513175ac299f9649e21e5ebc8d16c096de401999c4b16acdb375074
4aad1a2f986a4689860483b4f40ae568,6f9bc8410776044c7a5ab6d42267bf2d357073c505010ae301cf0e7da4092d0d
b4831c5b87f84e16b8fd5b8359f4ea2a,da9220f34dc7ea4e1524a43fcb990ef56a80d77103db39b013a84c62b4e56937
82ed1b20a0984b31ab08e6460ab40730,3d91eb13385df389a1f67dae227dedf3a6acb0cf86d4759aa5be769eaf8bf587
8b8d91b1c9e94aa998ebe35d1573fb45,abf69217859505aa4c8d2fdcada30771694e6b0ab751667ded6f9e33b65e2afc
0c50623f24a44ca69471ce2cf8cf4bec,5994e6564e6b2667c62c742df33fcbecf2534b3c50d69bc08417cd43962ed3d0
71871c48a1fe48339eef19e7353399e0,6972f0848f9d700b619d0403580fd6fad52c90e3fcbeb518412a1c2a68c52ff4
10331e1a071b4450a60bf42879aa8ddd,f45aa9332d8687fbd091cdb6d8656c55ea9962f98a10093bab59dc24b468c643
38b363aebb164089b57d47cfbb9fd5a1,203af4017c1a8c8b4ce7c1528dfe078a4b0d29630f93cae5317a3890364be82b
6ed86b8721344381a8ae6838cf1242df,fe774b539065df97a6a7d08de8ca2bedccfda3dcebff59fc3d782d7686f067ce
167064af39f44193b77457910ca58f5e,22ed033659dfa93e33effa74683e1b5f3cbc0ec8703538db44cd1f9e3feddefd
05e3502ad45a45ce93e1e1d0a9dcf9e4,19bbdcf80a5262c5856d84ba5667f4d6139076fb536cb8bdbdc30102203824eb
837ffe14746542818c5edbdde74723bf,5199616368d58b267ebc6f0e3ee79556a0208a50c127064cd346bcd6c5daa0e8
e81ff9a8a7f6432bac5f4ff9ec885b0f,e6bb8d6dc148cfaffb13ec93d597de518c49b0cb8ea7f1abd98407cebbcb3351
18738577bf154bc7bea1e8068167b4aa,8eb88128fe73ffd797d505e49c87d875269617d75aa5846ccba33ba01ecbfa7b
be4fa867ec394e1f9a25f6c6013acdeb,b68daeff47e41a66705b6dbc608b24ad1006b778293e3596f4a31d6a58bc880b
f7f7155b8aa94b39ba28183dbdea46bf,bc7be2696a1abc78d3fff3ca7c2968de06e0bb921c99c4fa19783645ff57e6b8
858be1ad042744ea9bb46396a491b3a0,88495bf9f65ad4af3993664500d8434fa5cafe71b0e3748608e590e46201e117
2ab0284c353a4c01bf10bacb68bb6b76,c41d210776081eb23c8b31186a871146ac13bbc8e5b22979433b959dda22bef6
1d614caa01c249259422233ce9e1e283,baa59117bb9c21705b86d0edf8b74ca2a1d6b3ea3cfde287aea134baefacaaa7
8bb8063ed9194de88e0caad30577f8ac,0a6d07934dd02314be878f7980c1583a893c0f1ce56ea7d7833c9c31cbd33d63
cd77c4e94ca24ef8971aaf0709611985,ad95d4870fbc4543ddf92e8cadee40563063adb488bd61e85ed3221dcf22b408
7783c02f74c54345a2ea231bf8a5aafe,7df85df7bc9e5f5ed2bf35ed7459b1cb8f88691d2a8f25fd13f03349f6e4feb8
59703538e64f42cc8adf155a95a90fe8,3f421d3bf29f2a5e599d87447e52c443233ac20f8e805f59105a650ff0df2cd3
82fc4a23df174d159cb322581274478e,665467c65100b84c0236d58e851169c900e4dfc799a2a466f06b610775f38445
08fc8a526df54467ab515920cd872284,17933aba0f5e754ee070ce5a978384fa5f82df6ca10e13afbde9acde15542a81
c9345f021deb436f84dfa3b36979e354,99a1a186d16c1b5f0d73cfacb1dbd7d3403f415694367ecc90ec98416cf79d97
e2e51690bbdd44d2b23db06932d557a4,049a9b45f3cd937a427f3078bea2492028b3b01f5fecb780734a6305174b27ba
122126467edc4886ace83d3e9fe858fc,f3e89892af6e01225fca809e1f577b4b9a7e11ccc88aabc24c1d9cec5b4b6f70
ae9feed8280c4f3f81cbe63ddbc63a03,9818a27c251ab101ecc9fe5a0c918180e00ffb9e2ed51bc87fdc61da506bf70a
bb48931887d8448285f25ac06b398cdc,1c0a20c12a3c414e5c4513376f2ec4c200810316ec89e32be96ccb156040519b
97901808cd484e06b3f0f1181e255d5e,486ce2bca7d4e5153f6a74b7791e1dbfa4d83a2ffa3b2a3a41993b6cb43a3327
95127f7fb4c34b4d8d4e14de4042b66e,c3cdc590bf87a145b6786f2761dca055ba3bdbd804903269a4b54be11b0bd1ba
cfa166b10f354479938fc6c010ff8f83,982f5a4466ed3b4d390cacf42730a7ec50e2bfcc1dcea640b3712491a0207e9c
925bd5d745d24dfc9ff2228b817c413d,7739de05a68dca36091ddd6ac7d9c1ee09146611acba89044f103489ef517299
7a0fceba51e04aea85c9ced41b5aff06,32be71af0aaf689cbe92bd110d4d131d5c510d54d38379ca041f514cb9d5a850
8b721c2f56104b7b8a859fc40f387356,952f0944ef1eabeae78974ca4536517f8a2b0fc5e1548a113277a78173f1591e
4f183fd68d61462cae5e34cdc49af5cf,e748ea1ce38551ec744b3bef856a701d8ffa06bb781d1db25433463bfecf9341
d12003279ef64190901f88f04452324f,6b688f8fd4b964c1951469e04a3380a6eee7ea82474ace666ebf23a71fe51123
21451b6ad26945eb8161292d877664d6,d362b657ab3a2e46593963a87b8fe8f7ed8f5926ac1d54f1d79e60d7f6221431
495627d23e8049a5a69290d61969fa02,a117f5bbee46abed6998e0cf337e0611c6909f9458bf13d34111c1a00054fb3f
d71a817e40844ddf8a89c0e8c1e81f8c,91eff0fdf12feda6497e3abe77643ac364c8dfc1a28c5aaa706f3d797afd407a
4ddf66b867384deaa2266246181d6950,a515250272e6bdc8ef3c0697cf4bee51a7c5165902a385fa2143286815e28993
a9cd8c5ad8e04a7891d0b89601bdb239,c3740f722e48c12483695326c37112962a5a4382a96ca214145537c71097e345
7684a52d08f64fd3bc44eb3734b48e10,41c1bc631897fcd5825de259d0dce6f0a3054be06a0d3bb8041d75e84d10106e
db78e4e7287b4ab3b5412a590949f54b,db52057fd179a21379b95bde77a62f6a0223b11e5828a4d5d59511cd1a14ca95
536e830254d1451a914131e9b0e47abe,19d8486c5a59855175ac9886e534861aef701aef3a57ed15c29b436764e8af63
3ce2e8b5c6d244e1a055f522b8c12015,61678b4bd647dc985431dabc14484a5f02af998364a1266bb25a8193135f0ac4
ebf89a0da68f443c805f1e6432275e27,c08dc0f1035cfe12b54eab6df60cfa52c76b493b715e9ec5d5e83bddc0ef04db
cadf074251d7460c8f6ac5c12312bbb0,8a7b38847a800919f25ffedb79c599cc478c78cff6149e9d1c7c547772517ba8
ea161049eee34c658b5ac72f2c253359,c2322c5a291bd4b5fdc8a5328ba987f3006524b8af914ba3c4e2b33c7073c701
3ea4c14e86274aa99d12cdedb0a96afc,f380fda02c63840e3d019bd757dd776f32737081cb63ad2679a52b88167f5622
027a156303394e04b8a80c537c43b3c5,05a4ce3dff7aeac0ddece0b7d29ee88f90f33320eaf67fc30319da5cc06c0634
f0173cf4a59c433ca69d5a1f46db0f04,7929b4946f860982630823b53a7a4f4b445cf1f9d7106e1a09c3c39741e4acf2
d9f5041297cc432abe07001e48b976a3,b66e3a9f5bbabb2d2e41ebfca9edad7faab1763712e79cf8299729bfe595112b
cd778eeeeedf4329938b541b9065bd79,e3eeaaf0157ae169621c72ac5021d3604b43da442e162a86aac6ea59a486cec5
580509bb900a4b22859eac8f085df5e6,35b1514d8d10c7a98dc91c902a4806e61f1557bd52228b80439e8cc0fda6af31
6c137a20365e4c9e93342c583c1b264d,fab7a4e66e1f323372a0446037cb68c7ecc10692471b9786e60a0dc36d542ae5
9f76f38d0f8842d18a18d5ba592a1ebb,1279d98b73ce4ebd809a6dd224db9e8281f098bf2e6921a83645e10788ab19f0
c49ada51f9804e44b83363efac7c5f4c,484cb9b747c140b929688cf8de5e674d8c0c5350404ba84c70e98034b786c4eb
2e7b9f0787754eb7811e0b0e9a9608d9,be36bf482b477115e4e82467854c9d00b655de270ec1d65079e53b257b0e80d2
4ae6653dbce54caa80dcb13bb8d48b95,3f648514272ea8f5b7c57ea31da5256b76b168453b325a77ecf7c7bb6dc00e7c
6253b6551aa740d1975cc0d8597adcc9,e67a8335b8f940cda048415d3c155ea3f5acd25fd039d0a43af61dac524ee89f
6baebae4e409447e95999f3c67752eb7,64957ea457bfca015cc5efee0135c89ad4d7c18e27b50c33a7fb89ef53fac676
f782ee6b76b84ece9ebd48412d34c738,f55507262c5053aff3c8334639daab82bf6a1a2a40c6ebb78933c9b16953a6bd
e38ae44aa20b4b5aafa7127260e20cc0,58bd5eb7e941a3e0f87e00b2c9c27704875eb2bfd69b4f31cc00388342326f97
762d42450c514e9fb01b9b99686e1d12,813e28c5673b566234ac3ca6fee9ed02fbe75a2c60d99188d0f58648e34b797d
737c537e20d94f2b952b817230c1bd4d,13aabe6174383377addf8f9cc9fcdceda69a44f2b5696be368086c8e652cf3dd
2dc57b2b0ac048a387312c5a19b244c7,39251732dc46e0359af1cff55a7735206799ec3be083b12b064ac7597a951a54
2c8356c48c7243dbb7cb1b69cb873c80,30f521ea3f15044b230b565386a21d4ac2144d948c5e287fd466347c92544217
6affb6c246774c4e87e1b938d0d38044,8769348da45583b33aac85ead46598cff4b44ce426138e454036216383a8729b
08f31a860888411192e9e00894e5994b,19a7dc13a25c5e9e3a362388979afb5e12af5790dbb971a881f6332f7343d8f0
b8a63ed15e894b428c1976c5d9a30b11,77b95866299f5ef653617060e8a724eb6424f8d8d26ee640059e57f59a2764ab
e0455f729cf741dcb3e71d197f2f6e17,7c56c5a77f21a29f0269c316595d9a511f15928405d9307da86e4aabfab8fb9d
c804c18e02384b72861d83dff77dfe97,6e11545d9099409ca21d70295e2b77c39f6b92d706c985683b6dfc150d117116
75a1e16e61c7415ab760a3e495e3dd0c,348a342d58b4146a291216e67970db514a82767d2e2bae1b5befa646cf91d7cf
701d23a982354e22911f7d44db1210fd,22af26389215c98ee4cd2769499f8cbfc86cebced944b992a8da37ff285646af
4166847e90e846958a84c41855207a5c,46f22b3a2ea183b2e5b2bc167e06d2e496a9219bfe188bf2d80c54d4e87cdc72
bd0098484ac04c5c889c0c0f65c1c6db,f4a8c1662ef3431dc196bc15b5a273cf999715c7cea40988199924edb1f08758
ceef27674add4c0f9d26cd7c1d358457,ce5d90065aa4ff59d22a01b9c734b56ca5e692c2b5c7c30740c2c81b8f3b9813
627d430036e2487892c8de941be52262,b8b560a92cb600fa8b74c49d393f3959bf47fbf66ae2792af78ac18ac048255a
ea4e92708a49499fb95e6e86c6ce70c9,88a6a3e0b20bf6c0d551da7dbba2b3675506fffb3f8b448a9b88daf0d8177b7f
bd8a458e8341452fa58b3d95493ffb07,01c801ed10ce71cb2de51d961dd3ef1003fea07cda54e0b95dc8a2403bccd02c
e290977ec3484cde9e3dddf5c5b21591,e269326b32016a7d0984de38032dcf8b73b0d4342a7a936e2851ba41f715d7f3
b5caf1b98b97469f81b10a7bfe4b2b6c,380814c7dcd666151246c387b804c082b100ff5c67e740209ab357d14924cb0d
b5e5fa68313647be87f362cbadbb7e89,1ed1dbb4a0087402abddbdff9f687240c267d85dc324b7c1fec7eb8098d769ba
ef42268d64234d0bb5d65ca36ca99b64,988eddff6c5609c2ee1e1522bb4477492a124b6235fb4531f3f9aa498522128a
3cba58f97d6e41288f990f218df15363,76069e822c0d2c55d0d966007ce9535f12f17a40151f8e7754087d12966c2b7a
f2886b19dfa843d5b90da090e8eebdeb,9e7ebbaf0addc4a7e63d088a8793839dd9c058cd744149f441fbaf79ffa304ed
2d3201cac6f24cc68ed53da8529216c2,27fe3bad805f85c4ab575313ebf14f2e348f5c801529622ad51a3d3ba3396f10
1e51fea0449341878153f14013ea541f,9c024e0aa5ac17a769f9bfd0c702e6aca343ab57cc37a6c36517525743762e5e
70ad4493d6f047df95cc095aad1e90d6,b28e1f13cfbd81f66441768d8a8acb12bf7c6b285522d0885f28775e11a5d5a4
5bf9d484acf1421d97b3a71a4f3612a1,b88017378af7237093f417fc3e2076f7d558d81fbd816cd0d579090a9ed63222
b5b3685838294a309f5f130204349cc7,1e4e838f413046240eb04cc74af03f37fbcbce19893914c71f0fb6fac7ee89dc
65deb1d82bc544569d8f1a48a46a50c6,93010e376de48fcc1b4eca98eb69fe79fc5f5b61992238e0c377eece7b439bd2
906e7f8f580f4bfdbf22776eaf0a2b0a,4299c2542e839802bfdd612f37985fff3485a3196e58d77f0731afc9890552f6
84dedbfcf7d14db6a95a028b53a702f5,77aef8cac7d6b931ddf3649d19f01a0f17c543e1dd21e0a327d6b46d75fa26b1
bbd6c96e584446d3a6625b7f8a2d090f,17531f69e5192aea6b913104a9f63c74f53640e9a1745fb0edc05975a28a94bb
5274a87166e64fd69adbb26ad628bd03,9a4d6e6f201436225c0a4bf5d7ba2e784a936b84f3e7e8ba3b62b656d507f9cd
75686e8890a7404a9f0dfd16d351a0f5,f929f39d56ffb8ce2786fd342a335f085edb6db9b5816811f3a802cf8119c37f
bb26dcabf3d54595be4e011691f200d1,4b3c8adfcf7a7a064ef5e846016f2d112f03b49f533ea9d91e4f51abd8e7fde0
7f642c383f734881ae33e122bb3984e0,6928efb233300f1acaaaee0bac78aaec279c4b1e425191131d0cd7a588ea2ae6
1d7c64b9bffe44d692a8e189de41627d,daba31d1aef9fd91298819b6302e0f16fa49ee1c1f3b63c1cec64e8e89bdb5d1
f7239c0c42104b8da3d67cb763939fe4,61b7f4d841f0befd7d54c9a781c0e206f947bd1810e3048d7ee5d31edc780924
60c2ba0c0c3b4345bfd7058dd9188d1c,dbbc67c656ff5368df8b9e23ef39a35d4c1d7d4e8ca04d8359069c4bb9804592
e6599cb9f72d495cb0a66541fc9aa9ef,ce48b632e4a5d3cc1ef8d810368cd597202b51f68c8400e2226b56cbe0b22868
84baab164fac4ca78d1b3767e377f9b9,55ea6aa0e3edb563b509362460c5dc5ee70d5f4f95c77848cc186b62e14ae2d2
84920a5e60c545f7a7362c5b6369f9e1,5fbd44f262d531f80d5b1e843d48ea9d81c77810110c550c5a40a4a83c4eada8
9907be2bd4c74cad85bdc3ef45c13233,9c786d5091148852cb57032ac87f6ab9f278c1752415a71d6f05a645c54bb6ff
a04ae33bc24e4605889fe7c0cb5f8245,990aee7eff11fadac25d28441d3acbca7ecc0381d7a7ec54c798f862730e1c4a
dbc36080e3734750bfd1d9c5fe6ea9f0,1c1c7688467425f9af279fae3ff7722140f11b18a1e8b2d4ef5ab716384c8b0d
2f7d07f89d2948569c2db6c7b33d0b8f,1f20a885fe2c1410e90957518700623cecdf46339916947378e79ce23bfdda1c
3365b7e86af94ad1ac41bc277c55b72e,c9ddc742de98deb2b0368af581d7c332db890b408e3d0f0519b3de215d252ef7
c9e6a9371afb4de79cfefffd5689641b,b381648eed2467b6e14c65b06135b083b3fd8ee67e3634e2b79b29b3122e3190
63c33f30ec7541cda070843a9ac146ba,e0d2f2cb1466a583cf16035c624e7d5cb21f0918d22d8ac8c3aee55ba14e86d1
9d7e2e82573c4e3cae05636c4e310e85,54e2fc99cf82de351f4ccb56b06c70d56bab2229deef2e62a975a417c39bf16a
d7f039bb46674e41940e65289746b149,a7d18aec0052ecbe45e368de8f423ca93e472f7679756f402648e3a5c81b7fec
60f64e179b7040c4ad011e17d53cd273,50b6677435c06785300d7d6422b71756e5052824aee211f6d2ba2cce89e04404
b77586e140e64efabdf677438c03ca0f,d4ed4e8334113e29f01dd29dd9fe86857071f2d43e086f2069e7c3a95bdef7ae
8c016c6e1fbc4e3bb70718ab9dff671a,af726981ede96202ef961b582292cbcc4da60858fbcb092e81814039d69c9c27
05440d5862cd47e8a1dc8aa9f2d47ca6,e6e5a23c44f4cad7639338b63be6efa922a0cbf7325bb5aedd3870e5c08c3dd1
481da3f08ce54910a372d0983133f209,d63c2cb4230429892ec9d5889c5d3921baa82fca7c088a385ad9bf4ac8d2f2dc
902399697fee424d865c61291150d405,b688e4d53f63ad554ac4317717b12c530b68e0e460f945c2fe2cb64a68328d1a
3f86160d678e4c5b9ebaeb8a8d0027e4,31e7100a3ec8ad70aed8a2cf400d4bc4cf88b96d819697cdaaf5f06ea7690eb5
c2223977484c4213b46116c22542e10f,aee67958e01346f8356c4b449bedf613c6314ce66fbfa438b9494466b7dee7bb
15577a737fe74236a5cd8e6e6314b14f,8859f3ece749410f4594ea3398e08626f5c060850d09e470ffa7399e91f5cc71
db571ecdc77e4284a9ff420e2727b543,dcbc4440b7c2d13c1eed5a6fe8ca7d5b369aaa38d286cb8f5f71155ad0ca45d9
9c502cdad9f1458d887e3f039c181106,cb57253cfd9700a8288f66921011f05bccb5b24cc271cab0c9154dbcff341fd7
0f9895efb51948d89df68563e2d56145,6e76845bd11cf4bad64551598d87eefc5d1d577e6405c2c5d34e14982cc3709f
18450398acfe4f2098d67d30d933d0f9,b5f66b1539edd4cf610e8b614bd6180024e74e10042fe22d8283fbee7ffad80d
956a723912b14dab9ca4036161ccfdbd,1f3162ed4c3b787aa89441447c71b0e5d1d747c22cffb9efe78826e3c368f3f7
e0a82e958e6847ebb2d2388e20659198,f110beb5faa2c480a37cb2102c4e6eee92d85ac2cf0592f5da19f4a20afdb896
b86ec1889acc47b6984f88de5376cd55,aeee7f801a3d81d99cd7d65aea15e9171485dca3c5088939d4d898b3553ad28e
3c511a34e51549058e91e6e92313da63,06e7e23959102839f6e4f19dfc41f0729e9086f6bc4c4a7983f3c547090d9a95
2d68f3a6ef97473b83c72d9da016a5c4,883e6e42aafced31b1e536ebccf4ed5009d12c35be2a0eca68762ad19d485ee3
b363938659694917bf5edf5192ce7e65,b652cca97419765a9daf4fa58a2397dfc26b0b6249681f6ea99af4d4220ed30e
fa607501dd9243d69f2f376f527f2020,813ea2a83c97b6536050f3ccf985fce98ad17d4464fbf0e39e5368159d238025
603f68837ce74d2a94278790b634abb5,e580f0fba3b6c6b333cbddedd7084afb657a49167cd0ad7355bb669631119819
b6433bc0fa6b4e10a90d0ec27a8a8dc4,dc6dbfa0bd3d229b42071edfaddea995b17c8b9a8b536ff50abfa19fb66cefc7
beec10624c2f4926a5027a7f6314054c,3f3a7ceb4151ee76d5ca1c361f3c376fdee44afc896eb1575f85ffeae9ec3870
e487f812e00540209e9cf14f66bdff4b,fdc663d467bb26fc6db6243b43925408bf2fd4fa5f437eed40d22f8841442d6e
efa20cc30f514b9f9ae9cae85babf5be,345c8b44b2abf5b02828c01b770f6de6b8fa367bde73b8dd6c4b203be34189fd
4a779bf418ff45299e4b1f3b3f9a8e2f,21ee742018e45ddb19bdb5515e264918d391bde4cfe169217fed9586afa58973
b3889d5b29914997a97d2734f3126511,21ae8159e2ed388344926edd854526dfd594a134075c5b272263c6d17ca14266
edecb7499f60422cbc2c3274fbcf63ed,af02957fd185961d60954dc947464b232e726378a50a917ddd94ed891ab2c3be
2e47ceefb9404e8e95218c40f7c76703,a3b862179cdde6c3a4ca105cf3f9c432e22584c59cdbcc2261777da7d9af552b
02a1924cd5a3411494308a24270fab18,4565a7b659dde876e1fb26a2d12e0468d99bcd469138bdfc07e51b0adaa4a5ec
c2f93d200ac148298587827d7f780196,25ce1a9b1e125619490ec1edb5e2bf33904e93f0732ab549fb1486dd3e51adc6
c7a1fafbaec64c44a41b3c6848a21c1e,3361de815f588c9807b6f9ae62c629d6aca49f62f8110ce550304457129a249e
01a9dbc9e3f24417a0bdcbe76f25f0e6,ca62974529fd2cdc5623ab1516e5f278869889f2b0f9951274f91f475d9b189a
360cfdb88e2442aa97272eff2a8c5a27,91cfdeb7784a7772dc8ec73a41198b6cbad7c22f6d5f3c17f4a3174e7810a990
4bd59fdc37614eb7ac5b1bad7bd82c86,fc489f1b4d5b208a3b68701d2a822cd255c4706b105dbd2acd7c5ed71493510f
86c86d943da74206bda49221e61eae2b,8e2c129bd8ac5fc3fb6db6e258e826f29db936338131037845be854b5985f570
aeedd30cfef446508114ffdd9cf79094,5913a228a1fc11c2647c08773d5fa540db0452cc93e34948653e643e9b282f7b
d8168275015a4e66927e596befad14fd,8ae1dc10a88aa9fd5a35de3cb8e8a58ea30f460402511d88cc22d075e32682a0
8a76c9bafb034da28093c0815e94a2e7,1941e36a75c92ad01a86e74c7638f28972996426c0c801af8c6cb5137d6e7801
37a4f1d4a3b84261953fbb3b2f087338,589c70d2394781954d5ed7023aa58d918d865dc9d0d4395d773c90a7ce139d82
ccb3109cc7a04655987a64d8b827064c,b78f27e14ff5b00fbd5aea7981199ffa620d955700772895e24db40a1b6516ea
ee9d1be137244dc1bf70bfe9cc5e7e43,32da9d26384e32eda7882df4d477a4d75a66606145a7bb650006c1260853a4d4
0baef7f5ba4e46e4b720dd1386c6c588,d48c73192f23f7e530c9239f8527858340e03b6526d3e1b9e0217b303137001b
b2bcce6ecfbc47e4972bb2fafd2d5031,75028b63348029ee3196beb0b1cdf3d07c9327e0b7e8724e7431c915cf8e7f82
0f655e9ebd344fb29db55f1ae89c67fa,8a7d3d5d81fa14f88e0fa4fb305c8ba5e5496e8d5daebc372f1e64ccb2cb221f
1dde33d682b848b08a31580cd36f60dd,1c67d690b7d5552ed8b143b406c09e8b9091831d68b812d5e38dca4189b016ac
4ba99732d05b4bafa7ccaec52f1b94b5,90c4b5ca70b52ef15f88c2643180d8d2d368f7d5605657f3106cbe5d2692c85d
bb976376fb134a3e94d8e6e2e2b23b19,887c009b689199ca4b59c687be7acc4dc087d16eeb8f155ba4b9f1c39eda8304
b48f1f73cd98492fbc53230ac6fd6573,a5e99060c07ec32437d5c176d1dc2a2d23be2db80a990386fc5985e8a7c0ac68
90d8187f4c914fd7a8df77231815939e,136acf088758158604354b7c68939f4f0ebf7388de2b891ba56357cd63aee8e1
04e2ffe182524335b0ac0c7d1dbedddd,89ffea8bf4e7a6f3d172ca81c535f0a8cd7ba3c173796ece767371d8d31ea297
08dd6d44da0d43e38c67a14383930d59,19424f18855b1974e57e218f4928342831cb5ed7975853a204f8dae0543b105c
9b36124f6076413c8fa4ffc0565725fa,114220a223891a581620335853d5787cfadcbe9f73c3665325bad4d13ee598ec
43b00dab930743dbb737b0cc3cc4793f,491e8236ec353e4567da4e20fd467e4f5c51da5dc7d940152836fc4d69024330
3e1371ce9aeb42f0a38b3561aa4baebc,0982f7ade0e16c5b7a2f17c43cc7e47a58f50e51b0cc04a7063819f35bd0b132
67ae782016b14776bd9e0643270c61bf,c8c41636d90c62598af480e792cf6cc2511581e63047b8f0161f0916bcd3b528
341c506dd9cd40cea302c3b37e141ac1,d107cc893cbef3951d79e4866a43ed52bbeaaf043be8d5bf58ab3328b3ee788e
0bcd7cc3cb554d4ab359ecafaeef6972,57bfeeb21f091808a9edd1da40f7ee5372a355706d7daa8623849c65c0b51dfe
8cc6d2ba07f841888e884f0705d0eb39,ab408581810d9d13f6b6a291b002e92c07d6a2eba55225d9c818d5e9bf075453
1966b3274dfd4395899448e9e4832afe,49a9255fb5fdeb4141abba5c5b80309e0362c6bf700ba989663fa10fde0adc6e
75179cc2ef6647a98965eb57eb7c5873,2c9536e57e65c1a754ccf1e5708d3735d363599f4fb3bdafafb5019a15ad3299
2e1a47624dbe4262a7d437ec5302920f,e548dd35bd32e6ad8470a6ba0d8f3d1d4bf49f708e183dd500b37ddc7dae51b2
f9b1f6c4be4f479abe9ffd4f7a029441,b039338caff4a6aa2f960d41b28b0b42637e55201cc38ef4ea0e53a0abfb1536
7e92a22bf8674bf3bc5799e70a61fc70,44280d6c7dd5b468d41c5c7d9e9223355649d1b879db4a50ab3ce1a4dc9acbc4
981bc882572742df9b1be07b1a3a97f3,00c55be7ce0ad9fa93f528d8d3177f7873d339bfe135b33e41a4baecf0e8b7fe
a3a415bd1a1943e091f4f06cb11254bc,97bbf0eac7232e9d1de8f84693a305c978e96f4bbaf3d8cae27690700f5a12ac
4b836ddee72e443dad9319ef01103e29,2c14104d5bffaa2687d2db6acf183b403358a4ff5a3dcbd7f22fe56fd8bfd2ec
2fbc64dd54f64edab79e67eb44a5326d,09e7bb618b54a72aa8b0c84dd5e60240060280dc9c470562a8708852b075f027
80eb8b291f6d4bbaad4f9872d9584cb0,55c2b4a54a2f9636ee062e4febe439bdd6db750c4be76f9b30291d2930fdc762
14083a7c855a41389853003fe0e7988d,e4c1ca5cf16613faa41fb59d8ed3c383b4bcf0627a089f6df31f83a375044ce3
4033ea38a7c44fe79d03bb89fa86df9e,b305f0b5b52c50ed4720882f06f418f51c3418ebe384c1149d9b1b95a8cc8081
d198b87ec2614fc389af1ed17d47b977,0d3eff5e77b23fee243f1928b5ce02e1f0e870b6960a3003e57f60465efbf1d7
0418aa2c500d4ddcb886dd2b65a9cc21,eaea8b2ad22a4bbc705a39505ed076bdf56d8a4a5f4a83ab3d53b79ac169c134
731bcea96e7f44329468344b22126033,5c61c8402736249d5ebd0ffcd3d2f8f291f660a825835a8d8bd9b5df1bb0133f
23c45b94a48b41fb9802041c8b0242a3,a1619df582154e4b41ed82a3b2d310439daa7f62a4023f3a8d369e9098f888bd
46d2c9b2210e437393d3c3587700a4b3,004d077f700dacf5543eb84d3c5c17d45a3f65330a318e6c0ab0479e22a280a1
19e90b22f0864817b43c566bd7de6a3c,4523361ebc0c464535aab2d97f4dcc038a8dd296b5727e5a18a9bac6cf9e33f0
382f739ab7024c61843f44ee06bbf420,a31914d6a5c2c6ad6ce7c5e143fa012c3676c50e0b490271783d2826fadd95c4
f38eac96f96c49f1a42b543abf87939d,c331eb5513de9a6f4feb812fd33300eec0afc9c216f547ca831292d9ad746842
80e093269271463185a19ebd8a697458,5e4737b5fbffde37560d386334c03947bd0bde1cdd29c3474436dee44ab662c2
8fa1dc3071c74261be3c03d0d6149e73,69daf16be5bcf7a2373a05594ccb871df0482bc2ac7c20db091b905ad5ff11ae
2cc744023c1440829f11ea4218794297,668301a588e29fca91987d493c398d7caac35e239fdc252a9828ec8e5c8874ea
6b17389d9e4741bdb5218b3cdb369bd3,5e04af943bdf79cc91f2c69a400cf9184d94de44cbafada72a6c7909e71a0b2a
5f35e00b99814a32bf852be57724baab,442ec0a152bab4c0cb4d22ba6a7f012051c4c257d3bda0423a9a4ac6af0e79e3
8c4b9708c210409dafd357c81fa2284e,c5d8f499003700acb310fac69a4cd9842e0a928e9faec8c33235864a59fc00fb
7e6628da881041f6827447925562c3e7,0dd95e7997bf2aca9c05ec5c2657f60d22c61a0bb83f97932d4132a8b4c90de5
a546a7fd0c36487988d298aaf6159880,9f03b28447803c49bc6412333b5d5f29de60e17fb540a5c8f87025886e2c0f3f
df4ff5f95d0a4640acb3cb3848be0f5b,9cae5fac833454b6e873d9b6f8e2d8c0754c754bdc6c1e898045df873a229e29
e7eee061fbae4d3bacd81d02480e9809,ad53c59c6602ad4fa7edc431ea745929e26a00ef200ed793fad346420399ba35
ef89d30b1c8f42c4bc75074dd80685a0,fb5827d07133db9a8664a40c80bcc7dd30e7d5369d1043add246eaa64c2efa64
00186878eacd4e6ea5887839878dd0fa,dea482b76a2449c929037ced43dd1af4538e73c79a8d9a40cfdf4710e59ced32
8a9b396bef1247bf99de177bf04f1aa7,75642b65485cf3dd20977075c0163057a28f89749e7176f26f9e975ebfcb6033
b3cebf1a8dc747d7808f0d78aed5877f,c595e1debee28fe987b82ca8d21b402152c6b3465a5e33e9c4bc0ed2532aee08
51592d86e2474bb5b1ad12fd5e297022,8c053f03fb36aac88670a8cbfb39d2517a9d0b092381b67b76fc1cb44d2aaa37
2bf25489ead145d0ac5224401ba87a22,b04c4c378769a377b2c6746679f6a0d4a764194fbcb0b982c599041ce24a40ce
1529fc27b9a5405982705cd0d39b0ee8,82e51531680a8015416da9f484b7b6221fc614d5d8cd95c60a89af316de720e5
621ed0fe81e44579ad2f8f3d65cc85ff,f12a121b4ef7727ab2500fcb270802e58c0595ac1d505002b1c76cfbb3433afa
51273be711be4b759f9bee71e80f7e03,49cc1e6a57d771d26e2ad06edf1436746d500eb129353b4cfe25503728da8628
a89a9aa8df2e417bb74d0e280d00a8e8,c80bce53f840bd615b0893897834589f716c0707ee37e33d918a63572ef557d1
7ea70bc86add4a13aac364e6047ff392,8b1d1a2f51ca21fa06564a31e8cd03179e4d71dff125d9cef31481d85a0b5f7a
90051ae2ecfc484b99189e86f12526e7,f8759512e4eee7ab4545d06b81f92085ed52b1689e4046704f876ddf11bde8e3
715cd9bcf57f486aad0ccfe666eaaab6,d94ddbf524ca9d6d9cef4632c42eb255a941f92010b6c16a68ffbbc8ae9c87cf
115750235f544a73b678c4f5c7beabdc,af19b2b9bd52f9fee3a554f52c0eff8ad7321cccdadd1f246fc9c8aefe1df429
f906dfe83cc64884ae51dabb0bea9fe9,fce6416997aab6afbe27b5f79005a269a7c04fe91b0ad40460d0320d554f00eb
5d0c05defff24202be6ce5cc87181148,1346e35a36e6ecd99bf2f93738a38f19a611bc37ab5fda3cbab079ed987628a8
e6c8aa3e1f9f42248823b354a0565f48,d93e5aca600741ad75c3dd4aaf15f1a671c0726822ff396b42206d2cfff69d97
1c9e9f060b534298a4746d96063d3c08,5f73aeefc1e171a2c108f42f8f774914e3968cf61a5bf39c44c9bf4960ba3b5e
922d83d551524b41b1fe4858dbc8ce1c,e677d8f23b0e6088e5f608186f60f55cf81005fe291fb8554a9a84a1527fb7d5
42d6733d4266459b9565aa5e2b1e46f2,cc0c0139e2d825ed4f29762a150b6400f9e6a81298aaeaf3f8dee8a9c9a45225
d83c302af2df459a9f6f737c570a717c,67ddd4d5646b6b6fa969c833dc1f028923996402d272531ad81324e1c5ff1be1
c5c16f3f60c44ec793475f9ce4819ddb,534cc55e3cc85fc6a7920ee2658d2a974d6d7dfe16556fe8e09504e98d67e14a
6730c17b794449f4acd333355562c74a,b440e9e290c61eb231c33928c1c1bf9b6ba7f35c166e8357a7404a4ed3f6f38c
53ea7216c8744526b5a89ee779f993d4,7e8509b5b636e76e263b51a75274457bdf976378895f04424699cb084cc4cf37
3e8840894c2e4d45b051609eca405c1a,824a4a4e045cc76c95a06fb82194feeecf604c46eae5989b88b018f8a0d6ebf5
3c971345899440b884c59adbef57e4e9,fbf1c7bb4d63fd53d158b79bd40abc52c58db4fb1c7cb012e73c9e6a309472a9
14734894c0d84eb6ac12db70d00500c4,324446f30c3e5f23b15fe52be01549b574269a2ee18233a34a95c1b3f75b376b
b28adbbb374f494bbd3bedb4c68f3f84,9fb6617233d007a99a301b63bc24ad9fe1032fb7ab1e92c9d171ad55e9f393c7
03f632f4aa624d9895952f9a3d2fcf79,0aa5293e2a22b7841670bf208dc30a66a9be0d3ef1002d978f79d594233354ce
c04f43e4016b43088ddddf34eadbf412,c2efcc17958197a36f7984fe7c1438d6373f503fc376646e5f403dc830e86455
7cf47f03c16e441cb094421d8741972a,65cf47ab55db09a06dabfa7ae4da8c922aa6a4e38535ae13b78ff2bd3033fc94
bceea01054c74202b7e3763c7f6118a2,5f704d80d2eec36ce3984af00a85d132dc22c5c4898be5cc1208176f0cf93d93
9f3d9b9411e340799da59a47e50b3e7a,305e35d03f7057023d7189c4563170dddcfa3236c097cd842207ccf65096a74c
086e740f77b94c7195075b06ecc36fd6,45da909a7ea207c6df94591239fd63a3d7e22a1e6a5f4f622089f8b88fa86d22
f5ee065585a64b96ae6685a4c1ec55bf,df5ce8f557e13c182fc040968c64c426a40dde9b82020010cca0384aad5f498d
c0ffa0417d9846f2ada94ba49bbfca9c,1ef681323b06bd86304db4b82e90281d329c9acb3f6f0b12e2fbe00cec9a2d92
a1581ea1230944fb9015ff181c22887c,81fb5da1ea42c85adeb45d96f8bcd536f1b51bf68bfd058ec0025ebb886dcfe9
8d697f34c501488c9b1776f076b85e18,943a60d077561b9331053c5ce70672d330c766b05733a350986dd1763c5bc01e
b53ef8c132c6424885f8ca3837d9bf60,9def1c3f4cc218b573e5bac09af2d2fc5d5ab6a4cbc7d5826fd24cc670e6c3e9
35ed47c6c54944b2b86edba33ed965b6,915023bbe4d0569a9a216de91e1c65ebe06174c70142d8edb23ea8aacb2f22f8
8fd6737e6d0e4820a01c1e4911553530,4747a39891f0eede0ed8ba99b04d84ef56b8015d49ccc594a301f26a84af741e
bb72ad08593f496a8fbb348aed5dfeb7,9be3faf3b7c4f7fc325ab9d123e88c1d451f54a137035531462a673a3390c403
a875feed2e264e72b13dd044fb6c4a9d,05fc54042166c5342b9639cc9f69dc25b881045d06b5ff2632fb21554ad78dd9
10be2b8ed41c444b840ce39cfbdef682,06eed6f0ea3158ea26e79941f4aa7ca0a5584124432249e831905330dca4bea4
368535cc24c94b809734f996d025bfc5,1082022312afe563c08c11bb2f0a2da674f052d3edc097426c27897a11df8e45
6607aabaada74f03b7f163fed3cb1ac9,200f665b7e666adeecf98a024a63b5ef44b66d957f938817cecccc26f46114fa
d41f478dcf604529805352fff1a3dffb,b83a63309d279a73514f1c3f8b51704737fc53f3f46cec979c772c2adbe37459
7d44093ffbb842e786437fb0d4f17dfc,37709b7e27fc8f70ed4f2548f9859d9e7dbec59269232375a19e3726c2bfa534
6f55129dee084c07ae4a4bbf750b938b,a7d1181fd8c6ec99c9d05db3df15f5924e1e5ab2ce7ad27134a0735db65e6b5b
891c555becdf4e7ebb894d8131a66734,293750e10e891c9cf6f81a396bd50cf6c66b17dae57784decb363a84faa5d396
2ccb020b549e4112a447df780bcd7a58,7a4b7f991225a1cc28ad0a6a70bc5041c7f0a0df23043ba2c44314a4bdda1415
d8cbb43a7e18451d80b31d0e0639604c,5b34fdffded0f6366a6a330039cd48dae3309146d2b6c350e47d3520cba247ce
9bc80cbcb256463384bbc73442ebf97c,9ed33e1b5c86d4386201d165e5e53bb2494ac385e278fb012d98d84851791626
d537bd005c2146ea8b1731271957f7c1,8723bb8f630948d69d87130e57ded397e1a16ee323a9459f6c00ca5f71ece0a9
033b2b24027140caa69b238e6bc0b9f3,c61947bfdc8626d7a7323d8ceeeb6d3bb3a5bc0d584c42496724d079a0f2862b
b810a5081af247d090c7840b58e03cbb,65b65f4aed41521baa6823e924ab9c54a19f46700f6a66fc3fd2d07543760eff
9c71f542cf4e4825ad75544c672b516d,f5e74657007a0ca390f0b792849a959998b045fa172f2e603b1b74d290878659
a443ece51d954bc3b406b13364928ffe,830934c1fe3d83b40272be87f4bb213a1d33a15774729a5d913aa5d9c40d3993
f39ed08b5c294668930a36f809225008,7993a427977f2f071737a00262f0f0ac2968f0645d82d813452851cd69faf02f
53522b5901a54f0182288348ff0e4fc7,3d7ab1fbcdb93ded34de3b758b8ad530e40d10c91ee95fd66709bebcdd724bd5
dd42a5b590614734906c911bc24f3f95,5ff3ae4cf475010966f5e582227de9de1afae59396489517ed320e197fe28770
03903c37777f4a589e7895e64687f88a,79ca1afeabe4007282c0d7667ae985cef2a0c9d8b7f1bc63fe88667b6ba1c007
cb95e28725c14b74ab57ceccc5f4a480,1144b0797cb365d2798e307ae9adbd295e2ba4be1019c07c25392a609ab24992
f6649782de644400bf9374adcf877fb3,268c5f49078aba0bbedda5fab477cdc4607a1d494d423a9f2f863e20a80da022
0e55a7f634534253ab147b010d29ebb3,d077aceb3f54dfd60ebd51c3fcc5d78a6293cb225ceef06f5e5b528959d5ba29
03e3888dba3549198223b924cbfa467d,2e4b18e9d742e9b4915be3d8e171b9e20955bd188abf95f379924bd1e2ebf65b
407c51263ff74fb5bfac87960f05c3c9,871725da0331ebd95ccb4356a7c9884f066eef55178ec5c0a588fe3d954fa76a
75efd0c6848744a7b4c1212e162ff352,666f22a8a5f12f39feb4446094b87b1112664b7caf896033880e1b65d007273f
51c28133f41b42a39a13b50379afb98f,1bf342b7780cc6dc06a10b068d173aa930cf552a2b989c90b44ab66070e4fcd9
49924123f7c84e90a1b358713038ebea,2108a1651d8641026a5f4dd051c0a2d94a3d7d41a78c0c453e463dd2e90ea419
7c3c210bcbce4f2badfa22a4f315b66b,43f9e45aa2a5eb63f30282382935af428bb03d5a61e4965a6487236b3c53d252
c975a500260d497c9f495ae6f02d2ec7,d4865224fff953f0f3089148a8f00b03c81098394cbb037187d319c667a1a22c
eaeeeb2d6dfd464ca97b2ece186eb97c,4994a6258a464ef608ae196270a90bf097a9f3025b5ff4a08db1e7b15f0a513f
9eb707300b074efc9f94ac693b0e7c3e,9540e62d1cd378afe93fab445bb1565acbf10e4c6a2a1c523cea19a73a3b18e5
0eb704c194494749964efaadf2609c24,a2447016a470f1a8a21603a4bf2acf5973071ec17ad0c76d8d2a4a0393f4db9a
dd423dc90b084c49bd528471ad83ef5e,c36ce9cc97aab886fc81aa8573479456164df65d36edb510197ab323727bd184
8f2a108284194e18a61af1768d40daad,51804fba924c772fbae4b34b4204a4a13a502e786f12d865ac5603edbedb0b6e
4cdd1901590c4e45b2fd1ebc5b35fa7c,d6191d7e073b0eefea66f216ed040c314d82aac3dabc5986513a3c6c5b90dc9a
180dc441a788456c867971ec5eeeda7b,5a4195370966b32887c7a02c64a0eae4c31e0f1960b63b336a5d6e3eee8e14b2
9b3dbbe3ec8149d4aedde9a0a3757a68,45ddd93a5686eea6119b8d2e6fa6811667e32d1c5f5173aaad02e19ff1f7d568
b6225928a92f4030a6fb946a8fed7b0f,d4e3cf61712309f3c1d183e5774f0a039458615a7a43a40a3dc215bf432b824a
6fc7215654ec4103992356e313da5c5b,1d460d9df2788a1482e02430d12e79d62b45eed7a13c837ddb506770f6618f9c
e674ae5af8034124aecae8c7d84afc95,c4b781d3f6235eaa1939b99b285e47f068b921a50605730708c37d4d2edeb3b0
4b7b65d3ccdd456e8f52a042f9390792,4d425ddd56ba68086e4014c4ac5967bc16049db6ca4907779d9b981e09657bd7
cb8eb80e0a624bdd86f1451d7aa9805b,7ca8180589bb27f5337df7a6d9f01430ef3589046b5b2afb11fe658f51b659a5
e25c8191144d48a199fea2afa23d39a1,57820d4331ef0524a72619a9a78efc755bb35af9c66a44976cce79bcacff7b94
8a2604eb217f4cefb7749bffd45ecff8,4005d8d54f3e646d9743c092f9f7ad81aa97888bc7f8ce3d167c30b29811cc74
5a484a15708b4077a2ebcdbcd6a4ef02,4fdd2b3877b7f4cd5c9a47b122939cf63e68aac7b649e545060f57a886c02016
c00e1201155b4632b2ec29787acbbdb0,ad45c35df1fa89232967248f9f6f9e3ed5965d9451b588733b092ace8f359c08
7429add322d24d11929a91f2eccfd96c,ae6d0cad6440d2e03d2f9a82e5196ab09177e0fca51a9bd4367949a6c5747527
eda0aa2d79f54ab5b0095d64efef483c,beec4ef6de449dd3542f7b0b1f8f9671b3c8602446e944e72dc5db302a24a934
80a4d9aa094a4966a4ccb1f3a2005b2e,622b41b003453d0330e784d0b0338dfea08cc97d5534bc9d485234fecffa9337
ce0eec1847b84a07904ab2c526419498,28bdae7b4ecbcbb83de279713fca7e8d69521ef5c2dbb82553836fcb0e05fefd
271dc6a9b92f4b96a2ae6765607862c7,f8829c20c3b1b034111b1c8fb5118dc213c705fd85639ec8c7111d331d61bdd5
bc745c42869348098b82e8ffa02817f9,eb3d988511ec4be44eea66c2f36cc9591a41f7c03c111648d05fbbef464ce353
0ba2349c19f64f21a21c753905c28470,d7f9a495e82e73c69718aad22f8d37941d26b8d0358ae15c380e177a17d34da9
9522c033da8b42a8ac2e8dd83c87a7f3,467ab4240e143ccde0ef220969f7151afaa15e4d10e462b2600a43dced0118c7
c5c8e819178f4e3d8d360598a9dd6430,20a9177df186edee8268deceb94e32d61c0b96a7520289ad2b27e212550f9058
0084c7e04a564d58bb9e51a1ed0ebacb,da8cc23c106adffd98509ed7a747d3b1b7ae1048cc895fc913bc1f552c2dbbca
6c5298aa7f89443c9ade96445b01e53a,474a619e093e9963a60bc0f458fe52a3a5e46cdc8fc8ddace10e614776b75b31
b7f93cf1d46d43188c70580041428e7c,350215d05f9251c1283f0dd71efc47987561ee171267a0b718ee381358daa8ca
8b59edbdf01e42eeb9aa1832221d9c12,2f8dac1047cc66faf786c2122d7f6cf8504c494aa6c96afec5027ca000c3ecc5
d9a5ac43de2245e0a9ea0f25b21b69e7,06c288519de320f504e06e04b2171898dd8eb7998497ff02b8559f55a0912a0c
10f3cdf7321d49d6a94541ea27e4aaac,6050e8872a1eedb8ceef295f0525db35d944b2bd5ad9f144eb69fac402c0667a
61e9bef76b9e4009b28e7318ad3c91d8,807e1d2b371c8fd9684c94be392bb01b85d571c6c05362218ca74bcc538b3d13
782775228dd84853a5e81a3d304409f0,83e4276797f4f93f03acff2366f679ecf8f4b2937f8d69a3c69eaf81229084f3
05e6d536e636419383106efbeac20fa5,f9d892667556eb25ea7edda7626349c8aa42b56bd02b6306d3ecb2544587a408
c027b74845bc47c0946c826763a10da2,1728c432fd411db75eea991e5ef7b35bd39568b99cf37031e325f230539776d0
ccc8a9fa18a44e2d9357f92eb9c45b22,5c5f441f5525969641606bccb9ec5fbab9623034c6301f44a08b480bea7bfb8c
f30ecb72ba5647759cda4a5bac9b7165,ce02726ff9d7bab13ac94121bdfde3482aec69d51d89522fdd7cc11b1f313513
ff303d63f8874400b40213ed6ef174e7,bd858787793b9d53a6cf5b302fe771255be6dbbf005406c58cef10473fa5e758
76f35992df4c4f7fa6103d85cf365c06,01ac66f370e2b7958bbc51099c7c863cad9401acc0bb2fc4ef33945a0fde4723
3f0c9ba63c1147deb88a18247aa7ca27,9460047038d56fde72cd1d482482ac6b8e91835fa0e77634306d019c643fdcd8
af3421c8bac54b04b2be385d703e8e19,cb5e219746a53ec67f8b2092a36a99b7adce17387233ea00c4600710dfca2d80
d8119b4c50fd4b99a1c2dff1f4b8d636,e68ab83e975d3e0f1e8710368fc30c313d5683658d43186099c401c1c5617feb
44d0bf2e820f4a87be2d6124748f06ce,b11ff44ea20f3c75cac017f3f2fc64c2092c97f00f0df8549ea83f51a72ac808
2201a69d3a7449a58f0a5c4911956f82,bfad9601fcbcc411ee5207c6baa812e8e1f669386eef28b40b1c6af3014c7df8
8c31c0401ccc4f0697da8ac60c9ab48e,c7301760d2ca10a2ddd7b94fe65deb9f02e1d6b75a00b008df512beacc7eb962
9a4b7b0f37354a9693a2e64dc954c883,bc67726927e7fddcd03af433d8c108bd1bcacc4787ab6ec13b010174856f6077
765d3e0d80e349ce86e1d04f73d5a43f,b639ff9d718a061ddade6f525bc35235b37d40b0649e7b5ebbd20a3391409993
4ebee4ef249c495fba38e8a62d9c87ec,6badd865c842dbabc11c355025232c8a74341b262ff7faf80938abe19d54f995
b1f12b43b78e47e08bebc91f6daaf865,a2f59106356f536b71e812a751695256d766efc2b29bb3cc97babe4e3c283ba4
2f81baebce6c47edb2dbfefca03607fd,abfa3333cb581c2380b1c5b1d0f16069a5d958b134f6d882a40934b5b4a12386
cdcb00faf72540bfa3759896801134dd,27b702972400b12fb4314026aa067e33b2ca6af1c9798774b5fcd79ef5c2f7a8
27733328ab3e497da88e5a2963dcf406,e66941c524ee4ceb15574f46a9fb7a3e073725f2eccb43862fdfc6e6782de9c0
38def6622c2342a3af20d5f852074c71,572b07cff7e2c64e2a8d5ccc859a1f6cb5c5e2206012504e5b32ab2d0a174551
795a3d47866f48bf923081bd59588f2c,70e3d4e08213e2399d75a89f554c84bc53057cd218944f89951465f0987b2fae
bbc7c85d02ea4296b0262f6b45d36c81,4e68d26a6eeffea0a7854e678dcc25806befbaf763e935ef98fab3476d5e1e57
4fe78dfa038d4d96bb878782e7267f62,7e5c4bcd2da7b4267cd0c6e4b4d07a0c833e71a09a80d6ee816df12ac026984a
7b84f4497cdd48a3b41e9acbfd7ec267,db64bad3cd6d54aae3e772cd136556b9f75a054b2e3826441aaaa64bf38068a9
80487b0b85e446f883de25bd50acb64e,df83467308cdb4bbb808bf426fade3a6cddd7572a28233b766b197c579692ae1
e345b8209a5a4914b6a565a64252c947,40d090650a6376ea6602513bb5db7ee828aa913cbe8f22cea50f9fe8c94f9632
4b8047c9e70242bf8cd18041025b809f,df1c64d92f32e727f573b3b16d5c22ba50a94cf2e798163c8db69e27df059764
6e8a5d40b0f64f1a8c88366a338ec948,35979bc8f3a599bb8e23aa418ad447d2dfbef65637f0814f6106e1a08bafab85
15cc9fb808df4a5f9377ff7d43c91d74,3e4e889b123d65a8674b20d405a654c6df25f05c70d290d8ddf5fbd3ad22ada0
1511302a7cf24dae814c93acdce5b40f,4a144c2be9152cba8e50384a858ee147ac4bb2f1fc31ee9c0493ee3b8e524a43
b9252591791b46a395fee3c8c8ebf7b1,ec186e40abc3e117b1cfe4c6d4cb4c64569ab8c34cbc9d8153fc0f5fba57cdd3
2368e1a909bc4f15a3f7f180ed72cf32,3c36a3efeb5a8c57cae2406e1fc16295a2c83a6de10ec529a12914158d6c174e
8d7189abe8ed411eb0da72a073357b6f,678b6e0c717bc65ebb9fb089fdb0815cef868659165e9802fd9c6170ef6dd69b
a9c8a114dcd14ba29ee801872324f31d,582843a4b772505002436bb957a4ae94f9e99f8287f614915fb2765ea54cd5a5
375e2a0ca3c24eb382f22b426e03b864,d701b0470546dc4f89dda4cebf4a59535768d8ab825a41f49a1400640045bc3c
d2af360345da44fe89d5e46d60b03cd6,0d8187fa32182094be4308d91d1611d1adcbbcef564ec2f3fbffb0da2c55dc89
ed1d91cd5ef24f5c8a5755962441c6dd,855b09668f125aefb489a183d973a1c9069fdce9dc798856ed83c7b8ee6f5f77
bfd54e2ffeb341ee864f8195106b8164,03cf0c87a597bee345f1e999b3f522fe7edef2798a330cf6ca42230da93860a5
4b6e24ec48f44dbfa00385cf417c0208,76d8b7991ec037c465c78acb7938d95d73061a0ba17d204907186f9ad40cec27
e4c3377d9e4348bea5b893e98ff4153a,0b0be3ab5a0c94edbf18d6e051ba162fe050f8cba32b686e7b587b3d8cb7708e
2f832f2ca6bf49768dc840e308f5fded,a67f5869842776bc89fe50575acefadd494b33319c06572e3e7e366a4652b2d7
56efe76545744947b9d15ad74974f4d7,bfbb6e86ef38bdd934ce1acd0ec066226eba9605d32f4ef62822dfbd7d26706f
d51fa1ad8ee34d67b479fc5d2d9cb357,eae7cb9847c4b6474fc14987519bf275c0649eaea83406092509e1e0a179feba
6cedf93ca71543f9aedd5b82e4d2ae7e,2ec13f0f9544d4f11728b81f69fb420fac8c17a1bc3c82775787fd335eefed65
f3b788fe72b7402ea8941356465b110c,504200c535ca6cb7132eb32261e50930b2a13004c6a068802348c2799359fa65
e1fc583ffb7e406d912ea2ed08dc03d5,0ab572e6afef4e0b4ac7543a8d0b9835dbacbd6f0fee674618a9c984628aa578
1e8a8a80ead44e61bf8d0ce5785c6233,115ab823706b022a7aa34416b0ce4ec2acd372c71655ed53533ef985cf944adc
4211b18cb26e4ac4917d6faab590057b,a2b0e979e450d0eebce9a02178c9b16a8de3458e754fe111db0a2acfee5d8df1
51d62ec73ae642388fc5ae6a8fcb36e3,e6d2b226692648b733c673f5527a03e1ef12d7eb01b21f086ea2b5934a6e61fc
d3763d4c4d184fc6a59d6fe7434a1ef6,e37ebda3be48b7af8f38d254afbffe1b14c61a03902296030dc9da1efaa2aeb2
59c7e5b7ff47431dac738a5fbf1be058,d32a2fd9295988fb6645dcdd8cacfeb0a077de11a0dbd73489ca8e6632db10c6
d1cb5f8b022f4c5db5e83109273b50eb,55ce76f4accb02ef5645455ddb8a272ba4dd1c36ef5944b6f4b5f7d2c662bb03
66d2fda93f4e4d82b329db44dd6038e0,a9c193233c8e08292bd0b5bdbf8854e3609f70b8df824b85a9f21efbcf31f3ec
8fd77730146049fa98840f0a3880ca2b,1c86eca57a8b2d03925bd896e6e7b275a9c95cf702343fca3f4a6c868cb7d1c1
cf182a3ac0874cd6ab67362ac18ea1f6,9678d2cbe185be80a9188b7b7b7a32fbb423a182746f78292ed96b8035c2f305
bbb0f271cb7a4302be1943e411df70a6,954a266a1508dc20051adf83e11fcf2bd3fd7a7892b35eae9d9f678b777e5098
e687a222bf6145aa83dadfa1b12dbce1,43f022ad7eca2e1807ee84e56e0509784bcedc5f410958839f57d5da0c46641e
d183cfc438d641ddbbd03f521fe44d4e,4e0e2cb2bd312befd222c5d381d033549e96681448c74ec7ee34375790531cb2
a665c79680ee4a8391a206c55738eb8c,a5823788bbb40b179f58ea7da6565b7e51883a637c963808e966fbfebd5bb5b9
9557e95023624a63bef4d09b203490c0,4d39dc8d2a0dc2018e0da6728d968e20b183465eee96d524692b5e576330dd38
2ec7ea094825418c8d83f0421a11e691,459a7d63bffa457c6be331f818147841ff463df4f69dff082679a4d76327415d
4708ac7f3c924a13b5e0b1eb796ee552,cec2bc1980c9518a9c291f1dfafebf570ce69d744ce4994f2d53f75a4057b1a6
2b14962b0d254c88af40fcc26d09dab9,67842d4726fef303f0b10628e18d1b93a708d0411f387d53ceeb051b9e67fbed
bc7603eea12340c5b55925f4ea8a165a,1fca547099ef7af0a16e8d65bdfe1efdb68570bae51faf6c6b7cbcd4524bacaf
eb7dad3db56b49398e8b89e567e92abc,1e8e023270ac727ddb77fd2d7c269cf3d512e5021f98986790c069a5a87e10e1
5833ce69e18c43e9bbf3dd53c6f92efe,b712850d051324d93d463a86d0ebfa551741584105af8a39aaeb840cd8f272c6
903d660b153c4d83978ad608aef8702f,94a560afdf6b9218a3371c5b8fa2b96ec84ef1635936b20fdb5e5678c473ef1d
8e071ee6bb9d4ebb899d4ef9bcb18b9c,972c8f51641dab5926a80f0e5ee4c97aeb516892b02a75dc27ebc164fe8cb97c
5e45af8eb40d4250b5b4baf3ce1bdac6,a8c5202b1f81c3d98341793609940473d38e4d091df63f7975605ce8c01108ea
e156ffcee6c24836a150baecab55adff,c5e23a4bd2cf75f6f57b56a8a5011dd38e1ed6560751fda2350bca7e3d0ba153
729d9c6d3ff04935937726f104536457,dee6fbd9baa2b900b9410a26f710192266e3d5844e7a7e65157c7d91b0b3c379
851fa7b31f86466890f5a4d507d795ee,e81d60ff5afc30d64deebf758855fcefff30cc19cd2edc641fbf8b14db72107c
d84d758ecf63469d85183e5d243f4fba,d6ee78a977935d626e2279feedb9313313ed93924af5c583ca64c8061ab809d4
65e17a9076a24c44a6bf15e5b533b1c7,429a2df8eebb7dec82d738ebbb37b851d4d8c96aeb22cc77291daf0c3d5c82b3
4e89a4389c21490e9a46cc0b48df10b3,e7fece4c04fada8bf818904f1ba0864c0fe6824821b3c81d8592978bc7087233
a13c24d2dfca470a81cbefda5569788c,2dfc6d351b66be5478d190ee861a1ae423d9fc0180c8159fc5a8223e568d8487
8790dc25b4ea4470a5d5363c1e9d3922,d681d61a98bc8148fc3d256ebde3caab3665a5fb2b67dee9ca4443ec79d03a41
04915471c9914555b4ae2006a87cfe75,b580c3567dc117b2afba7a040d9f181f98d5c4d45ce4b3d83f489830772fbac2
6be20a338e4c437d9fd9bf35aa62ccbe,e6c999c9b42b623b1fe89ced7151144cccd034f93dd441c2488e8f57d0fac917
706e4859373d4c6cb3115be4f2caafdf,4ae6b8b36ad4bd2a371e8288118e262f907ba1cc72205c1156e622353ad1b21c
7b8947e35ab84305868580ab8cfa6964,3b18264d13c3b90fa682c551e5ae27479bf1f09c568ad2c8df83e32f60ce4704
7d2bca78c87442a3b6180895e14af7d6,693b8fc0bc04d5bfb8122fd42cd5ae0ca84a9720b2b2ca1304337b2c785f7093
1cd03f32128d4296b8914dff2e33885a,0a8fce60bf55e58a0c27b3396351ea1fe67848fa4245f534a3b98238349406bc
2b9c6dd11dee4c5e8ff260f35ba4c1ec,14f399d69d5ecc95762c4e31fb7dc86235510d8e9feda04562d6d20c1be5ca0d
cb4862c432e144e98321603833331cf5,e1ee503d367c26a9423fd9fa715d09e85a09dd0df86ff71498c0c444c0b19ca6
12f7417326a4400fb5bc71277848e910,07e6b0ac61ac66e9afdd1c7ee67c89cb389d942a9d94f4c3bc6bb7632f687da2
0d729633d61b4f21b4116f559492289a,6e1397bd5089779532c1cc70a0e326c3f99a18d2011482305367a29370561cfc
06eec4e3f84d4fa2b064af5e7d57b7b1,0380ac48d56342e2de9366aad0ff5c7ae6a586ac0cb0414b92bda999f022bcaf
add0893a9bdd40d7b57a52adf08c201d,536ef2b80284349e34ff337ab5f1619d3ea7dc37ceefd09554f6e28e9c076ee5
4bd96ce4441b4c2dbd324fa57d351d97,3c5599fe1a59df22095fbdb1d8aec9135eb620416c14075e91c765e2d47b828d
970ab1738164414d82180eadb74a50cc,03e61edfe7e45a18c3233ffd7843c3f4d5d7c0812887b757949fb97f699fc07a
01f9397c58ce4f5c8d991e6b3daf2620,a2fd78104384bb8f060614c504acffd6ff7d4c5f6c668905df503032d5e11949
e806a102d7224c11ab136930754ae55e,2706984540e32df55be803e8aa4781c5616236cf35aaacef91c080a6ab41ee23
3c31e751955c4f81badae535692916ac,75ed704c6fea6f8c56080ef735a1cbd4f9289d5558c789866a90a9b4def2a48c
8dd4133c937145b497918d969b899b84,3e5c3b9696cae686bfd23f4f9846b9118d84af182eded6cce68d77852f59799f
5710824d55be45528de054e8b7578105,a486ca665f79322e2088af04510d2064c1b580a440e344d09d9f91e69136d769
2ef18d8250b248d8810b6e8a208a380e,4ac2fa87fa1012a6acf3f0a32318c7c982f1e609a6e119d649eebb00f9159733
d82a2d2885b5403385ca8a3fdd4b26d2,851e7a3bd401e2c75a2fb01426be950117b5f05c3c85dc826c983fb0665a3020
6f8443ac745e459aac4f9ab6fa92f8de,fcc7c4747937f649cfefe9d334fff1a79b609d5a236f9ca164db47c8a508c13e
00195f05551d425a85dcab61919a9f6b,9880e28403eaea779888ec12256546fad3e2a78a18f3f85010139b2e8312ba5e
7e78161acfc44aafa5deed18fb40272f,d08c11f8b69af6568bf31ce4e18dcad8f502371f99e709d6f3f61c3ed181bfab
b438c6ca1cf84323b267546e1aed6567,a9a7ebf674b43d8bf5d17d1b96bf678b43718330ffa7fdc4c219dc1449e916c9
ba6a583b497e49cebaa03b03a5e3163b,64caa7e4c487536be19096bdc20de719d09c00c8c42135c1a9f562e60a048a63
3b8dfbf4d17b4433ad35b4a9ffdc01e2,50cade4e77ac57ed9b3c0eb31eafbc0baa5b26a67b1e24ceeebfd49cda1128a3
da6ddbdc39e84456b94fffbbc350d10f,72cd0e5856fa81ef6491b4569e1197c9bc69eadac8510a482c0b676281697a2a
380482057a7a4f1f9f4470c30ff8f930,31d3f7792dc7d522dcd3773c84aeb1a300c3819f5b35c65721d27f9c3928594f
e085c255bafd49faa1e9541ad621ee8f,88b911e5d5629e13f7c52945632b9a61d9db1ad96579b810769f27a4b04d7286
ddb872100f8c455ba39759710be2d471,4adf756d88ff35211bcb95d2063061a8a8c2f8ef3ceda38b665112c778534633
833bf460f0924a9d9b252a133bf6dd24,20ffb1fd5d7bafb82b4ddda58015d73e7c68277218c92629058e1bd9ef74ed5e
9c937d86e93c47cc82489ed43bab0a01,3731053d1fed19322e460119f51957fee3ad1e766fd3efd0d34319b4b2d687a5
8f7df8bdf3b84a1c81fe5d808bf436e5,a97e3f3b2c1020996c95821526fe5989d6fe1be9df682ebaf87e7471146b8cc9
1474fcd39131405386cdacaf5d744fc4,ac9bb0e3a7e74438bb7e5a1c47d604a53f5093143eba61f63fc657b060f8920c
b660975a0b5449919b80702b7321e442,8aea59b5f090d4e101e23ac7ae19f60ca3642fc1c8606c8e749ac084b9b3e1f1
de3843bdcd7847c2afd76a229bc579a2,673b035fd67f861d6eb6b3cdb7aae3f19ade6dd4bb74a1423ac31d2189151673
1aeac05559a444f086f5abd7511dd654,b0cbfa00f0495ae9e91b31b350988b89b3c7bf106d212bb82abb302abfca2a42
68600492a0164458a99a6896bf253a51,c0d75b36c97dc07d27e508836ed5950954db3e558e1534e754bbfc188e6496b5
33349f2055b143ca9c00bce737dd93d4,8accb291f75fcf6fecdac2805066a89f64a8dab24abe2fa84eba6fd7c74013bb
c684276d497447ad9e39daade2f5085c,7286f6a26ee2d01b24e6843ca1b49f5dbf3c334e9380b26e122e8cc9fd02c724
537d00b9ce3048468bb9164c45fc3164,5d9500c5882e261245302218872cdb8091014939ab5b7eb3531f0f739027a8ad
52395c128a7046f2b20a2895064edc7c,389efbaef1ddad0aff02c9bded892c0d10ac9279f9dd21c0231547385a8e2a3c
d2539190731049608986ad98c5a461d4,af90ec7b68b4b16935a81bca7f8b8ea1c3c1d31224aa9f7ad3930af2b8d00f96
9b3780fe510d4300bdf0db985c07ea30,7ab5d1e89b4f5d52da2ebe91a99e9dabd9ce1ede60ad516132a62024f7a4566c
a0086fe3414541d7af977c1cebf9b487,057c4383d2582a17fd7b61c7d05fc4072d3ed586a9169a37bde4c1f5fc7dfe6b
f86e63d9a347449cabe41c5de1219260,5f7bbef588d97e89935b322d0e2f9bc750801f3d80328d154ccb597d16fbae0c
c248f88faee544daa40552ec40c092a3,e1768bfe130fe7d95c20ad05af9522165ef3fc055ba37b5c84d186b1a4fb1809
4d87009eb58545b68c8de526791892d1,717234f8c50879d154e2dcff719c890063be9f21c6fc5e8d5e2a4279faaff78c
67ac4dc99c5d4a66a6fda11c56540ced,75204fb767532733464043a1ec85bbd4d080b7394affba3e21fd0bbb982521f2
5f63f0bd37d14e65b47ca4198154bfd7,f76fa55153ee176c085bf9087696a8235b1a8862fec8740fad89331ccdfbbf93
ec667479feb7458ba979e1ea2b75fc27,8c9cb79c5859ad2c70244d3738a2aef4c62f40911c74942ee5e3aba89ec5d2a3
d513c640babe406e9a81c3ae3a4432af,59befaaacb16f11c09a1287d074502e8698deaf5e6ac72b503caea996447a6bf
fede76a668c44855a89244c5ef5bdec8,8b2c865d9597540d2d227defd04546ba9c11d400a54b7fa018d9c88b49d745bd
fe40a90ea8cc4660a04bd1e1f7e6dbfb,530f0c4fa683b8b90adc76819ab874624be5f3ee2d42bdfbef9ba0adbe1001d2
1e95405871c249939015d2f764ee57ad,b5473c4114d6d8c4cadf3fc1fa82e8de17b29da66fa2f1f92d0eb8dbe1c4073e
5283c62c1db64c219fc4852a4fa2d9f8,e8d5b3e85bf877fb43c7b807b22eebe1772923ef85b8de4a48f443a469cdaf50
93473c0db57548abb3e70de0c7519ebd,4b337a5c5277cb1877cefac5ca0f911846192ec090ae69457309284dc6c75df6
ff78f9443e064c86aa23566318cf237a,4482686996dc5360e8e5da8dda60fd091a504bc1086f16face275e6403414896
8a2d97bad64548c5ab5611d9c6841e20,ce9fb1eb7266fa5991dad7e6887e7ed7259d6ea119ccff5c3e1873dfde724846
00550e12177845f8be61a9df49c0b27e,ed10c75172036ece5d63d6b8aad3b260dbae268b78863dfe8036be1a39dd70b5
16689c4af12b465180d84d7b190b938c,59f97c230011966457512f4ff19c7b496dce1840f274d76960a18e2471ae36bb
59d5be47abcf4aad969f0d63d0097793,8ed4226ba0fd9a1ea3a678d8cf6afeef2d919d3c9bf715fa763582c42a4626c8
438d19a7b6cf48ad921fb1bffe00fccb,c76a680de367ba4ff0a3a38cd6a85f76a498d3fd808725bef5eafa99e5e11379
a3346af14461462787479846da9407c4,7440b65e840065f4ed5bf920517be720f3c912614fb5e2f20c639e36a199c5a2
b768bc7b774349de9fb11d8b2560507c,09ef3f7e99551632cf23cf75ebe92f71338a0ec11384919562a7b61d1a399214
d35d42a8709e48d3bae956a7201d09c8,dcfb32dd38090a9ac519a8185ad79f43d69c5a78c4cab220e64234c1fac0735c
c1a17804b484422694fc2d6629315817,02cea912647950d5d3eac4b22a0d5f80bc131ee2d7ef3e3e6db2fc4d5ed022a7
1566d45872364cada261570108c4cdb5,903299eb84ba4bd630391f8bd4d035f3c08b3e854aa423c29f502fe3348e43f4
b6e009d1c742481fb10a2525c5a7d493,a82e7988afe84d07914f5bb23839d7a368b55481215ab93d676517805cbe9686
dbd8a9846ca44fbba23d901428aefb84,0d13aa75fba2ae61a9713dff58f4380919efc4caa1d4bcfcae2557ba17b5dd53
cde8b7a84f154ee7840f56ff1fd944b9,dc59bc8e71850069299c7306436279776d72942c43e332c697b3acc09e8b4866
1939270287fd4f72aa04b8913d8d208a,03aad28ef063aef0f33125335d9bba9b236fd3ed2425cc83527aaa4ac1fae03d
516600dece704918a285456028cc14b4,f5def27d2c6e8e133b8942f5b805058f47db95c7c5d330181d8677a5d382a6f1
c4c2ac24daa84fadb1fb4eed8cab78a0,3ed2f7d015666cf14b43baabd19314c83f431e99b90ab3a2a70af43aaaf51d1a
cd466bcdacaa451dbd187f149071965a,7776600b506fd601f3117dd886064f63e6027633ff6722a2ec35da20ab5c66b4
f360fce1eeec4c2aa19a06d331a5fd0f,66eaf460f8607a898cad6fb85b7ee25decc69ac8a409148373d7ca5c85f57e00
a00008f6816849dca7a1766dd30d95ad,ff118f40b8599cc42938bb06957fb3a07b28630d43fdd70e45167f320c858643
00d92f0b57a047ea9dc516b29df4029a,c5d5ad30fed1966605dd9a4908d009f46220e9f306fc34f824009b9050e23319
f6ae615e747742b1bf72b4d4a6ab6764,94af6367947560f0fe4857ee2639a144e8a6b00f0f8d8d5e6578ab113565e3f0
49dd6561c68548a788b8a795ac8eff09,ed042bf174c324eaa2e413977312e8ff6e023bde687b9c5073183a34aa492a2a
2e7cb8bf48c14d5d9222c5038c7a0281,bbca21482771b4176ac0d4e1db37ae9ee0d55b37fdb3455445f8da1730c3a987
e9fdfa322f5d44cc8c1632ead75e74b3,43069cf9725852c4a87f75483a7464a3fc01b493f17357c481371f51a8530a3e
bb39632a3ad441dfad063bbe6845e3f3,f2e6e9ba5491d70ca70f784d155d06a1260c3a55335b4dcb5423c6f867020e1b
b5883b08f2a8405da29d9ad6385d8941,01367bb66e900d9a7873b0c2d3d61865c648eb56ed32a4e6b36700cd3c52c239
7fd2c4535153447fa376b59a24d7552a,6b8ffbda74eee82b4596f2a93911d1d6c6e878e85f7a7a6951c8d261be4d2dec
7745781d5f5842949414fa8d81a3c0db,8aa14878b63c83fb2259dc140202ea811e8a6edef9c9f5aab178aa8f2e691853
ee13349c26464eed8aae1d196a7b38af,5ae1dc12769a4c9843cf752ca48649c8559a0de686bb9673579667367dbd65ae
2fcb384f34c649139aec9847f4d4399c,6ccb9e05c5b32c3496d88fb44f54e11d69744e7f20273dcf6ce110d36af11e9d
4d2d6e19c3544613bee85fefc59b4ee1,3b0b49b71597bd86e0c1aa1b998e1f07669e85995ccb6c0b40e66556ebd3bada
caf42fbbad784268bdff9753bbeec60b,a7032ff905c07c24614f527accb52ab29f280bdb8673035aedd3750c511bbeaa
203f6dd0dfc447a68e2a75c0d8b08075,a2fefefc69a2a27fdad1c0637740e38152ed4d046f8e911f5b510b35d08d6578
6b8601cfc7a64b8e8f488352ec511f41,2887393d3e7c643dcfb25577ca913b82b2ea8ece01ddef84005b87c29912c8b3
3421c41fab83443e9e5b09040ea94463,7c93c03f6a8fea26438a670a2676625866df93747d2f40731e6621f35579abff
42c923992f19422a9359063d13c90614,605eed04073de8815e4d554c9da90c679bd25fc07a558346fd1ec9fa0c9e985f
2b479a9ad7764a97bda8b7c92318e314,35f6fdddd2ec1b5d1671502f85119fe39e9db9ebdd45e2081b7d4c5529b0a7de
0613c7bbcae44c59a9996df4fe67eade,9752a1647c1a60d5798c104c2d947099727be3114d8f9ca6dc0dfc7e3822f923
2b5f6882882d494689571f278866e3e4,122d0edb73473804ee932a2d24012ce208c8446f378dd844efa9b92a375e84f9
544ea05d8c5646f4aa3eed1f301f5f8e,143b009eb712e9d061a0040ccb636c747040df82b9df67829be1fdfb216f0df6
35754410c8c14508a9a09766f581266d,f9ef77fac24fd3e31b9c13d91e8632a187760760748641bccbe1adbca15b3b15
bf76bb80f1df46f6b5341019225babd3,8a133225542c22f78931944d57f480f1b5a3fa02cfd7692d943ca650e707c74e
46358036c02749ef8e6e07c1d1ae3745,b59528a9f99768dad57725707edd5e378ef18a85fca86ec97cbb88c3e55fdcab
a8e35d4fb603407fa964859ecac8997a,34b411ac202c97d1772280646c82b984452d72a84faa109a9eb632c3d5575bf7
4e0d38682d704551b412e4e97f754ee3,003af2a065ea8154a1d1f869e7189af9bc6f4ad37545767f1eb934ad472d31ac
8e947d29c6fb44459a064aab9c619598,e55e1edd2b1b86e4a6f0e4219ba86abdbd749d59e5e7aae0b8ee13669f832205
88790f41ace44c11b4010eade33ac379,458d677950ba7c2d3393110df13e5871d1ea5a2d1732735d209a9fc669eba2ea
ed1503e24c2143eb8e71e77dfad694a3,b3cc306e3542458b9988e16d58f2e513abcad6b70c7af2b5d3fd09b99d53d099
7543b69fc82c4ac58af6942987a37dbf,473c4a40255da62b75ba430c418bbf2d052888f0f53265de73e1070e3a669cf4
528805de1d6243629efcc60b5c42762d,7d71499e64866c8b236f09d63324107ea04278926e9c81152533ac11270a02d1
724b9c5037da49cc8b92eb91dae95310,1811715d62b1260d296a1f1d90853853c9949eed453da02f732f74ae8997acd1
99546db1dc9b4be0ae83c98ea1aad6fb,65cd6a5e2e84a30dc5116912b527b050940506882876de34aa56cdd2c41bdcf6
3c1566745ad74e0081fe04699149cc27,74afa1ba995d0840d30b1fe3458217945048a6cb0c61acac5dda73a17cc0cf85
815d8e541c484140a60fbe31ac67d7f4,ad20c7691dd39e6f431f0ff252dec3d84dae52c67083d67b80b38d2d5808ba8c
1a7a4023b9f24d17a73bc30317f96e65,09da39fb37f7340e372f73789f9b6f82fef690d362a7a5ac7e3733f22a9fa86e
f1ee9274c0304a4ab860f7def03a7ebe,d4bd2cae891a40a3a958b2b3fe74bfb22a0be2a780e2d997886752a8c486d31f
937af00dea61457d9775470e342ac595,113fd94e6d92618f1e227d60d776187f4edc212174aa537019001cef897fd163
a8b03c56f921424b9fb4807cb182fae5,8142177f6195cb3092172400d9cf70d7bcc548867ca85f610fe6d38740dc9679
db610fc1f76446249fe3a586f0852ddb,639fcbe8e58d60bc1e7f40cc3681a9e35f58c8998624e8dfbc32d53e7be1414b
3e025e6c9dae49f7894083f39acfd26e,2e54e11f8a42eb53d678634af04955d164990edcb79c13fb5b9bb9b31a76a251
77e565790bfe4f99abf78a80cd94269a,a2cfc105d117782246aa091f398ae832be0798078295972d8a781e7b8ca95948
9c481c3e3ff648e7a62e2a1d60aeddf8,9f7046f343ce9b145432eb84fd695b8fadb930fee24029dbba5070ae8b53b84f
1df141958cf14be3a19c7970f9e618b9,05917c83f6f94c66616b070d77bab7b351c25bf6d36c41bf200e975156647c06
7509aff47e284faa9a156e477b488263,947cbdf13f935b8d9cb99129fe6d40fe0d0644309e42b9f41c666c8409081dc3
ebf2378f09cd440c9d0285dc9175473c,81bca4970dc05e29ae70c48b4180f63873849463de5919bcd75ffd11001d18a1
cc6fc260d4da47249c31d1ef4a1ce06b,39f0dc7da8f8bd15660869de7ccaca8a99b31b0bd74dd65c27f53a9f0f34aab7
f040779395eb45c5b2d4d58a4ac77b64,dc37b20acc4d7fd86a492bc1ca83f4bd59f15b4be4dafd5e667a85c348052f7e
f460c62c17b4427eb5b98692f7163ace,ab15c4d24e5b9f5c70f2831051561fe2a41f7280bf4aab01e91425e6d48ad99b
291ae2a061fd4534a20da22b427ebc3d,2f2765a00ce99da5f22e53cf290641a371adaadef63b7782b1f094b5d693567c
1153eae68fdb41e38dd4f443a94f47aa,c0c30a386b5ee5396166a794a88acd26435901dae3825d7fd8447272ccbf863c
3944a72b519742a48476989fdeec57b9,3f2ddf256817229a3aa5ac0c63886cdf4958bdc0ba10065f43764e958408d614
425b3930083146619c2db68a330ca1a5,71f6dae9b94694aa718997bd7e735fdcd557eb87a84e8d01994a20c2dc27c93b
474290c539a54b39a5c47f99b41b9f16,05840ba1af7c994694948d243c4aef710a74983dab972feb2db9a0faa1bc02bf
c284f6438a854e8889f5c995dfa944dc,022097531c2ab229cd00ceec3da5242c1f0ff0fe953004c04170508ac85fd146
4001afb9e0d845a0be6e0ece04fd01fa,84d975b7c0ca7c47882bdb0b50d26be64fc34987cde24374e2926fc40a9d9508
fe2c65f624fc48e19cdb2c83e81cd121,99584ff4650daff96f6b97f6c789a707ee43bc7167e01f416b4c891b974f57f5
8d6b91d9b2d148d0876b0abee1c05e2f,f0e1f4185fab2957c747b39ad16d721016623d9f9f2a214ef07b4c1dbec0afc9
f90facc220a0470e944c9785b6b4be79,0a53ef0c9625680522478892116d294e77cfee65f3ee6896820c41d2446ccbd7
05b9e2abd6774c1d9c02304ada5e03ed,f7a92c6869319cd1eb9a9c1e26171aeeddd3eae1a547f253e8fc5aa3b2ccad12
4de747dd36674fac8c5402a2d475ff21,3e37a2d1f776f8c63f4cb3fcc9b23329e4f93a9cc3d69507b9ba3acc38f34221
44fe37f97972403696288151f7c06ef1,82610681733dd9e9b76c945d88be5699161ff157cf2d3c06b74ca1ec518d7348
807f1a2cbd384e7ab62cf824e40310ef,d69d51b556a89cbbad6618145d1cc3007b9c4534c41ac3cbe0ab020cdb1b5da7
66bc42b74cee415da51f528adea38ae9,468ae2d5136a2c11a79645a2d6750fb4752ad3d8b50bfe983c1346039dff7a52
2b217c18af5241879579fd3d2b9aa31b,1e5daca2f6e98109fb7b3f9b1c1b8b10ca0caf702d414cd8ba0bacc8801f4990
e815e641b7654ef78ba54cb34d69a9ac,74703a77d2e68613a4fab3735a9862c518719bce847a8e61af4fb61f0497383d
238a86aa9f9547038f60e14510a1a81b,d4c240abbf97b26f375c039f5f25f914bf726d8ac358aab4e1c10b441105cd3b
99288ee7e6354712996a871c308d5e57,825a7ad2566d60d14430f858d9a3f8e334332d1a4bfc79e2aa6683400a4aff0f
91088ec5b41e42aead3e62f8a7352a8e,06fc384c466de16807e7b0898fabb1b80c49eb973d1f9248d0526735f9c72abd
086cd01e205e41a5a5437a767cb705ea,0c62feda5ed376afd29aee5e909f0ead5abf61e484536a9128bb6e62c99f010e
8d65f972604548068c0b78d0ce89c731,71d301af53fb62709b10007fa3938e59684ae4481e9ce2535d22bb96276883a4
52b8d8c1c67d466e93530b9aa1a68737,eceb243d97efa0f9fd6ed75c16403ff55833f41e026ac4480047a13a0a68d9ba
bbee62410e4b481cb5f6a3c454f63816,0e365812a43815c0abc37dbf4b75f99021af4924a2620730aeed1dfa3cc4df18
526e3f59ec274b4796ebc1d27a6d3bd7,be19ea1c05e9f91d2f50dfc5041cfa0a21c34029c9b801827fc23f725d60d427
a26ba9963982442ea6322bb0a9225691,16868b67399d5a167285b3f3832a961d7345b0d782554ddc605e5d70b4e7b706
b9579373cd6b491e86897682d8277e00,3be5d9256653ffca96924f459acd8c9039ca87dff26d584aabce437b5516681c
d1b85422391d4da6a294c8cf7347164c,af3adb6f2f7213cf7503347347b097a22e48a657d1eb26ea7f7d8c47972118a0
de049a93a5e7424f984bb8169c9f63dd,5dc44d8419275348248d62a62b579c9c0c084d06a62f99403ff31d0a2521813f
2283a00514064f70b32b7b571ae2eecb,0867747b62d5f6968ba61f5304786d92d573ff8c4cf2fa047788f8d9ccf5964d
954353b5589c41b89e03cd7f58c6ad98,0c206b3a3a7f53402f58e26e6ee126dbd11e1620506ae906ab59846ccb1809eb
d8a5aa5c7c0f4f7c8069b764cf4c5988,754c8f020f114940f220c7b3ad6a2d827eb2ecdb70af955a8605d8339d44d0d1
0599a2f9025440c1a0c3e6f64f3afe67,ad9d21151d11dd79012017ec157d19f7387a5d214177c668d8586dc9437f0719
95555182f38f44bcb64c4742b880db6a,0bd412f0d20ea0a690da77c2ced25c325c9c63998b0a82a5368b016e756057ae
8e2c88f8c3004a87be1fd4b48396d2c7,ff854195bc04ea4b28f5e418bd9723a13b91d826aa6a790c1f81ddc90d99cee7
3e993c9e2238466392ae9c476a5fa78f,267a87ac74ebfa9c1ea9b440ad55fa15f007c59d367307fee19d434f1a851fd7
1d2cc12373c64d14a5239f89ebe2506b,861b9e2b67808f7988deed38838f46f8052f6b09a06ca251dde1c927c43b45a0
77726c6162e540fead17cb23f7066417,f8aca6e1ac42a8ab6fe68c92f31873ac543bcfb2f1b75f4981ac6aa12cad792d
0757d69395e64f5d97a5ac1620f08f5e,bfff71838bd084d5f84904f66067d7d921376c7cf0698e26c13241b323a67cca
46ef585f440e44d2a1b58965c7cbea05,e104d5358b01bbeadf8cbf6b6f149a50370b41ddd42faff6c9dfa9bb33612eda
c126911532ae411a91a446ffddc04834,8784b7be9aa2e12b617cf68de59b939310bb41e6e68050852d5529a6a8b68135
7ead6118af1c48c3abf255bece89eed2,0317b04593dbeec67bb532b43359cd5eae15c4c7b7cf38e0d0d678907c790a6a
1c1ee358ae14462897b207147e2fc791,55058ff41cb504bd2b3ab1e258ad87c785aecb6a35011d2c7aa94fe7a90915a7
919dd55f48964a5090e3630c1a8c7d82,3c9e5b34c055edc4c6da5450c709b5a002a05481629ed5059d96c4d89d73112e
56bae9ecf16e479d93821b5c4d99ddaa,28ac34f23d6e72088fa14609385460b5efc0666f0acf5c903d74748304498e6a
53b251413f974dd1922c1f188e850c9d,39ec7a6b09480dd80df65b437264551f697928ff1f2c63dca8f2a315491c05e7
0a9965324add43a48f9ead9d813bfd30,7ed1c362506d4dfa869f127273f52480df2955d9997ce68c9492e5216350f679
8d31f71ad6d342f1be391db78f1d75fd,c2e7ba44cc8fe5c71424fc2a7cf9f2ade46f4ba85153d68f3bd3bc374735b865
e8adb7ba396d423e98d442685498d9dc,a299bae843c40fca4812f61a396fafbe0369c5d09bbffa1c4fbf9c4c747fc078
ca0ede97298e4691aaeb303b02fe88a0,131aa4d9335f8d4440b5eaaa905bff948aa3281be47d2342af4832fe1e0ef2a4
e448f72f28f1436bb0dac7058e5a466a,5b3c623c75f3c2ba38a7e04e29eaf8c982f178174a0512970b1ca168427a069a
bf5030d0201e4eb3bd061d8750de36c7,a8e5b371fef84057e4302872b21b941e64f13271e88c0caf9680358eeb6ee810
704ea146ccf148ca896b8406ac8949fc,d1c995bb09cacf045506e0f5a4090a7685dd75b5ba73b9a76e3b378a26497349
b000cea0f6924c6883b050de7ceda021,b74ceca6ffba4467706d7ae2e79a727e606519670b7775fe50e5b2baf902b61a
e630cb3b84a3416f965522e7b0a67e68,239a2a0de599714fc2e6f3214f1732d86f739b0e45c782cdee0c84e10d13d545
3edded785c5146f291aec6f43a69cd65,69f1d922212733170919dfa9f903c089dd1b8b48e4fe0ba966e55ba49b798dc7
8474444252d24a6a88a24fbf2997f6a7,a3e4d486fb09935c2347ab72de2277f84941fd4ed0a937940f104e099e97d708
3db6913a2f2f4f3aa6f7f4fe30416b55,df8dbfe30f092ee263d383e4d3933ba51f52c3bf8d4e142fa6658079248e2c5e
d0483eb98bcc48d8b816add9a1bf4333,490a4e2b9e6cdf6e6bf397066120bfa6e1911d65d2d6a6f179c59a6fdca22590
0bd0e4aa8a3f4d51bea71c54502f3a7c,cd78a5b7ad57da712caa36e4d19e8b1ff2ef234f04f60972a86483e9f66eb350
96e3113ce9334e5db80b0d7667f62989,c534a7036cad3aa71ffcdcce5c7b57b11c93bff39d6437766773fbf8dcdab8cf
7fd25c9570be4b3d90f1e24eb7352474,7ac701b401319280595be93dfcf211e7695c8c01b393fbe33121236abe1d389c
f1a537c385714ccd8cbe6ddd9fb39a37,d072bf57ac5f9bb54719337dffc18becd79df1acd1f8a81f4b55825b0d1c447d
8d6a696e29224d15b843ed81059d71b9,309a0ae2904558b6e803d3e5114b850201d626155c692c212d490c7ad192a55a
f8904d57ac1d4ad8b696c655d3273619,f1edfb1795705b28161b63dd8ca4335271439e27d18b89c33abdb3db55da3cc9
93f5832227df4881b4f86402bb0be7d6,865f273e66cd5de34750fa23cf6bc93b90d11ce04ae61b8ccdd4c4406f6c9a4d
fa25c377ee9141aa8e1b8208bd82c6ae,98163380ecc5577390b930fe5b77783c3c74d729273a91e5a8459dd2c5394bf4
015443823c5f4aceb29c237c5a978c75,884653d7e1e848abbb2aa1576a951bb8a9b83b1097d3d8d6952ecec8a51cc733
ff9dd0c6ea0a4bae85c0f1f7a52a90f7,9e03e0facb2408b1257c713e989cca6be2feb16a74449f6a6f80bb15614c4e77
077c49916632447e9fb07c407e7e4ce6,0bef67ed13f316f00593ff6da40e920c6c7edd0656a218f9ac321ce4588081cc
e756ab2de9e445f381cd8fcbe997e74f,bf3afa59443397644e4c3abe8d7d79fc6e7deacadf0a9463553109223308952f
dc5df7ec929b4591812da4d80ba33bc0,4f1f0919e488e0ce72fa0c6044bacaac316884ee610822c59f2da6a199bfeebb
cc264d5fc48e433ab762f3df150f48f7,5334514d921bc1802570732f1babdc69a258f7508705b1d4e9ffb9733cb1f455
786e684d43c74baeae492b7a85eba36a,510b9c50655c7c267ac91612360bb45fc147665d2394f20d8592e56e9d4bd4f0
0abde06ecced49b6b0cae28738d9828f,b6525592aa908b4559cb8838ac374bacd9f5a0595dc02d9a837c00a95db0a999
cf400f10b6a44f1b9b2050709490c5de,f106bfad3a62771ef4313d06bd39d39f5ef946216cb7494b15d93c6412c2115c
79b92140a70f415eab650dd949753d3b,eeb3417953b6cbc84d6258d7969f2b2acf24f496a55a2e0fc6b1631df81a8f39
74701dea154e4859812efa8419e3cdba,1623f8b95a8aceb78030bef443452dac17e96d1a523bab22bd94eb53e9eb70f3
24b62d12d6924a0689995fc1fbf079ca,c54318c077c4434066fe83c09470c06a44fb0aee58838fd595da4dfba65288fc
cd57cfcb3a0c488b8cc65bab155803f8,ca37ce06034e4ee6941818c1e601f6baf656a11e90ac7903498b0ce61c12244a
6924d578e074457eba3800e785498444,3bff73dcd9e7cbaf080d0aae6394890de1e99f8a8e2befe84339b1944b0d1439
03c962be2680482584106f15662031a3,be9061aae6c7f6b03a0a44286b8095c649b283e2991e3f9ff8e053d6282b320a
60b8c7a3255a4698802e8c6e4ace35ba,cf6bd15252822522b55f8986897e17da220ca577519096b19624eafc94a2ca13
44eed521627d46e7b8e3534f5f21d3d4,e785876c05876f410f5d4ed894ed4b7fe4c3c1d39fe6fb327e747d7b98162925
d9dfaaf73d414ad89b4cd1d9d88ce377,9699113ad915a1f0bb4fbb0c820f8f707125993ef0def59c45521687cd9011be
1d76ef0cb969477c817d109326deab31,86eefa6634d7c9cd2cd02bd3be331883a3ce43142151209dbc8cc0a7b4b023be
484e4d934f394b948f0cb3d23eccf766,24d899535d716700f12b03310fc8c31d5bc1bbf49ce3b35624e1577786a2882a
127a4553c5394f1291cdda416edc75c9,fb742595623215d8a18b14d8525b4f1ca397a7d3b07db7ac940e421451b027ab
444a791757cb4e268086f36b0bfe11cd,5901d1bd2ed0015fefab99d8c50eefdf36e20f67cc602df415da3459331f32b3
b41940573f3e42339673668553924a87,d4cd70883d469e91713027d993c656806621b143a335664c296b3c69d7e2c587
c6911d3b9328465b982496794e0413ef,5c3ad74e2589efc4cdfa9d342e11063c1ef58cf280d55bc2a5e50649c67265b9
1fb0daa34eab43778e55c5c1d5930fd9,8a0521e805b172681f84350a456db6216d33d38fdaae1939a63211e75d73f615
42ac19dc9b5344b0833906f1e78164cc,b7e2eef6087a182fa4ece71cfec0fd9d65541792122e3bfb60d49ed0932d7295
e1d3526ddae94dcc98020d4ff74dd66a,22fa50ab91e7034acfbb6862ae94f81c7f2032dfa53bc0c60bbf7897fe265249
268449818e3c4c56bb095499b9f8ec14,963b7fc1dcca26a9ba060277cb11da43eac788d539d8f1f7549655aa901993ff
5a9f0c00f0f64b939b6a0b6cf77d2cbf,9b020d1dcec4a3b7f912b0a42b4320ee6b89a22f6ca6639cfaa5573f5b925f8a
183d21cc87644898b6cebf1d236583f7,fa287486cbd459e7128038e481c2a0af4886f153b5515072d6cb4a974743cb3d
be17522cfee14a37a3ab84fe7b35852a,8de3835c25a67c9d98dc855b20d14c93f81a111b26d6e3f74722934a08902353
76fafd1d448a45a9b706d0e66ee0164c,bfcace9d0d13a34f0786ec3c8348892a5ba91968e79094435060b2f8d6e7968a
577846382a314c4dafc2c57e052cc7f9,f231c883edf7139a6c4d469c1b315b791cde319c2f4d15dd6f714a40e428c14a
d5a57b2f17f143efbab95ef2e60811ae,43890dcb8f048342ec84162df3423ebfca55493ad0c8fc542178c3de9d0fb597
35b59ab15a1142b1884635a9b475dc0e,1769484637f8dd6c034c808c7fa10af597147e3d1eb36e712c27d64e0bfc07bc
e185dbe1a6ba46d29b8802da1cca6363,0502693c97baf1a8ee2af2e04fe5d81bb3a0ffa07eb01bdcf7f34c9bd952bdb8
140566937a0249a3b677ee1cc91a63a9,d6a4dbbe57ef8841f130cb97a5a8ebe156ae9b221d053d5b1c7735f1ca3a8b8b
bf73ee29a9544a9d9f70828321c3506f,82cb0670872c297730bb42367105bf50c9a4c81aae012bd41fb2584d6bdba9a7
9406c69c1b3a41db9f362cd0a3bd1178,713f0afd6323b91d135facece0b5dc1e20619ade4a92e4706301a3d0374a9726
ac6079f2b028407cb9b3aa1d300e7d0b,151ff04c2e931c80f158c973f3b18971b2da739c56d866117ea54d008ac1bbdc
1a300a6b95084cbb9dcb823a2a3222fe,99317c27a13fb1ee636dfb5f5d77423eb9265f902e0b13b2d08d584b26164a52
df8ed53b0bd9482d84e52ee3ca24a089,5408d8dd4ca987afd83a20028faf72c4887b24d729cb7161cab779e220e4b6f6
38d99dcdb8f34061b9eca21b83495a91,30993533756ae6d14cb52db02b2cb3c3173aeb6d7aa6b98009d5736212d9c76f
6529c010f0f1435eae64dd3ec7063a4b,302c364c4763633f492e66d7fd3971f070ccb6e903ad65249bbc19d9fd42aaa3
052fe12945674afa91d2e4dfbf194144,786ef88eb7f000fbfc2e5fe698dbbcb4341847ec878922528653c979bdfd6d25
ad11b861795f4b4f808bcc1175059ea5,b2d6fc8d8259f526b51b65940b2786669bb315d8fc784713537c574df3db36dd
e38ccb71541246288a8e47cb53dc746b,1db1c5b3a3c8dd4628c7ffc80c0abc524fdff3754e524eec082578cbfe36f45d
5498318bb6584a47b891827a16eb2a2f,0c2a64bdd4f862f916940e35bf027d9e305c5e7c285011ce4119d718453e9b92
2b9399250673438c8c73a57217a980b5,568c0d997fd0c80a5527e489b26e1dd004eebe9a89e097f8c065aa0f6047ed43
8df4c5e2aebd43119785d4d06e99e086,f731eaf3f5a43360896780e8c84f7f7861b9de69cbc8c3f6a222e5306f0d38b2
ff271a436dcd4c83a37b0f8ce42d07b7,3fbeb89b9f3ff3518d82878d853f26e28f3828cf2104724841e61ff319f89241
0de795a23278429d9d139839b08b9d9c,25ae4e6fe05ba361d0c2d6b5dacf947fbc65b9cd12fb3c9497682e634da7b2a3
03c3d3a4803e414e832e92b9ba6f8df5,05049857c2ac121be0530f5f5fc136e2f47b41a5612ded47589a880ebd6afeee
e302b108e9744f1f954f0fefe4c05358,8eb3de988460728682e396d6d36da8459831a0a85d120ed730347d95b2ba95ea
cce1afccfdec4b898a858af931011a82,f9d7c28dbaa3531d00f4855691122822d4c9f94eb882ee6e71098f4ef51dcf9e
9ca57152a6e349bd94f81ea7c08df14c,2496cc512f158ed395c45bfb3206b1dcf271968f4decd3d027c1a31e01559108
f7483cc5371d46efb60613b23dab7da1,0d40f35e13ce6b3ef5cbb0abfabc4e75ad42d6f6bc494d1f861a484e672dd0aa
07e4fc0ee07545fc956f244e3918eea4,f3282d2d7eb264aafbcd66b6a1bc6437f751429b84ef4446f29a4e81c8ae9345
b2a9749c4bf24973baab8d597953a4e9,2103e72ea24735b3f0df202e2de092b13bae8977543135924664b6c44ecc1b86
71bf4ae41a0043f38b5d83f4932fe1a1,44eeb28704e5e77e5ca48d67dccb3bb07283e4dcdc520fa3247f3ef3941d0bfb
5e56a61941e04aef9e827123faaf9f78,2e4f94384a5c859cd0de97fa1dbf93fe9281d2d2a99a8cc257a72c67b8d8a554
9e1fda220a944e4396c89759fafe76af,9aab3f2dfedaee29ff453eff543de6f97cadffd4700741e8788c17f74991067c
5f5b134caad641a5b48d06faa9c51f1f,2ac90bac005954ab06c8a37c30dad5dd80c9990eed571146855db247717c1e9f
ea795cea22bd434fa543fe03f40d224f,559a90dc8bcaa75613a606f9b576bbbd10268dc840d8bd25ebd9f8cad8331b62
13f4d253d5064965a5a241ba4fa0cd38,5ad9e1f604079abf17fa51e9c2a2c7607862a312be8be0c4d8303280da22893d
61c0c4e597914efe9687188579753fdc,1738bfb53464a74f48a98d23a65b86c7dc79c99dfa00909b2db71c0685c06b6c
437ad4f824e84f20a954987dc9c60093,fc3b4d0186f06d019cd69cf078eb53f69fb2448c2c54a00dbc00b192061a8a81
5de42c4cf98747ec87693f1312b3eb6e,2ace808524d68e74dcca676826026833e50eb96ffc14a64bcdfbadc668130731
a740a80aa4654bf8b7cc5bb3a89f7edf,828d297a9886f6ac161b8e18f04a56953407216d3c587f8f06c2b46de0eb78ff
eec4e8cc092245719f6e67642c7d6764,6c73d233fc531a5eb6cab4791234015f16188748acffd875d5c97e0dc6abc80a
50a8f4451a14407cb40d02ab3e770e51,5aab47fa0824e05d3cdf14b2b6f40d5a59391f7d42db1a6c34a61e2775a8edfb
c385efc290444365b488250566336777,61180a324b51fefce59a364594ea33fb87a66bf49e121a8ae79b4085e83caa62
ab32d75a40f749b08248a432a45807ff,2117113e92597d8a6a30a5c43d6cdc99f61b6703944f1b3c0a55a0331f59519f
8458826dec8f415e8c6cad9d33c8a218,1f4c51270d1bb6054181c56a2ed369cc254c10a5a29a5b4c34dbbec4b5e1d0d8
7186716dba374b43bf5abe2d3fd6bc8b,7afba22b1f5a9705ddade575fb2644e1745ac1812ec1f47c0cab17011e067f41
0590229a58f54ec5bc611ab85c30a93d,957f2911e989a955bdf00c563ae6f1400ef1e6b3b833c124b6d5d2a4857d1bef
f81d05bdd95c4d0b92935e1c35b6965a,7f10b9927ff66e98947c5a9429730907b5dbaffaac40996dd9b64a2dc4e28d78
f2c26bb14bca4a848469db257b0474b9,c51313b9e8e085eb8247eb75a52013be9174014f095cccf8a15e45385968bed9
b71c752a2819404cbdf90ac8fd05741b,ca59d08fce6446ed7a2dde6ee48cd0704a6480b03819e1db74b5aa775bf92384
1236e97b9af9477694e1f0e5425b1b51,d5de4704ea47ce3f04daaeabb76f152df639062b5f20d4424e063c5ce1a847cf
d7e30e316f2b4bacab1ef11cdcab9cbf,34c26e8414cd7466cc6744a8dd3135c7c499b08ee4af18833a581b7e8ee942e9
36cb86db86ca46fdb34dfb3c979ac9f5,8714b0e647b18eb03f3967c1b2be592c5a9787717316bbd84f456f34892cc660
aa79da130ea3458d9c71520b9f8094db,237b769ca15ae17d55ffbe2f73991b592d158096f6ed2fb9208195b74ef0b32e
8280255f9c1442b3b6927e29a9617fbf,d75121628cf2d683f0c961863dc361563e1a35a681ccdbf6dc784e3d197f6123
6d8cac0b6812419c9356b04ccb5e9abd,84974fccf2211608e6821ee047cbb4e78ebcf51f53269a016e96031ddef54d5e
05167c30f84d4408bf0cb95c72d5dd89,8ff7f74e7b722298d8afcc101372543b91eb969dd2a782e013160c2021fd06ac
bdbd96b4ec4d440795f2acd85163ac11,6ccf8ac61990ac7c9c3770c73816f54f4187c14cd244a081b3853293ce5c4b3b
bcd112780702496ba56de87ef3f7fbe6,c345ae86a4077cf58983d91dc0fd3a867e9767e11ad59bcc188ff4d3681dfc7b
dc20093dec8a48de8a956c85412adbdc,54e1506ebfd097176f4e33b6abdd4a902f1cae40dcdbea27b7609260930d37e8
e9e37b86a84e4298be89fa4d30dbc39b,ac2acebad3a3deed89c3cae2c77e5b30363c9c2b63b0ee15fd2e85d1b5df066c
e0f75f7596d8449d84893cbe1bc6c0e7,bd7755777881da14219d90302ac4fc9fcfc186c2c1512449250474b4749e3f8b
2ba4d1105ac74dbc9194764efc2e7bc3,139fc3f415818921da0dcc7e6eb3dab02eb734fe88b73f3ba7c69ec9f497ae03
8d9fb4f7fd7548f1b3f9cc21676a10e8,f86f448357c2055fe09a107bf76971034ebd3108229e220c2df0b61c56bd51c1
5bdad8e0290942eab9f3b3a03e53c388,cc25050739e84ab452638ea7c0057f180fe02b87e5cc12692c137c5d6211418b
4cfa07a9e8494ddd864d8a15d93bca2e,c0b8ad938d0a08fc03a19a34d5b6935d47d98e4d088f80eedbb838265c4e780d
d1a5d2692c33487a9308067450368abf,109386f60ee518cb69890182f097b6e7e96b7af1b87e5bd79c34406e10f907bd
ec3ac45908d649d2938fcf2d838b0088,5c7539954052d893c102e03e373bed3b94dd6a1b7b3d282b900da6aed441a9f7
5f8990c22b0d4185bf46fb732e686059,cfb066a318be5a1ade03d85bcd798f3ab11b0087a4fe7986a8412db8daf80c2c
31e357db06fa4876b50756407af86df9,147924bf7e001552365531894f65f8003d66859a8b0ec302ac0ed24378a97770
1e9d0abe629a40e7a23cb20e064a579c,89df8979d1e715479132a208d6419d7a535b09954309e25d1c778fdd2aba42fc
68bcf14ede5e45ccbece8a1935f7d266,8d323a11fb4f21c0be5d8c7d493eb4062089fbe95a8f7bca43dc5dfd28faf117
0224d5c069c441dda9cb1459b398c662,b8376b4e7cee5ce3ac0f8ea148e1117931f16e32cebec45691a866105a26033f
faa0207b47564484b4cc5fd550e82ec9,e4bfb1e45c88ca05fe5ce767234c455b57d5d63321d3af52d5dd75e7e636e8d8
86f9c9bc23ff42a78cbfeb84ef2a75df,e4224c726a9e92c318829082e441d5d1567f104b17920e1988c558f60d6cffa8
c780077dee694ef5b57afff7a0e33900,24916b444ab5a56a27222abbf70ef737593d714493b1af9d65808273f7204bb1
6771baf1edca45ee871ba4e65cd66741,beb3e762bf8d31444bdf14dace3a6e11a3640a15a0032edb492efef0f30cd226
8c1e94a1998544328ae0232d40d39343,a0a405cdaeb2357caf10a4f0d9c412f036c929745359318b84026a17b751f3d5
bf8f2b592e2640b093d092653c1a1879,c65d74561c9705baf9dcc23a5628fc7db1234b35def84802111a6902246ce570
61567b55817f4e488229cfaf6951c26b,85c8e15eeb905272e91173715183262dabebe791dcd98de7ce8083e39fa88211
a0b7da512dcc498981b56c861d415d72,f126b5c4bf4ba1f4bb01cea88e9ce08b70ef9558a872f3409d2b95f1abd2fd97
1114c8c409d743948fb79902b5b8d4ee,720f1742e0119db4b099f58729076bda12c6e84dce6298cd85c75b2f86cc9ca1
e60b92a0b9d8428494c6c7b08e9b827b,383f75836958c16b4c5d4b53c92fa11accdf48177da30c938e24f042804c3652
2445a8dd5f7d4cb7ac1fd928ab336b09,d96d145b2ddc605e2da8755fd1acc0deb88f5c3f4998cf70de699a34580539f3
c4603908258c4311801c1229c07c7788,f052ba570d44b52c8de226404acaee4267b348635c64aebaadf6f597cef39763
cc68343bb7d44ca299fe88264a8ef37b,52f65e15a075253c0d6fea5af0d9d34a5ed625147cab25ff70aaaae762db8dec
873df94820ef4163bc189b7afc196644,672121ce1953e3264027799659d9c8d756326d16390f939e4ca1203212a980b7
dda90feee0494999b7618164e960cfdb,9f21d43bf0ad2b973101de146434542678428ec526d47894cd2889cda6a21d0b
a204afeb99c14871a4381a173fbeb00d,fc33b3a93f46711f11306ac4acbd10cf7cb86cc582ba183402e5acd1ab7e8329
d9d707bc1ccd4a3494584564ee2fbe59,8246b96998a143ffb09a5335b19ec4c8d57dd0e3a20c35474187aca23564a631
1ec52fd59e214d31b102be1e667aa068,9f24647519879cea57c950f7468f30b641afa4ea4d2dfa60178d43dfd3f55f5a
6ec256d861f44737a46f0ffc165b38c8,95af08eb3b8a625f5c9d1b73f5a9ffe2a5eb7417b885ccbbf808ad40c62e7d06
e06ab01f8dec48ceac53625b0344445b,0ee8fc596d410265408b1abc3773105cdb4051fd86ef56f076b52798a7cac1d2
82af52fae97d45b48ea87ff221a6ba39,233074dd602f46ee88ffcbe1d1ef2e41ff03daef3afc15a6794ae7871fe3f830
d59146d4867f4928bee44d5b572ae954,aff3393a1a4cb229704bbb08037ca7783fcfe9ca3e19ccb8284cc1c72f57e4f7
0530996d56724d90b9812a4d481cd7ae,cc0271d5f551c7fd3de39b8ea67d9454ff472f8516ba1cadccf4970f6eb4c392
5635a2a899a14356926c9b4dcc3242f5,4f587c617531f9d39c35a289937c9e763e3ac85306578c48986dd61835d09bda
95ed6e77452a44449e1bc8a1df5a6007,55f871a44e245f161a11da6c84427136f8472f50aecb81d04a2b10dccd92a127
6aa583d9b70b4c8299625de97afafbcd,0bbae48527ef3789739d1cffcbf4499672685f050219f99dc733bc2e540a88e7
05d8f21429bd4d05b019c91391fcb1b2,2eaeff4203be70532d995ec2d765d10439ec0832a7098a6749925e0e70fff6c0
a365b054e2984795a8124494d840c074,dfb7ea636d74259ef15aed40d732711e60e621c5e80121dc756f03a373f128a9
b881c01871814e96bbbf329224e13ac5,983c68d029e94862f1c6db8f8cb06e7c1e6f6ee16bfcd619c4bec710df7a6838
6a1b447afdc74c8f9a9b443a7bc0af57,c832b193626b6e9b827ce380fcab4972ad80f2806297d8f2121ec522b7819b8e
eb5a1f208c314c29ab33cd5436d6f991,fa5279961a9ba9cfdb0a08efc71176da1e1b12fbc1ad626983b78914500792a5
50fd10a10f0f493cbb643a2fa475b712,ab626d7b5c6a71e7f0d29aef7b2d8e253d474804719f65fdc282d49a67b707ec
abd3e91900514b57be15ec3f6946becb,be92b7f28245fb85f59b005a4f3988311bd54eb296a3f135e3e8d59d916017b0
0236806f139b48139744efe8365e48b1,9e403f1f11b82ed1951910f8d4dd2101d610496061b9da9bfdac07e6fe8c590b
9871f46d741b4e64ad5018dfd190d832,6920e67c9507facc9e6dc2897d1939a79399828acd54854ae2728f4861626a94
5205fe9614aa4c58bbc9de8487636f8e,dc7ae25db05d906ccd569d1cf440a68a3553bf915141545146ecc43841a260a2
c3998251873540ecb977b536cb715659,88ca2c327c9fabcb372129426198bf2b4ddeef2da96e86051cc437169d765089
4cb4f2f2ac814bb88ffcf5f71e443449,d2a7dd60d248424c54dacbb247f82a1f8434530942d5f03ab5085a4a0187cce2
888ea1b8f57947cea8a48742f5185c4a,ad7e604f43776e02e15a2991ba3d2b9b1cf2b3eaae523887a47a8112c2b5525d
936aa57cf9544a73921db59bc8c89827,44eec8579273acfc7e281ef4d5eb9630d61ee55729e6cacd97afa471884c9633
4651013ce7254d65a23acb3de913de23,8bfe2962499ce012380399099dfef26efeef6158839610fe39c9b4aa6586038f
d6752ff85c254b2faf50145b98e36023,2c66727fd40f7bf2a6019ff03da5b94a3fcb86c83407bfd01a1e8f5963368bec
faa4d7c918b84391b8d67b3047a00892,f032c4230b98c134d86a22f3bc4c67910209f0bd9d14df9b58e1ebcddf444cc5
559fac72d04245259869b248fe4522c8,25335138ef4e73479fc863d926a98d9d9c8e06528250efbca99ff1b7f03615bc
0c51b9a459394a17a5217ef8a9ffd5a2,65dac1ec4babb73f56523c7eaaab3c51698c6d1747d82b8fd75f22a90b5e7c2d
55add884d3d94b9f95f2ddc1b8ce06f3,08a9d9f9d9e7185d7fe5c880fd575e38765256ee40de11667a6b3f84b48c9e27
f3add3ebbdd7477f883d70e15d506d8d,7a3ffb56db08a76ba433e8984d3b908f2262457035ed3c7e8859c7ea9e944950
611f6b09c45a4ac4ace43851fc2980ae,1dad6942af636e464c9c68768d1baddd9082b007b3a7c2e141447701c9f4d0ad
5f44c39888014547a7a1e8ccadde09c4,d676c3c693c74fcb5720faf9dd188f90dd2d0273044d061537b55205ffb87151
a88339ae3351497ab9faf0efd183d55f,42dc503fbca2151638829a31ec9223aab12b017642ff6e57f0017064676600c9
68893bc0cd6c4b7db8cc15a34396b7ee,98fb9298da9ac890cbe849cc2577e1209572676d0acab14e76c03feb73f72022
d7162ebe7236479cbaf97034b09fe328,d286f26fbc1a940f5bf7fab4e616064625e04b36185b18f21bd02ff23e46108b
e0bc7cd068824300a3f3a4ca31276805,aecfb4c27380a66eaa2929e5470d4a674993f905caa9b8f877868735729e7e96
6c37c8c7d5fd4fdf8bf760dde410010c,ed5eadf154b229e23c41a38c40a03d8d5011a5c4f4bcfebc64e0af0b2c8ca006
35694c74bcd14d19a1ad30252ff31cc6,bdf064eb4e0018ceab8a52b0e7e4508339e14db2945951fab782d50b7358ed8f
e7bff122473a40fa85d09d653003a211,6875a8f263cc1f87d4991324ac3df32b0ddf2b28ee49a363b15a971d996f5b6b
0be201447e964836855154a745aeb3c6,c3576685b68e3db06142e37d9290a3fc9b6d52bf44b475d82176af6e8eff89e0
0924b785e4a341fa84d7a3d115ecb464,2d7cefce6182d6cd620b5fd5f3ebde753012ff847af6d98eeb18806a8177d952
9b658413baab4f18ba6a1ca28cb73a91,0ebb54d32609be09a8cd63656859eef8a5df0e14c71315ee2b83b3029cc10818
b0cf616676d14e18917e69762ec728cb,467b74ccc2c37e779c170e6842d7181cdfd15e99db97b9deb9d1b52ae437241f
7dd7fa775af94969a7c3480ff7ca6236,68885b1dee31b33dbcf45b46e3b0d6a12b31977289713beab38824ee059626c1
1b73f04c66164ff9acee3dd7d4c11ca1,dac900c9e6b01ef2bb6316561f3773680e78e2d50291e35905afef565206531d
ac8d2d8b1a11475bbdd5cae1d8921af3,913f58455beeda8504096aad8b0ab4b770d2238497cd5f34a4c85e7ce75012f5
cfe1b149c52b41cba8f32e3395634701,5234bd5a1d5ebd8a98c34226b00fac9e7cfb01b46c3d685a9f7dffb3be3beb12
11214d92addd4c37b657caf41dcb7f0e,3378dd5a48d00016c0452fcfec39cff4ea6184eb51a5ea81436e2f06b1afad3e
ea525300ca1d4422a1353f916d1742b9,6c6852428b1887d3e91574ad4263fe583ffb652b9407adeb71b1ad76df151de0
df8fc6bbffa743d3a796ca5bc18e86d8,9a13855ad358947d15737b993b155b537103fe379f189556bea2ff8f6c866079
a690b06f60f04b488a6f643f465ff84e,174e02885a863b4154cddb304166bee93bf00d0454c0a6d05c1b1a874441a19e
1d44149977454d9c9fe38a0ac74f2148,b1ea8db31c105f4971b2e82c58e5af1261047f3710bc228b3ae2a3bd0c2af617
e914456f86f444dcbf2e30d5f33b84af,73c28924772dbd4a1521b3214ceb75e0ea6c2b934b0b41c61d04e9c0202c3ec3
3169a0341b92443ebd314eb77d812eea,10527848b3408f59cd70f64830eb201e56db77f03a692b1403283617fc35168b
2280669e22ff41a787912989e03bd0ac,7a4ba64211c3abfef6e4011033a6055d7c542606f88eeb45b150fd2bbb1968e3
fc8ef6c05c6f4488b31ae54565acdf47,a2658e755257ae4d711d7ae10a9c042123a233a8283dfb92c2e1762103200f23
6e05b967094f492bad34aa4b81074e11,3c266800d833944cef115904c25340fb9fb51582dbc84df352d86c5f7526420e
ed91601fdda94ddebe28a61dfd806e2d,b60554eecda56d6ac6cbcfdd45b606d6323347b725b91cb1832f3816b49e58ba
6bbc1a0d68444b7fada35a9b71388d4d,0632285c607061ef7e2e626a9d2c0bcb3a30ad3b841e36b75086d53bf426189c
8f8b225ba02f4314ac0283a07c4278e2,5a1eafa340ae2e1674196fb7d981bace15bb9b60a856f6013f82423115b844e0
57a844b512fd4ee98e30eaf903193330,fa272df5adfb39b26394802371e349e58d64a2810770a2745c873b1f4a825584
12db5acd5635432c9728e02f3c8f48dc,2cadd56880b47acaed174795e38c4c85246415bc29a9d63ada2e6cdc2a149869
36a32bb1f61c413b8639d3364878803b,38b46096922a0873875b64fe467c2a7ee991d1c7d247a89ee5ed7798305329d6
cfb85fe8e2324c8597e8269cbb60be43,5249a28c26c6306a5775f874971bf36c1d161749afb22fa11075d7e9bd283cf1
5e5d5131275d413fb1bfcba5f676f8be,fb50f68a4d9ffbe84fdbd63d9f3e7a21b00af8abe0fd29fb83eb92e19850fc6b
c10766e9e3044f2190382a7f6018d187,ed04159a4e8228a321f2d51262853793ebbc129b4397ab093206d9e98a54b948
28459a7c7d554038b064009c95512d92,02dd2a942ef66d9095b90f0a443b64c8f767a206e74e7acc893028d2ac675cf6
08b9bdf304174333909b9aa59a1ebf27,dfce62d7920fbcfc3ed5417f4285049fa760331a9adb3cd4dcbab6a7d6194564
b7be7f0f040c4baca29f514b5652ac1f,dd28eb3650858d9b96b9844fffff4dca9a1a75eb45b7ecd4508c856033634aa9
40df8e2c4b924309bb07b0375293a4bc,d9c5c848b734aaaab6255aca156b5f59256ee4d591bac51fe2c701cffef6caa9
c40e66efffc8440a8fe3e574b0759813,fdc08789535f4c1c7fc0046614f3b6578a57ca63c4d4b144fd0334cdfc007069
6bfc0fc2c1324a7588ef63804b6789a0,70e512e88b98505025db4d86dd437c9670eff3c984883165f00e898ba1a9c34d
4a63e07092824a4e9ee1743f4a91649b,77126a0390c28022d4be7ad6af1cfa7b8c282545799195147133f482fc2b0da7
bcdce95580264f1fa8ace67e15e5da36,d72d609a016f38d0e723cf56250f040c33d849676bfc7324bb5b4222f2b2daa9
f3ee977813994c9bbf416dce72892f3f,34ea97c788ee66960bc1b487d9644fa8223b55d1514c18fbeab71ed1acee3d80
61bc07ab904b436e9c15abf1d5a06072,1de4a895cf91cb18bae46694299e3d82922c28174c7a99c2ba03135b79faab6d
370397b3c28b45e89b8adc8a7b302196,a85381c8c037e4a71492e4bca4e0fbd5d469c2a5ca8391a09f76a85d3c2ef88a
572ef54c061e4bd3a5b53df80aafcd77,481e69d1138aaaaf556d6e4e8c7db4d536f56a9454f3a2386d268948713e02b1
c6217752d470499cae620f02d247725e,f603994727f1c6bf6ca208695199fcd62dcac564169cbbf5e6273df23084b8cb
5b81825a686747158397e2d0d5c11808,4338468eed10cdece78ad94e9ac363f7868072595ee55870c537c91de2f97ff4
8fafd36d82e947c190c3ebb5325a770f,e3214ecf6ac3bfcc53980277278173b3fef8a3a8e1713e4c02099a0145584f58
3de5a089d954410783ce04ea5761aaa2,7b2c3c52f3913117dade43f09cc7bfc1bcab1e0f97a60e553e4503807c3d8deb
6e33dd0367fb44cab148e6f235cd1ece,4e452c647de1538c5ed9e08aeefcf5c73c5d726bb23ecab337ce2acf2b0573d6
c59dcb81e4864157889aeba27e624152,d91ac3523cfcfcf224f630847e300b1ff9bb5fa93b760eb919335721a9b47ccb
d4d1358980864f40b78c2700b4fa617f,9fec65a7c5bcc35b665a57155ca1b7c4ca139cda1811efe0dce93ad43e973b31
0167d9505664453d9bf7423347141a70,d8457f9bc65ea04751cfb262bddac3d4fa83c97e9f8630e628b35a8ded67770d
c7180338b6a04460946b75e538e5af9c,5040cc0e7d850ade0ea709907539ca3f7a322990afe2b0be2299aacef3259e9c
726ff345899f442fa8485ee37291d24d,7500b40caa621b55c598ffc23c09994aefeb86724cf5943d7a426f5e8bd389a3
8cd345c77cf44a9a88739e65da207312,42244960c681c9ae421fe7b34709ef6b5da735ee1d6260e213d58b985ef1f709
1b2aa3e2c7c144899523b5d1cbd1c97e,9a45d00dc3d02fe123dc31c140b28e2e2b98fa6005557caa99aa396786195c3a
cfe4e2df45d041debd528de1a894c1fa,13f392758a3152a2178825c3e9ba759935844b5daf813a20f7cfbff6df5da589
a646a521cffe408083ab8b742bf48f3b,3002ccf274a0b9a5e288f9c897e784be143baf504bc22e2e3b206113aac50368
90a1b8dfa0a84005a81428a23c080f3c,3152ab6fc165984478f34f3ea77badc80f87b036e8916578399a17270ee02f72
0d5044f3b8e04b82b78e1d3bd5599e06,70011a77fabbbc46ea5761dae95aed9c76bc7c64dd22f0a61437683d20f7da36
603f7d779e424271a137469153e9248c,781516005591b9bf78c41f73a8162608a89a0259b6f0714a631545f143bcd537
ca2c8b3a63a54aecb26c6fbf36eb96a8,a263baa48bf3e4d4f65dac6581e7d6b8e316767cb0b73fe4feaf5692daf16451
7aa18c822ab64bb1a1a916edcfb26dfb,a98c42ed7a0ee7da19f1115b74b89709eec772fc736a2ec013e197b14706a224
02dfbdc0981140b8a74526d312ad9dba,ae0bdf3a90cb15db4a3b416986cedb99f3b48714073c7fdefa3c558d24b6271f
e8fb45f69ae541ac9c8254661e513ce0,ec48ffb4f5aa499e6e841be6d527bfd50734feb38b571559544bd21c045236d2
860e3ae903dc4d9d8a34d2fb30a4f386,eb5ff00e926c4c4647209ae6a20f564afadd2b69b5469a24b8d1d360ebce073f
07a8982882884af58f691bc481a81aa4,dcf5696019f32a6d22006b017917ca5e45f2864fc646873a11e7e2e78f931aea
e6677fde17e44ad98195cb12d3319e69,9a9cb92a4ce8a93494209c87dcdec532990ed7c99448bc0236cf0fe989ec5c3a
cb992a34830c43d3bb3f1c02104999fc,d30b6a1d302635f103fcc60c24936ee5ded8f03431d3a0465e44fd09e6bd8db6
59fa52b62f5e4b5e90beb8aaa3e7ba8c,7d014eed53cc8206e9b5fe50b7d37ad14f2345c7529d860bab5899339608c8a6
6098332dee2346b6b64df90d9712d829,6d6f30bd56420ac2d9aa108e3ed547bb0c5cc4a21055891aa748972ce2bbc7e1
909fb18f81dd4d359922cd798dae157f,50874b7b9ac1212761870ed7c209e000d95f5069a3aff9e4af8bc665bddbce64
4fa286922ed6405ea45a5b6f317862b9,282e8a56716ca26b5cd5b9725a3bffb22bb4bec4001dfc45b5cbd8777474b281
1978eaf17b60447498dc90bfa868d4ab,b39aa6e421c642c3bfedb54ce78795305a8f61fd35a78c37ea57d4e43fb19c4e
6bcab3101706420bbcd58d19e615b904,7a557b8b213d258b4a97a9977a925c927dca8721d2b8f7ad15432e51b58e2d31
b157bda1fa294b1aaf7a09926b3b85aa,86d903769fc340086334488ef360585ebcc77b746e9b75698c651d19bb77bad2
e06a587165574643b97521fed5209e50,3e83f2f84c3e4699f9529bc53d8da229925f72d231a30f8201be68ace12e8224
0544682dda2a4dc2a41e32d65b1490c5,1d135e492349c7913646dc2fb4aa98d01cebbece32f5537f205cb5a000982a9d
47419efc46084251ba66d16b9b0b6fe1,ebf8b2b0740862ea0933852bf63e600b1527a5f72e2a69851288f202b55260c4
46e0f484dc18406396aad7fcd19d34a5,37b26ebc46b61fc8c65d1b2b31b196115d5441254f3ebcace6b26f59627b43ba
85c47dd8705f4e9cafcd4c2e74d6e0e3,8007290f01391abbcd6ba2f1a87c9615a68673d37aa67014ceac73dd11f55e82
542af5599869431f9b71fae9f96589e3,db9c1c607b1f00ce8d0f60828f20b54cc89b1754c9dbf112984b8f4edc6914d3
fe5295f679a148fbba6869edc3b2eaac,05024ef9edda776feebd15e681f3d2e22f373237d186db08bcfb4543f8aa246a
5302f584ad3748a084f972613f6f3e23,f40c20d95828f78a34baf856c856fd8f2768196134c973699d56da03a0452aa4
ea31da769f404c60bd2bf2d83355748f,db5c784f9f43f71bdec83dc193966c050b5e229df0f85dd8f6cbc7acd826d353
b49b2608df734f16b065347b0d162a93,c865b7572a40b07d3e71a90d95b32f6cd5eabf1305f45eeddecee48f5f3915ff
b1ac698f395d43248526e8e237302d40,43f066f1b2bb1cbd4985a4f5a471f7576738aeb8adc4284016bef334a9fbb5b8
3a6e203b4e994052a9ba478653227f4c,9d187d52eaf27579f801bf53255b1dfe9eac2e5653f78671fc511ba17da27ef1
44b9e2200f7548e08e32544d428ec455,b521aa232798321d3026a3c732c9ef74f37ff818f734a3b96ce7efb9ccbc363c
1c9006e4cc284ea595f467ebe8e1720f,b2a70d7e0feffbc8a88c959c4d2fb647b5c3feca52e8ec8dec56e19b629e80e8
3ebbf4e6db3c455b8eccda62294ecdad,e343e541e51e7d11d1e47c9244c59092bdbb3f565971f790477f0b271fe5afe2
ccbd396c8e264a27a6318fdaec54abc4,da1785b585fae44c1dafecbff196374f63fbe6e2336683697949ab5c82e4c571
7dbbc6cf297744e3be7c1c97ddd60d77,e73a2fd7f311277b56100ca5899cc10d00dd1316bb32e7a120adae78b2259609
bebb63db09c84292b23be3df66b9f9a6,2720e23b185d568567a6a284da98dafe8d9f47e495ac1bd8d101090f21f2d38e
e3f72e717bd94155998722d3dfc717b1,6bc9e4da0911c912eb9e060ec28b03b60d8f1a3f6a3a5912a54e41bbf1f79860
5dd1d823fa5c41d2974531c671b0ac6f,08f91d1f6ce9b34c2a634d261237504f6471ea7089081ad7100afd525b55e007
e6f2bb9fd3ac4ae2ae7d57e6bc77251d,01a30bdd70de3950c34644f87dbce76491375028259de9535ba7e044e370f1b5
2554f5f136c8418983b9e5b4f0835ddc,0d55aa211ad53769d41cbb7e31f2a126b09592a583a8203d7c76297d6b8e01ac
40154baeae4d4923a05aac1106019b32,f204779916daf0b88391045c8c06e25265b389d388cb8dfcbb86c713815bdd21
8a7c0a5aa02e47c89392e8d3ae6b435a,b6ab5a76b6ba62243528ae8ab936a711ed45b3d4619951344532428d79371c93
e50b0a2055d54e1a9da0b6159269042a,e93899cbc55732d33261900c5ebe1c98648c585b78a8fb60cf226cc395ebb29e
ed238c4477df4f03aa9ec2d9effae30e,32346a6164ff2b43e1c86df947d0d3eab0ade335fcab5e4b142f8d2ad249b57c
a79d420d76e243faa8dc92519a12cb37,362edc3ebcf957818ed6229809eef32a8366e52f361c11d28711e363502dad45
2dd2b41b04004c0cbfda90fcf42c40ed,13ae45446750f33559bda96882317903dba5ee062241d4005b3abbe0c2f66c4a
d437d25da70843d2b1d171450bb6e255,3b12321a5d46bb33c9fdf0b11e164b76eeb0dfac1786b55290f2ff3722a3c1fc
0abc56730f1e45f3b6adec12170434ea,6e4c8f49d5f9b0addc72004f4be3114379bf2d9bb02480ec029268d2098871c8
4628c38160ed41d28ff09a94e656d1db,d7f846a02791dae855656099f5daf6195a68adf0931652d50434720528f91b26
9ec6d9407c924ffe8defb1ddd7690791,e50bc50345f52671125b3c21f3b4a70d4bbdf2c1560cb35f04a427d987729d0d
91ad75699f8348319e7bb55928dda5d0,643eb0ec387aabae5bdf3c9ce3d24d89eedca476738347cc4d2bc474c118624a
afdb417e4950477f855afd8f01d50a6c,12324ac0860ec68a3ad884d77584edc97a110dd7ad16483d966c8d13128062b3
6482d16183ff4dd89e763684acfbb076,b90b4ca9819db62a20780449244f87462446b715909fa03c315e93cd11167f19
c7e8ad4e8bfe4e55b56d8f9444b5b9e5,762ea16b7726e13d74ab44a5c4f6545163d9d19d6c9f3943df688a000baaa54a
f67ef551960649d2818bd3b5b169be59,b2e75e5480414e141467d7bc524d864a541aff1ff062019c986c596e8be64849
e6d9c13f501a415bb75b70bcb601e33c,0ebeddda3b662a24d8a19d48d60cdf431ab9cc58171a150c2c39b993056bdbf4
f4e05e43f7194ea7b2d58222330a060b,abc1f0b0da19aeadc7e17adefbbf1364bb45e46cd2d9f9915074d3bcba244368
de4b6e0e29564d53948082d136c59aed,c0cd2a927332dc30c7ee040584f41834040c3513fac55f846920595cd31ae8d3
8d31053de4984b09bfdff22efd0f8d5c,77235ed59b81a77e368772c639946f89df30d4a1dd3c3a09ec04107d9361cad1
5a95c4c01bf542669b5e56ef80d7d802,36024a9fc3edaef21076d21c9ef8782dcb072072754d9b6fca44962528df0f37
31f38e977e214835acfe03fb59f13189,1ad024b7bf8ca8ca25bb9e2c3645a36db1187f8378a0adc9377df13ae30c4dc9
bb1aecf1d7d04edc9a97dc5eda85ea7c,63a6a283600de5ad2d73a84ef760c314a977c6d6b46128b7e33cee5e83cc0c5e
af421e58b1624850b1a19bed3802c492,3118bdd15be78759ff1a910cbc60db77b0be8e45f9af2a6ae22e9f403d49f722
46c985cde3164f07bdd74d6f874f61a1,ae51ec571d98c1c46ae4b6d8604816d1b2ca0f4b371e26803686c0bf1c4ee89c
7055038a7a4e402eb34ab7a562487292,9d09f351f10b08d965ccac8b0e0b1123c0b4d9d5ac6c6473b8fc3c1fb0183fa9
9cb3dd773c3e427a89c2d24167dc8606,f4331c7b42f5d81245704797bfe12fd2105285df4b5491d95dfa31d486e4be8f
a2d8a7a4c2d949a78163422d9a70fc9c,b69bc210fa096d120c92078072f3ce4f398a0eae3d85e61ddbfdcda9c2e08217
b6637d1744114444943807b0a39ec13d,a1a998e32c78fb12c1e37061562a55c81c2e460cfbfd5f88e910bcc76cb29ecb
2d21b12cbd994be6a7142a78e741c6e6,1c4ff4bfa0967700be14c391e93f86b59f232fcf82822d26ee732fb4d2e32f61
f015c71c660c4656a17a207d0d95e754,14602cfd4e4f06b26d0f1993948f6ed8780dfb56aae5ec5aac665f73931dacdb
3128732b4ca449a58f50c296fcb9e14c,01e5a36da2bfcde1a37d11bd8e5d95a0428a2f79803431e6b35d146beb9720a3
ccbd66b1ef7e4fbc8a2d4e6905692809,0afc3bdaaa78b37fb62c7ba863723f4a49b19b9cefe444507f0317db00553124
8fa729aab049463c9c9de4d5a45d0b5e,4a2ae8c234c4e4d0f3ba75d8c7bee962d9e488d98bf4f41488ec9db916de221e
9f57d9372ee8421eb3c1785ab15946bc,1b9b9546bc0da6b1280fb6a1a3af8ee980e74365dde507a56c2dd114db443870
2c6eef968dc1439ab16ce9bdf37ec1df,3296905961f1a724c99def37bf3e0c0f5e1e54fd0b1f83e6eb8395c0273005ff
c38b248d82dc4c8bb36ed4a61901867f,ac3303ff669074da8fb27b4d9ca3b142aa9f021861a0250e1f8e4322409c8527
efdffe8d9c314e3bad4bc37d2d1127ed,c5a2797d1adf5677207317c6fdd061ffa8e5326d28479df21462925e95c9f84e
7b44a86776c74cb294a8eb582949cad8,2b25ceea4df637a456765863df052272e128bc5fdc1d6ecc56d246494c43d1ea
6f37ae12a2b94797acc4c293947aa429,14c57ebe9ed67e59ebfac88c6299faae5f10c4aa75cdcb680949e7e63deef541
6006e7c0b0a246b29a730870d90a06f3,7cf0f45aa7f2e57887901aa50e743d7decda20ca49a6718bd3560bed96acaf14
2ae7d9f43e4146819a24f79e0460f378,64f61e04df865e973598915a84605956bf12db932d4a97bf2d65d9d3591b31e5
9d3157e95dbf4a709110fec4c7509085,931843ff7c25aa45c20a14c7cd4f99694cd34fad38b19a9254f37aa4ef02b10a
4c9301fd78d4482cb5d4b369aa9bba83,78831ed3847497616e9222aa389fef54e2a5d2740b364fbcb8225adf65a1f758
3188c5e05f614c01809e3e753aff6db6,7c9783e772703147c24bd39d699f1956c4554e306a38f804ec000240a88eaca0
f806aff1e1af47e3847074a51205bb5e,8247fc2bc61acb384fe9cb87799b9a5dc37f99ed86f7cf783dd6edc937e45258
f4a6ff88d2e44e18b164dc905f297f6b,27971f2fb7e315531105978e047d2831a367e047038c2ca69c6d54ef751c3a13
6f1e2b93adf24171b56dc26738bb78d8,b06c6d48aa344e1a46b1635643093f86c12670bda1c1fb6c22ea9fbfb7f44e61
0c0ceca1aea840688a01eee5e6585f43,9af074b5c2e4bbc300b5190a9df4cded41241c53ccd0fd64076c0d8b73a016ed
f37bccb76b664370b78ea689ef62cb20,0d93008b1f363d432658a5680df2710e1b0adcd80e28b0ae6f1c29019f654d31
e3bca0c78afd4ea4a16c25117d67e26a,b0f3ae84d874bcf21cd6c452cd26d566250196b6495be86142ed15cc2454ef7d
47dfb9ae374c4398b57fc6e491e698e4,c015f1c0fb5e2298ee039fcb6e7bceec28495811fb134a890d6630a54f9465d6
0a91f326f9f94695996810d244a2d4fc,f04350fe19652eb80a5f471609bf06799969c0f4b645746d5052d0ed8665dd45
caf1a80b14d1401d99c9e11c510c80f5,c68e3c48d72b083dc014c1e825e24a8ca21f751fb5008633673e33c60f4e2300
976b17bda9084f83953beb4309237102,a49cf4b4cfc8f5004222f027c6445130055ed529a239b5bbca2cebbfa0ad1fbf
bdc7dce1773e4253abc1b2dee14c1848,311d742e91577d665135cf8777a70014e4b98c81aa140e56d6cbacfc21c837a5
ae5e83bbb8ed41289f0d86e310621b98,32b76561d821e5a3f21ec5be33f1869e3b8cc788950e2589dac37e6389a52f0b
082ebbfea7c547b1912ed34430ba2d9c,122030ac96a3be0e17c498f2a11ecdf65ae82280d230f5a3cb2ff9e587df0c27
cb4bf54d10284d1896ce3ec3848754c0,1657fa19b89c21e34c97387b3e3d35bb73ce11863c14009b1cdc4f66428742a9
2e9f260637284cdc84d3e1657e9a9280,a8f74de9e782ffc55b78c8596f5242b4a366730fd802c70223287f61ae55088e
8abe37acd69f498da65c8cc7500a9b31,f8dcbcaa6d1db060dd7867519908a05d29efedc188bd91abd6f7dea93029369a
13673e6bc0af4b71b51ee9b0415e1907,a88486dcb9769556406bfca84a8624dd61284c27ed9e07355152818fb56ba36b
82c48337b5544a53a53285be388d3e13,2046b1195772cafe160c41f430f89d608743f9d5d62cc8d781edb80129fd5d32
85f71b09e8d447eea3f39a125a5a7778,5d5b1366d52cadb90d7122098a579fdc8f1fb341d90729dc70a02137aafc263c
413a573f16f64fd8beba430be3797751,dcf42a1b4b7903e77105c44c2c6f883912f7a1ae18bccea0d9f0196f44d57f1f
f95f7fca0caf4013bcf8192003589c76,45d08235cdcef17892111bc308d0597a7bfc20308786fe53881782e7a1267611
0e561bc9cb264711b8b11901f294b692,457970aeee98ef1bdef4aed38d71114c3b528ede620ee6c4bbb10fad1b448111
372216d322784ddcb60349e07153421d,72b6528b96fe3b067b92867bfbd3f6b82e47d391599afea39cb85766d2fbd825
f659e0b0d24045a2966bb47129279c8b,88191993df354e5f56747d2adad6b50333ab457b478b1ad0f3f29841d36bed02
d5f6cc6358084bc694e9600fec7397b9,86d702e223c2d58e316534737b7cd26ddb7f8ea047cb37939ee1b4bbd90f548f
8cd1d874127e4de88c3247789edfac88,239d792f09e5dc9ad40621f5d8cb71b12380a97e8ba5eaa58ec5db9bcef55e8b
52353d9be81949429ae89ff4acbcbfca,9a5ed1d5c076dabcf62e71a3f88c992d6492905b6fa85f933402853d05cd4384
c6ad8fb7eed7401db588df6a452559d8,7122625f3bf1f21738ec32aeb014de4bce57480c82acaa04381219852e0c261f
38618b70bac6400a8110a7b74acabfc6,de1107f01691231d4a410e2d1ebd797a5ba243fcdb71a2858c77e3eacd84eea5
07313a428d934153a6027987cd2a5c72,ee29b10e9dd4a9aa190f735a31fa823519a188029eb43da475a32cacac2476b9
6ed221ef89ee460fba154d038efe8c43,b4ab159beed116349c76130276f2513df300c36e8dc5243dbb685a580d8bbb0c
a6eaf401fe3d4b9dbe2e4ada1d18c29b,b949bf0f887aa6118224d10f9904c8bcccde77f6415b9069c76fd2d22406a793
922fae92c0bd4990923e24a09a5a4a85,3c5a154606c9fde946c2d28434f125187affe48452205eaf09a59508e7b3ff38
69249d145d17449d95dc196c8f4d0941,e9e1eb75daddacd468f480ca687b137163ecac68279cb532f21ef32abe8fffab
3077b1d064cc4c7ba61d6cc290778e4b,0701d34a439acbd7ab8752051278165eeee1d20253bee44a3c6b9e53cf68d153
463fc7092a1d47c4870e3330aaef394b,f6f381a447cae8fadfe87035633a8ab2073e33770d46bde910149408e7ea932b
ab646a61b8a8479a878b60b61f4c5839,18399e6ee0e9553fdb17feda4b1039ff196a2a05a8fa8f2a33e7e9d377a133d1
50f455666e5740748dc8a38da69e323d,d6b488fe6644318a4818b6c618bad86fd1caa19543262ec89a3b0d87952f696e
c548675d035049d8866d38d72a17d3c5,036672861f0db55539691fc460d6a9b3a7758d96ed29aed73bf2bbfa4d82b58b
05c47114b0f64c6f895f212aa0b6bbc2,f731a3c666b06201d28ee0e956671f6ac2c406ed6135d94bfeb24504d8313fa4
ecdaea76e97d465b8cfc9a1eb178798c,d88fb77102008977417c06d28f5ecef3f928e0e4398e7a0323e4d3503e5ab9ef
6d6b06b8adf440eb852f140847e242d4,843f1d9e576d3b837e9860acceeb84de40c9a992858825e29e3961b2a87924b5
bf8eb6bb88d84dc491acccc92368e315,b34090150fa5b379fa83dcc22a7277959d42074b758cf41da6fc5e4d488fa574
e4f27ffcbeb1426ba4dd9ccd4589d0cc,46d3f50609b97b76cbdc2b33e818ceceedc8d3fc4415dbb8e43bc02eab08327c
8957273435f54084a02a30bba32375d7,af3113f9a08e3e770f39160aae55c3824c55de5e3f8acee1e40dd0c15a16857a
10b0ad14435647859c28cb4a1b37bfb2,fbe2c9c23fec20229454738f053182aaa874b50540032401c538c0dc76330489
3a58f8f88bfd4a209889fe9a1b74017c,9e7bc305c788e0c7258ffa3b8cac581e91356f174159290fa92397fbfaaa701d
03c0f9a0735b473e881e6bacea6f5efa,715af02bbd0842504bc86c112b75b4215e8bfd668969d6339afe23847d67dbff
885572365b5d4cccb6121565bf817f62,646b2edeaab61da834ae611b7e2f6c97a4921ed55643d8041d5ae21772d4656d
96bea4083fec455a950b04e10eff3d28,87be143a42eee283ebb03f193e40ab058b21af583f3987bfc0cbce628b68df40
2a62df2ccf144bdab740232120bdc525,4292844714b1cbc630bb36f7738cd17f2fb114d07e6289a6e77b7a7944a81872
53b7f25807ce4e0db21bfde3a01fd89c,5aec7f19131b4e832528030b89633aa8b31625812e47433ef812ffe3604f7964
da9cb8d1e3064b6889d00b4789b3ab35,a95f8d70dbb7c4f7119e39ece7e2befbbe35fe2e4082df91e71fbd5422e78c1b
aaa866f945df4e1bb6529a7112ad5af5,806dc429d4964bb1b876a2e69397cc1a1ed5b23c10a8ec79dd04573eacc85e99
3f23bb7a30954961af2465dec1f2bb1c,e9c3dcee839fa68d8598a48037dbe2abf1c529bc31fb63af4d65bcfbaaff6b6e
7b24aee744f04aee9d5ecbceca994dd6,3162ada3913d96819e8366cd276e3334fd870b0adf7d4c89efea35f0ae59a38b
1981adda3fd240f6ba8e3282d71f8ea5,3f0055ad6418e096e34a9d8ca803c7cdc56847f7fe9e78af2c6ef5bdd0771a74
2fe96dd809064a67b4b2341a2a19bc96,45d512b96a9ee1a26b53ab8d335effec83ac4bfa28d54e00803e705d7d86ed5a
eb7132433a8444bc98e3107e6604fba8,c1602df3641374ec2d49c1a15b1789565473a1df0d7b5dd97c76e9f198e26bae
4ce38bdc2fe84b2ba062eb8d50c06799,0fec967220fefd2a53da3223438d5ff6edc02399b89a35ed03b9feb727be7d1f
6b8fb634ed7d4830a4ec952f3be5e5c2,f152265e1e065ca50e6f2a0b84eee233143f5a7e69396167c4f3141d55c49dfd
75cdf59bb9bb47e1b0546adf10557c4c,63ac6778ff5eb0e096a95e12b69ba44c9c4a1b91763ce0df35a706364c34d7d7
1124a30dae4b46629fea9556d5d6bc03,43c3db8d9b54ac6fb046e698baad085e1e0774d03ded30abe5d1381ee8c1934b
cd0d042d96d04d00910ca4071c844a14,6b19fa34436d91f6d416f38eadeb51a7228eed6ba6b98f53913ac45c5cdbe8e7
851ded2914764b799db2ca2853d46454,cbea132216721f6772ace2bc6718244da343148c403e14de0ff4d9a846633c09
01926e0d509f4919a61f4d3f414957e8,e39b3beea18c6169f13f4a9d96aea1a0bea45ca7660e05087778d0561e1e222d
d68b1e1d73ed405abfc42a7b76e60b26,4ceb7ecfedb59b90f868a3371b4d3930f6915c86ab2044aec2883d70d0df4e6f
cfcebb9da61f406e8f632277f5d7dacb,180cdc2c67a476a52bf865ffcc5299a8fcbc8e84afd1df62d19091d36ed45c08
39ccd234671241e1a227003636d5b412,b7df7ae1ff68e91211abafd25b529f98efb52b388a7004988712dacf0192d7d9
9257412826984a2d95531f31456a0965,7465fce4236d68ce3bbca1b662a4b54c3928f538a393f636cb2d7c57be1d327d
682cb58843964a4c8924469dbcd5f244,430ec429306fefe7b80c4d2c260c27006932f5b5fab41f23e9cf1f10f83c60cd
03a4e466841145c882c8efd5abe72c76,e6556a50d4a3dd0e522a5968e7fdda242821402942e9ce47242015efadd6b401
5d2e5d080c794902bf0e799ad277d28d,92a509e8b7187118cf84bb929a6a89938c1c97ceb03a059a2e2881887003177c
b9213b47689b4b1591ed3c94b9b8d5f8,c3cee0c635bd931e9a718da80788408c9eeb33d610ade105bd7e6ea772373eca
74bb83ec6e9c46d5a4317ba46c6503fe,6017421b34a635a7153ddf72ba26742adf00e1c4cec19a9c04acf2c09860f98a
06b6ac028c4549b98870bc1a1f486d32,a3b3ab1c730f60ebe0a464764d11f144cf844a0fd9383a7bc5f88735941c6d21
987f9169ad9943e991200dc01d4bd6a6,dca12ec0651ea97b75406f94678a9be346b331c8c9caebb84c463c4438a103c3
6167a51ee8cb4e67820d816bd9526c62,7767cc8f4a32478344a6fc31c285f5f8c69a1136c204506cb94a53f7ce6e9e49
4317260f4a4544748a6f55557b242b8d,e52d58e097894d78a28be3839c7d63c09707f75a787a8559312e482e418da2ca
eee069c180824ba781c6f6ea30d216e6,2c25ae0de74ea9949450926508a92d9b08a471f1145db717de18aa4c04464e55
095db746544e4abd8f411ca38f4f5539,e29f9454c8d4096ac0fdc7982f804671411241f470cff00c4ea031ab0fe9315b
69d0d82071194fdd9d45e7110f948ca0,11f34dad902acbee5246c987190eecadb62251b4b096b94b15243e6e6a8b5bc5
be2b60df253949b8a6cdbac5a9b00fd6,4303a7535da0ed0d8f4f529645ab8b15aa1242e59865bd0595b4729dd68ccbd0
de47f4bf1daf40bfb846d252acb33ab3,04e90e6613f46ea077d2a7bb4afe305d5691663d078b982844fdf4951be62f56
98788009dbf9489eb498b664e79a80b2,07f80c954a96a41403d553830177a94254cd1c9b7543766999beb8f465f333bd
8228a6d3bbad45e581b83ae865430f06,92a6ac0920d6555d6ee57f924481b32969ec049b36c012461cfb709adcd9baed
2a73cf5b68f74f2ea0c4e7dff1efe945,b4d81f7986a1e95ddf25d28184d6329c96c2cc7446cb0d5e481892793078a510
5b375ba067be4f7fb94bfdb0d0450b33,b1802375f9de1b675e2bde85becbadcca06a7d772c1c4dd93a5f157db7509712
5335f445921c4615a6a039024c87ab4f,fde45c18f83f7cc0ca2cbd6cb2606e8da30a9401f34be052b998390c96327ff1
e3bdc0c43bb24ab48f519bfcb8933f34,b60bc2fdc6273250b9f3ecaafce1f114beb9009729207e10f269bf5ef011fe82
feb64fcaf68c42a092e2badd0bf1e739,d54d28b7c62cb4f8b16419d9f3fa1ba7d4f1962fc40f5cf7b8bc6a519524f0e6
d39e499723524b9e90587d88423ff7a4,62d50938994bb7cf2d7ee32b36b419895dbb1b3f6f0089a057bdc80a4dec7303
bff1015a3d5a48bb9474335a87b39f2e,b9f0f4ebaad1382bc1090dcc42f952e70d0fb7a7f6bab5c1242263d01a8ccd12
eaf1d842c1d04aecae6407ebeb8adc9d,661b72090af726703121fbccc397637503f8a0520c6122d9e1364cae392a0727
ec22d761f53f41d78ef5dc5d0710b2a3,de7efec799e48f87471f0349d0d76db4eb7b3d526873b9e665ef80c341b76cc6
65c13ce5a9304dc19c6863c6341d63de,53f408e9c4280ed80756354e633fae09bff0d4abaf5ec1d95935429bbc6feac6
9d5a26254a94439bb5e4c06ba2cb45fc,9982a1812960e6746f174e259895629bf32780b853605cd644db97df731de841
148c868c7f40497f886ca7acde1eafe5,6e8d207dbd46c564a8049aabd5ed3bc8e893f8c6ea1949c1dbca5345cda2f83c
6a1323961ba948a48833d95435e9eb80,8b0c2d446e69e5409672fff010a755d64f21461f391c4ebc99e2b7deff61d86f
e9280fd8c7f042efb032252e879abbeb,ee188d61823ffe373a73d79bf9e25d88efa73859bfc15ae5c31c735cee4bb208
40aad0cd2b6142f08b9dc0c8cf09378b,76a15708c429f63eb6aae3162a5eeebb6ef900f465087225217956182e77262d
05c9fcb5dfe64f33bce4294bb0c780a3,b39f4e2edc037dc09c9dcd4386b9b6e783db9c23d61445b1653880e2b0de1525
6bd502e412764fc399e023d6fcaee7e4,3338092c94341e2338ec305bc66621daea5c2b3996d8b2dc58cba3b7f66d3460
f2cdcfa886144b45907ebeb5bb7c4609,fdbc51d4bb6ce73e31182b74c9a9b9ea5a77345e93c5926608d7cfc0643b4f24
2c51619ef41241efb7d8826fb8b33665,9d1637161bcae76d9d6a41cd71c1cb80541793b020888f68748a055080462e30
55051df247ed4e66a81350b2c64d0012,1da01a6085dae585646bdcf8cea6438d9c70699fe444cb4e1e7b427dcc0614b9
72311349f2af4b7bbf2fa370ff71b8fe,1f86497828e32fcd7a9b651e5387ee30b1f6fee17d0442fb377ff8246433e1e4
92eef272548347bc8bf78da636be364f,6c6d6d75103bf8d9e3ab639868ed00caf6a49ad853568dc97e77c90351738e21
115f74e0444e46f98bb84d21c5dbdcef,950d9e45c580396b5f290911aef998943a8da43154aa52fb1fed6beca3323c86
b755d20dc7cb4fdabedba3998f92ee79,d8b879b4b4ad732b05871da7f8ed9953dc975b306f0f48da29139fc20a87c5a4
1739b80e8a1140d9ab21c6a41c42467e,b8f44a04c40367fa4934c79f47ef96a8810cf455d9609105836618056c29693b
95772bd4d5034cc4bd953ce83944ffee,c8ae0b0174c8bb5fa879af5449b3b8e987f1c36064e6651e7c70c280db99a04f
a0842042972d49a79f8eb2f5b12ee0bb,2a0be4c660a7e27dd95229958b87e6509ce849f7e832f2490c797040f64e00a5
b81db1fddc6e4a588199f2c860617bec,ff6c57551a08da367045fd98769d73c070904bdb8d52d242e9d8f66c8be47f86
5d74cc95308640aeb2b417fe33e485de,f876f361ef5ad433ca4735dd369aa79b053248882b2ff57560b3cbbdc6e62d13
69beed4c6fa6434ab44add06b21215dc,f4240937bab4b2ba1a1a18e75bc6dcec7dce972b94260537298dc377dee5d819
cab8a54495664af4bc25c48964ec2961,d5dd36d6920457030241a83262d3974fbdae71fd6c17d8b82b43923522f474fb
0e7ce559ca194ea9a0e635ceb45627a6,c47dc5a983a8ed909d75c413c7b3a8231197f26ef5cc76d79a2e2b4c669f70f8
51792e8e79d84f9a9444d41684ce1ccf,b8726dc74f30e017ca9858b15e1eebc15645489c1a4c976bea92305a99b8b1fe
2a1d2aa9a78d4fafbd534522b1c91efd,feefe1ef2217e7cea70082e81a36779b3e6dc6f07b6c9a923f463bb9d7b10c9a
75f4bc70e63548ceb62d02b270d7dcbe,f4bd4ebed4e0eb152f3a5b0caac3245752549131cc2d6d656fea6770898a3a16
19d87985588443b8a74db187b70d7b5a,d904af1d69655093940d5c441be3be910c360f9fc75894e2a5e4c7eb173029d8
870a7a8bb9134583bbc1021a53443526,848bf730aaed29910a90266c0ab01c625413a24aa5f4254c9107dadb3e274e3c
20ba336a4b4f4a8c960c1b4ad87f45af,be641da0ecb8278282eaf334e6a2d9fa32d8af311aa61dd2fba41dbab4694c5d
79c221fb77894398a26f3abbfb6c90e3,1ab23fdcf57cb360b65c4805e6ba917df8dd16650fb80de4317f0e0ab45cb939
1d9fbb6392a34337b4d041a77058c46c,132acc3ae4934ecb43027c7560a1889a6bf0a1af5a42805f3a99d6c3a0c6d6cd
450580ecfc814518b06f6c114668600c,bb855d0977a34b8317fb9ac751041f84d9fae684843496f0d73d7fddff13728a
7bc7ec54dfc04fde9a0db66070f31efb,592af53dbed149fe3d4b5c8b83c3fbb58a630f1635fd4db5962107c0f8d0c0a2
9b0e00a588d040a6aa8e77ed1576222c,a8e298e4fc73620f4c867f47df69f8e4dea8fa50016386f10adcd87282187838
a9f6ed52bde04a388aace2d6fc9e0b08,ef3d92f200297ef49cee0b50fd7b6dd1e99781ab0ea814dd5faab62f169acf34
ce92d5506fd041768cbf34ff69fe697c,b74e48d98e001fce4e89932061875148a99d9445c66dd651d18351c54e090134
3cb77af4162b49bd82b5137a522ada9c,cfa272979006b97ca4b7ec3a9cb8f63395646d132e50dbf82088afac2d74765c
9919c102dd9943e488cb59798e640990,1aa6631b3d2dbc50f4ef1a9247e715aff4bf0b1050bc054e98d7a8d95bd9d422
c5ec1d006be1421aa0439a2471378cfd,fe68d3a9fb4d01e14a83ba9e09512844544feb0b4168332f7c0027feb7ab84a8
3eb4858cd2ac43d58dd4cb29053a84dd,2f378517b6f986ee7a4da20a1db6a3f57d78f86183c5ad65c47ed662746804b8
f31ac8859cdd4c389ff9e2f2f0934435,a4a54c7b4004054ed27be00578fbd43f0a1a14c8a6e04eef5cf25f038aad98a2
21afc1affa7c47aa8122aa0bfd92c232,2a547d24955061f9ae67363957720e570aab50d506378f64bae38d85281f65ea
609a3447e2ee4d33bdeae35738d2292a,8615a6e875c6b05fc42eb12298dd5d5ec7cf36e2b2cccde4abf813d20aa8aa74
8727a046169f4dccad3993516ea3b096,6c03c4b75c2e7c036823d4b20d620fd59f0ef7fbf448534f380c66ec5cf0a7f3
95fe597eb048449dbd2bdb654527eb06,b299309ebc815698bfacecf1ca53e993bd1837b15899885bcaa0aac8bd143a6c
793f1ccae990444e95188cb3eb913107,ee2f2e9e4e921aadfeb284d1ea5d199b0f33292c450bcb78dc6e4657661bd469
c7ed81f419924b19996fce7d1ac352d4,d7a230366ee7acb126f2a2100d7df2a30894e4e4d7111432e9524edb6acf5922
2c694e8da2b34fa1934c0e4538f1e5c8,12140c415d09751da9d1eaa8ce8e23ebbf674803e8a6cee8b217698ac5a284d8
f51a99b26c8a4b10b0b94c18e7876b5e,f08161aeced190e74d995a0b05e8cfe2bf05d18afe5426c832062dac63140a32
5538c1dd77a246bb94f89865c9926d3b,a617a67f326664f9a1402128f9a08a67b62eb9dddaff77c6e896a0656d500b81
9e3e2cda0b154304b5a06840b920e5c1,186f5a92fce8d47b66dd1e7f8d60fe49f5200be002dcf30de03105b3bcef82aa
fa4c2ba480c447cab089dfd4820db4ec,63de988d350d2b0f326b3c51908ab31574ba65e8146a4b801fbca3a52a1dd7c1
56bdcabc8dea41d4a9b3552bf09e1b63,9f3e07c6afa5060005dd10042e609065d4304f72ec383e7d4e685918a1370873
068b3071b0dc4653ad633ae34b6fa3f8,f4f59c03b2534d213dfb783cf003cc5dfd643bcb018a9dce674783832011956b
904af687054943f8bc80694146e6b73a,7cf6f6eb30e19fc2e2014a52df93a7ab2d684397cba69f42ad5192bda9da3d64
b58d79fafc0e4fc8a50074d3bd4262b5,86409988b4fcd992dbf38442f68c59c7eb1318177953ede78b171911b8540b2d
41e6ac34081d4dc29f21a1f8777f0cf5,8bbbaaabb2319508fc1d0027d92388157e3aec05e6eb90a1f2cdd47f9bf69af0
aeacd8bb9a0e417b8eb5112ab5d4df3d,53b3c71ea7b0f85d374b28e1331bd9a10658c0c7a082a0ab442ab64288496632
429bcea8c1204a63b40888269ca6f7d0,504b8a8afb0cec2c62dae1bdf0ee8fdafb58b12252c8c9c4345c5b4033ea8e2e
4dd528b15b8c4d3196e44cebd8dedffc,71a0280d22caf4327e8fa5aeb2b67fa39b62d88a5fb9b13989c531b3b5d3652a
1cc01e034460402d94d78322ac1b8450,5f16cfb91ae99a913691fa472326d8166f569918158bd0f8c0eb8d1d68e2188c
7f9e27e4b0b24c3697099234c99c91f7,1ff83a0e491b0c0b02ce2d62aea923d31c8c7f8a7f3bdc014b46be064e060cb2
c89c051b3acd48409f3a9caef5357143,a6d7d6e12812ec91a1b5e691f53c7b4621afa509ad99869419fd8a72cf0555c2
f6bcd345982d4a8aa8a9fb0538f55a0f,547b618603c73dcb4ba81198a613d2407b337625fcd058e13b2062f303398bc3
e08a70b99bde4f448b9014d80d9547ba,07c81bd04f627b675a25c5002bcb7a45e4342ec4ca465dd0ddac2fa3f8267837
615b9685090647cb832f8a6f6f1b503a,6fc48dd52d01d64efcdea9ad68e063128961946a9e9e4ed9c7143c62dd572d4d
97fb5ed87be34504bb5d23d22a8b2360,72631f9dd87baf3ac9ab6111324781d50223f36d38dc460761a72b827b62e38e
3cee7da1faf546f2bcea02c732d4b20e,72b1d7e69b6843edc8b058cb281ff58f223373842df5dbd24797746e5df45831
e7caa158ccc9476facc1c5c44809ea29,8bf11d44b605b08a14fcc90df241ccfc57f2b515bd7dfeaee73e1565176d235d
0cefde4f2fad4120a79aa4f17210caae,3351f87be030cde8bce990340857647015e4ccd7d03658255d51bef90af77538
02fdf5214ac44b45ba3474a5fd6373b2,7b652441282837f7c272b0d89e4862e0c58ea05ad0ccef67d2df07f106ceabf3
97028647ac604d5486c5fb641ab61249,05b51e7c198bcd50dcbb35629a2616f3618af7e5d3a5bab6d3f58af41491370e
c5fbd021fc1740d48ff860e4554de3d6,a531878f1a40b03c06776b26239322bda39033e9baa82367ff6e1fc5c715426e
825b60a028a84f3688b867a5c8ae145b,d9530c8798d502792639f1927631d33b636a04a0e2ab9503f789bd2a6190b023
99cf8f85bdfa4581b47bfecd22107f98,40044d632c32d116a165f44566527ca84db3de94cc113e2c25090a32e7e66413
7b6c79faded04d54a7cc5ed9e7c888e3,ea47e50adb18c82ad28981e1f7ea7506c737e4147c50d0e992416e5e4324917f
7d0e15a4ed0d4a72b651645ca4c3f34d,970baab7404fcb0747f9f559459a5f724941d932f79d76300a7e259959abaa5a
7fe7a121dba84bb1920dda50f3e2caa1,8be64b539d10918e8ec5bb9994e100b709446a53efa33cf15486d0636c68d2d2
d8da541ed7ca4eb8a13109f6755a8b3d,51494aecfafafc43785974f2abfd40fbcf092fe4d427f09d780fc3f671474ac6
e5f357f9bf354d28a4b26eef09b95d4c,492bd14be9717ca4c78a3e4e4da6505b8d1d0062d054c91fb501afa72ade5aba
dbde9f7d10fe4a3d8950e0924cdffeff,46f40cc771d7f3f0a17135d79a0bcf9a67562bd0e86c14a59534579e12a48828
16a3e9a88b014e3bba13389147dec3cc,149c70a84771d5570bc02228300853fce63350782636f8c52a8d14dc25be7ce1
3c204667019a4cc98830c2d0e3d30ca3,b9964ba1e729f8d1d0548fd5ebf12370cc2b7afcdf7cfbc7b8c20b9e69f5827a
9410f53ff5614037a0e3ffcc9c92ce71,e374ca443ced0d61c0056d4b5f1776927660642044edab5469ffbc282b5d5e4a
7e35a538ca464e50b862e9a33ae6711b,1402bb4d86bf5517051433804cc00a1d4811efcaffb1ef291eaa7ef3e1d8d6cd
9e737d11a258404094009ffba100e79a,951c4da68e2719e4df64a633392eae7c01c14fb809d0e23e05c6393f893ddbc8
ae71b8061d3a49e780b2427f5fa20784,58c6d2b061a82e6df2b41e7c10b007948079e082f3b5ba7dc38ac078c625928f
7fd1b3bbd8c746caae638650985be882,c3c73a68ed657fdf35ea89b1c2ec6b4ef0c8fc79da28e33290f8923b6965fc37
c46dec46e2a34073abff83f2def25bb6,fb2e3485626078ab7f1ad47653f6e1df97afcf6d58ce9f2ec878f05c28a67fcc
7c6f1f0b40484a1c9d50ca2cd87f77fb,1eb787911f2b51db89fe6fce512cb90baa2ee4fef4b713e72221b3e7e2705533
a3490bd3916b43d0b68fdf2371fe6f64,1cc5c7129821971d3360dcf6da9b485bde1184e89bd6e5bbcfc03c1fafbd7313
be337135c9674ad6871a1d0460208bd1,933db4b4aab70551d6ef7ceba3939f538b3fa85028369ff59fceb942eb1e418c
21df0a37bce9430888a14fee37ef4087,2c6391b651d5f2dbc894ab9b4dd14c440270fb1897cf91828af1a4fea54099c3
e5c63b92d51d4d6a81a9b0589846c680,a0f9ab96dd81363f4d58d89c009218638d890c69949c30e3d57944f064206fa8
f9ed97b118624b3facadf6107010ea38,eb97affe73ada9e7598309a2e8bb8e14e69c9ea9b4a292519de93d0be11f7ea2
7dd99ff5aa6b4da1ab1aa7b9f6190541,9961a165c0c755b971a58a9fb7e5eb566d87e651229026ea9cabf07adc334778
51f2b42bd16d41eaa4fb1a47cc5f35f3,a830fbae6ed7940211f6f02f6aaa2eac06bab05732ea61c6b693732f9573e8b1
8516929f42c645c28c91ce7bb2995220,ceae64a0841a10662c31a23146cfb20371b44701783501fdc16710362a4b7809
441093788c1c46e08a1be417a65a6c8b,60233c4c3ccf35b815baa6f42c8dbfac9917c313f491701738e1e157a6a477fe
85f804e7da494414b0e2644a205f5801,e0af75df3a75a818c3aa0c7026a6bf5f7810b8d52a3c20dcf87cdbeb144f6edc
04d751c28c584b138450a651da57fc99,89a95ca71c6bb22d3d04e99b2dc9079114dca402c667adb44667d1e3985ccb82
c3a1b33c968246fc80c11f18baaccd65,4f2612ac2db790c30a0ea62c067533602051abe6ff0cc10e2b2c34e2c33301c6
4f6a34501f134fa9bcd71eaca5d7331d,e2e2b8b1e09efe6db6ea86f13a9a3c64684e2077e34a423a18d3f890ab0a84b4
c3c132a0a0a1489d8cb815f7d91f0083,6f5ab13a2ff3a37cefad88b22d91a66ff6cc2b2d3e1ead1a569e74573db58d10
af740edad9d1496ca521d7eb9fd00d3e,9e2879231c6f8eb94bdeaa7ef6c16f44479c3ff646d943c732cc705601199447
a1f48c0a33a34747877d586d6ffa7f76,a7abc14e72fe9661f966f8b7baf51faa89e12ed7e92b8c7db914fa0e252a3eeb
bb10158c807841b2970ca9b04cf7297c,b9f94a1ff878a37387c16e1cd669501b61a2ff067d054e96d51fe7d169baefbf
9349baee195e45fba89f6ddcee0756ff,8d0bcba2e0fb84e7cc4b436d71072a6435f91f5a3f0c6cda4c93b3cb9fd1a2b6
88a533d052c24252a977ade492e793bd,75f23a72e7b6111412ed3f4cb31e3f09b420d27dd172ac45c472543deb24529a
e940ca846f9340b2a14009631c500e51,d1cd09091878b53329daefcdce63eb5e083ef3c77cd329f2a4306b337e94e112
be1163f494c54f3f82a993089930c0da,386aad2a331f8f6b10c0763bb3ff621ec1aa8a3a8f7e9d78680dee80cf51809a
3c4497f969bb4d44965e08039e6cdefc,76af228a45ac802dc2aa6086acc73942147c50fe3fb6c280f7b9207f5b402f2b
48244dfb00eb44269e574a85a6ce2674,8fdeae74f1d27371797699baed06e7a963066d2dc155606188ccfe245cfa509f
26749d4e566f4ef08c14d87cbcf43b8c,b4f3806743262b992f7b8f30bb6d4a242a7f38bdd29ab3fb7f2fb6b00279750b
8014222983d14e29b6d114f51d2d2401,81ac7f50aae171caea8953d7e87ba8a2777d5811c83efb6e95a868852a2378d0
48446dd156074e45817cbd299fdc81bf,1bdb0970c68419f441c3151e94d63ead3ffbadffe4b8797222c3b272ebe02091
d13683593a9a40a1b7503193cbc7a47a,4e0b66563f4eee5254d0021606bb2445bbe638f21ed7178b59389dc951aecd44
5e8f48d6ae234155b04a3313b8839dcd,2176fa73d4199d7d826e8630d804c94f559dff78e354560912d7cf875658b393
7cc61ff482334d1aab6851ac0f70b2cc,77a6f69f499f9704b62123c11dacc8fd7437a55a53c5f43c82cd07ce26458a4e
1ca8391f8f6d4c90a39a0362258f3e5f,52c286df225f1879639020eb326ff1e9046aa32f9c8603715b4ef8890301c1ca
1aa2bc17ba9844e49c1f234dea1824ab,f7f36edfd56a1140a76e9ccf5299fe8772ba7a7d50139f8c684d2f93a3b5ab22
fa4fd412321b4f058ceb6dd3c8b5f9bf,5d6f9b02c2c8eb06a4fe592fbb671817f4de299919c093f3518942c50b1dda1c
767692369a2d478c8cbc3e3a1127fcdd,555f10aabfe447b63b8ce8d85f9d79179cbcbc6dd2273a5c7b2aafa0f4a9618a
81cc199bbfa443ef8fdff22018112eb5,42ac77cadca974dd2ab0ad6ebdfedac0798be5a2379e060cfb17128eca7035c4
b7ffa1b6a24540bf9fcbee14d859048d,9186d84335db6e7bf6d5425a5868c5a355c0cc96ed23fccaa74f5a9bc1053b82
adf0e9510b98433e92d11c3ff3871572,a5d23c63a8711239c593f83999c3954e17637f484250c3276a23c7e35b01b95c
6fc929b2a377459d9b52edd619405a1e,dccd14431cf70dd683d64f7440d784ba793aa5f3752ed80b5aee109aeddb119c
986f080a71fc43c6b013fe1d974c0a63,81ca93490031d2a8b90c0b12959f4a7467849979fa915860c04afca9b7378a37
8a415d8e799e43e28551943fa348cbe9,f4e6f2c4c31b9f2fbecf7131d8bca8ceb6096452684a3715821662b55b26bda8
b3d54e04561b496da2918e62deac3534,6a8b7e38bc889043eecbfe2fe0003012b5b3e093f2a7c29cc9c2aee4351c1b5c
a68d0478f01c4db380cc99c3c1d707b0,532f86176f3787c483e6ee57952969e1278e7e0511eb1b86a2c893250cde0338
6b2921609bd74b99b5eab6d092626c0f,8c9660ad539cf13ae848b68f829029d066578063a650e89c0cd21f2d71fb527a
b38274f854f744139fb864c549794c25,b7d7cad5c3da332f20504e00f82ee4091fd6f353989932e5aee2f50b84c3763a
ad737e3cca414d58a79bd5988f2dfb64,700d52b74ed14065d1b4dae6eba5b3a39c78b8707f6ff756f6d56924d8a9321e
fa4f5ed26e284e1980887ff63773c73e,eba9765d82541074a692513c2be51057e396e2d946a4211eecd2510cdba7c3b8
97d4ba55f39a40ef886fba87467a82ac,3046503789140ab971cf0661624435e71a79a843e4640e01d2bfc640bb146ee8
52776505077a424a820e8e30cfd20484,4cc1c2d5bc662adb8316614f09dbbab21c6efd67f4fcc7a3ed01fb7b35ff5542
d39937159122465ca86392f403ced061,7ac0ebf47dd1acf178a6b81a5a40211a5d1472f560ac98e59e4b4ac8657df523
df1c5861be5d45e189346f7ad5b153b9,ff11f3e4e79b466dec195ba16f2bbb5d43e50bbb8d8a50155b2b82dd7f8d8189
c8e7d5c0d1ad40bf9fdab06608dda08c,084d3355f13b440ff365c64b6a451f581bc9a5dc1c95ef354c7ea86159897342
f76ae4beab68480e91ad86907de7eb7e,82393808f8254624110cedad688f66be7b5ada452479058283616a1292129cc4
c8835e0175cb4645ab5de4320c199262,fdfac1712a612ca46f9f6ca1fc22b62f63319b3eb2a37676891f83f8f538670e
251cd03c634b4dee8345c987604b68dc,204265835584a7cc0aabf8912f620f2003025b01ca65456e1943490387ea5096
11b511eb3d174e18a80245f960e97b5e,41e9f45d85395840af5d977aeb47b2aa9090b7fc1b5fe9b88fedc60e198159e4
29bbbb23b9a04f6ea59ab94b0837bb9c,2d242c8b8915ffb9a8dc72b51252c5d7661aa750f1ac2b4bf9575a23aa1df02d
10fb6878c3fd49ff8a9ed0f167422edb,7afbfc3be11b3e2d85b23b8fcfcbbdd391b2b7958e3fff6d2783b81e20acef84
15a672628a8b46bdb3555aba7b078eea,97ffc9a637a307e6a7b5122723ad96afeab35d68bcaaa92641ef9b944d07fb3a
7f9ad0bb18904b6f8fe4f718053202d9,4397c5f4dc1a552c49f550f189dba9e729f099cadd3f6c9aa04c2f8471e75940
a5ed395e398f42b99fba1a3aa0605c5b,61b433efaf09b032dcdcdcfa335b9d67b2dc43d44f1ac2240d02782a503ec430
4bafb21f7ff6469b87c067eae8482bbe,a417727208ad6c717634b756f16a58958eb8d572bf6c296b1ed37b7a61007745
d16aa2e630444734b695414010dea7d3,f8d0c23921db39216385d557f44fde25dfe2ad1d0f0b4d934df02953ddb79885
ef7dccf5e78f4fe68d3e4f9780add272,49156f9d01eb08a690c3433d0a2e205a8e4fe728ad4bc866181b36740a0a9a12
ee7cd7b75db2463c849b277f71896744,51697fa1b263069b06da26a55bca5bc5ad4962f99a663d828849d9cae0d148ce
319b858eff9e40348547205f8f4adaed,0971adc081dfae55518418ca0c66f571a7d7c5e91655ad773b420e5ede1a482d
e88d8324623e432dacd901f5f373db2e,4dce14f2b8f6b0fa4aaf92395935715d529fd9f319268f7703189fbbe448bfa2
55e3a42dcc504c50af13a544c0c3b9dd,ca5c50bf3cd057726b9a93747a8d952f88ac3cf8e21228f92d68a283eb5ec4cf
a70181b4e80344718e89c77be3866e7b,1ab945ebbd5d2f8e024c80c274fa5a50cbef78153817e8315fe60b0b52e1f9e4
6f0c2cb201ee4f34b964040cd82f9c25,64296718dc476274f379199b5ed12ad68afdc7c708cd23c359116678e9b1a0a0
bd98be3d2adc49148a1ad63c33554db2,d039fda398afe2e0d335861bd6938e718cc309a2dca577a3013170a0a2f0f95e
3788642d3f584b64a450598a6ec74526,7aa5ff85239adba484218ab3f5b29f9cc15ab453e98f2433abc02b3ed42fc86c
f5092e99d08b4d04a41ec13264478e6f,241367b249fe016977c8e0d7585fc682f8af50e438ea07c096d73339a6df79f7
810e19ff888e41ed8360605429dd2eef,e7f5be18a60ddf7cdf877f7b8674100f91929d601e8f3ae094b98eef8dc62619
8917037befc2449a87f270d084ba80af,053b597a4cb7e717929c58841a21da09e3cc6829448f57fed25e9c3d226faeae
7f2a748c50c640428b750db26c7fbe4b,5d412e393a2d4bd33361133de5c9642c622e067931b0c1aeccd56b6b5b4d7021
8471f6abbcff4a8bad6ccc3e67fb13ff,1331c069fbf232e73b121a1a3123104b7e03334b380a5cbd4b8c0cca8572b1b8
0cbdf156640b4c9f940b0a67ec9e7344,60ca6379b6e53c35de5f19ea9624e66d11a4b73c90dc344f657f66d7f9e4efea
0cb326c372fe41bcab61548448dbd1fc,47fd496d2c6c881c2a701de77947feccca24c549e93ea991abd6d5f61b1314c1
7d068f59efd14934b86dcbc964174f0e,6cdd150c87802cd5b56899f0c21c68c80a9ed22aff065f710a99970e8c7fb203
e463616ce8f24ea0bff8a5bed85aecfc,893ee6be688c2df5a63d3bab88ad145d306c11a6159eb41d377c6c1603cd3c35
1ffdaefed49d4dc2835875f6bee14d7e,1ab8fb72c0fed9ccd772c79a8ba51a372387273c92e1e177f33c632e18978948
6b46661e8b3c4d41a35cb181df9d4fa7,ad7cdc0a19b96b1ccb7a76e397264d2130c471fc603b71ba0d085c8e25a67fee
5cd3df83d9764e34a5dead9ec608feb1,41016d7ab13ff8d987d3e2bb3daeb3a2387f7c2e993c9c18cac9f76969cd0705
aee105d10d154aff928f48c20446feba,2fb75abb62ca8aa315dcdf81e10b2b754a561eb90165e4bfd3fb90e35eaa6c05
39599c56eaac46c998bf1204fe338ebe,040ddde2c4d395ba4c4b69989e5af0ebba24901dafefcb5bf7fc414d518fb9ec
eee9b34c0ef54d3098c02f71fa9e1227,9a0909def70296aaef3544e8cc4da7e45f9e92163f2f10f0402c675d97a983b3
e7e7147adfc5438497d63f5a899e2df3,43c3c74c423f436a2e323b2395630717bec3ec298139819f3ea572fc28c0776e
f36b7b4e653b42efbcecdb8e6b4dcd33,354fe130eadbaa54ad9f7a50919254e810e1bf92b9132e5e29834dde13392b9e
dcad8784489c412294596c57b83b2e39,c466b1da3af4855421233c0bfaf04d9f88972febf3a7d8ba182a80dd17b7dbeb
f176491d592845e199b58e02c355a714,fb493e908454760f9fbb529f25c96d4b91e43d0b58b29a374332355b33423522
0dfbc1e9206141bc8d0e38d7fa2d7bca,91da92318f95b67c8945550b5038fc1056a1882522f6fc396676329f28e63a59
dc710c30390743bbabe386d73f196701,43c3beac20e515b3adb87a5058d89aa303ae9f1dc96e42f8b2ad7d7e7b1a5e4a
60c3e5ce57f14001aaeb67ba449c5975,40f2eba1893111a5948fd6531d5d98c1b4b26e70cfc0a9ef20029e1cddb95033
19315269cc054df694ee6aa410f5b4ad,a5bef8d9038f4464db6b5f90ce396e27bb0cefa2fa0e2119216c7ae98e7699d7
e8b46c1ff6034b5c9e44d717de66edd8,ca783afa48cf584d3330456f2371124aff04553d143777ec81ec72052772109b
625e2e4f98b84c86988b77dec7f1fae8,270bdc8f0dfbc581b89d0b1741f3430e75b026b2f13d812392c190849fe42d89
0a9b055d2f794e18ac2ab40ff04eda4d,19f2b11a10a7983f5e57ac2163a38a34e9c34df6819a503c1fcda91ed7cc75f7
2d45becc825f4a3db83307b6565307bf,99d99eb8547ccf6ae27e277e594ff3062bbeee16c82fa953939afe9e42064914
af5b370f05064699b349f0af809a9576,937fe0f3d518ff5f9b704ec98be1c2ac83b5f571c85016d1de9aed8cd4a9da30
86fbf46f72604e49821d529615c5310f,765dc6137e6d9a41ffb9c0121fe77fc8b4be0b3e09e358c1dc0ed1581ad90cf0
9868c4273f0043068edacbdfc6597174,f1ded9f59a55a0e090a96928eafc1ff97a11fb8327b95f29f63c00920a71beb4
ff32cdf7404f4d0392830dec6376a427,b26732410aa346045ca4eaeedf291612ad0f6a8de0f1035fe7db8b8785a38bcd
ef95326bf36245a9a7694a707a50942d,dd4e05977be558e388ccc56a64f5e7b5baa67b71bd9b15e2413ad1d156c07fe7
4effee5a1f364cf5b7f440b2593472d2,bddb3a22572c5e8f0cd4156644e93f0326ed727120dd0a6f2199b9160c3e6a96
8af15d001ccb4a4c846d0ca878d7592c,8efe5e65a066b31ac429165a6ee565ebd202791995afcd6b51f0a3ce8740923e
08b8640bd6cb4947bf3084879e657c5a,b9cefea08a4827e423ab5d0bf16f7c31514df99d331c9909eed5aab25244255f
ac684b2a5c744f94b1736144c378d0cc,258967ec091c0f27e13c38b7bd33b3f22d3eea390633ebbfe7c00da87525b33a
49a069ddf853482fae10fcb45ba2683f,6704ba88f6276e1dbbeb899c3b22e87c038060ad91a8c8bd8f3bc9f8a5af091c
08163b3bb29b4eefa6a085d58ad1a0ea,eb690bf98fc683afedeeabb0d8a087f910c9bf64cac4056926a482f73d609625
1ddb1cd5d4684d2b92417409327ee941,253ca96dc188f9575e0e06842b8197c9cc4f2caff0519d98229e47063b3d8c3f
aa4552b1513f410bab2fd3186030a4bd,8e2c3246611127d16391a092e6fe959e4f300b6320e365123315a529d51815ac
13bfbb5e265746558d5003a8d5357499,6a19677f6734ca2210896ba679f4d9fe7809c3a0de435058027620eab09e82d7
2472d90361384eff8838cee81d85791d,a79c47bd2e5d7f16610438a5b66b9ded0aa597d1e57d50f8e5e0de3ae6d8a8dc
7fde84df7600475ebfe9ebdb847ddb8d,de926358011541a28d4fc265823ee490b483a24979f59f8fb322dd1efbab21da
3c16e2ef489047caa67a808cc4075a28,fc8c0102728e82ac4a9bc45556f4e2f332df9a954661aece36f2029f3cce0609
91dbbf88cb504c77b77a328f9d2b436b,d077b4262f32c43704a050f9fb952a19797980907fa295ae4a3dc4feb9037791
f28e4c2f74284d07b24acfd577a033b3,355c6c5e0b96e8a28aaa32d45fdf45c43bfbcf6d2a64e102769e67b00d98b281
35cae627ac324d15a4a4a75038f93eb6,6c0c349cc882f91ea287cc98f30512c22a9b76fd6b7b8f26bef3bde560abdd8e
fa78271b7c81424894193e7139b001b3,6652d84d412643256826079eff0f058816a91f7a7510a8d1025887919499d6d4
3bc5a00f788a4fdf939abf5cfe7d5dc4,63e8429ba2db5986ef63f7a6fbc9ed3009b2101ab48a2d2c038ec147b5300168
9872cacf085a4c579a1ba96610632034,97ff24037042808de59807dc30f7a33ba75092a50aa5a274f0a275670f272c6b
2b9151722e764373bb9fd58bd9d8d17e,55113295fed0578f7da0ab0f309538d7bd32bfa588e11bd3c9f607078d4bc93c
604c4baf5069462886658eacee9dc002,9c564ea53f142b0c0f1581e36b2a50df71f0fd7445710ffbdeaa6de12586e5aa
1f98a4af58274fd3b5e32d1415c576df,4c06ccbfead8b5ba691804655db37feffd295772b71ac4e833852dd4be254c10
a461f42545054f4881aa2fdba7c3bc9d,42f0ef5868dd5ca565f3cf7ddacb7f255743248ef10f9bf02a31a348644a1041
b0068c5e86ff4045939fef45704d8751,b8bfd7d15815998963efb72728f499f6853bd9737c36cfeedb5ce8eafa10c857
121f43a202a14523a1b1f9c472eab7d4,e728c780b5a333b35c3fbb306a9c3f3c570f312a86dbda21c96cf05a1994cca5
ea240321ae12491ea904defabfba4404,f1fd9b9d643e542dd6791e5c518050297c4997fc7631386626ce0a66ab4e002e
d051748af03641eb94d0309a04bb1770,046817f07f20c50afc4ae72739864ec2de46a871b3ad42f01f0d0a8697aec5a1
84e36e218c904ad9b92b12961534cfc6,878e04985749d5b245216faf58a2b93380615f8b5d54145ff8c411fb171b572b
a8cc36deae3140178d39c75c83ecf8de,434d9bc4ada5d6d2b9ec0cd1d9c5d886a570b51bf87dc9e0198f02548dde42c7
1e1108b77c164a00a3e7c9097415453e,f639f175c0f14a82f229f4a7b8bf4bec2c063abbae5f19c1b40b5b7261677970
8bb5dc7a189947cc9f116b5d54b2d88f,7a0cf11fa02d77fdd49d786b9818304aaf377490149a7b4ad65fd866bd149931
d74d548e5aa04af89de6679fdce791d7,5e05e5a1018eb17c5b0739dc441dab7e8adcac80e21802b8021e4dc2507b7e71
478b74b5f835489ebf30eac50912f1d3,6c16476f056c4eb85e41d9b73e29df84c0d102c87ef8329a9ff9bac00114d8ad
a49f217e5c084a3da61c65063b56004e,83fdd8b26eb9231e66b0653ba3fbf9b77e67b03cad783ec6bed9fef86583e31a
4b3b1962795b48468b97afbb757ccf85,e8ebf8956045909d3ab0bf0d37269d0f9b17aa17b11eb1438734a58b3d0ff8bb
cccf1ddbbb024380bfb547570b5b6618,bab90349261f4599deec40f51d448ef114e3f60b5668c9cbeaf965616d43af89
93ac16d2917a4a78b146bc326a0dd404,5e056508392cfa94464644ecfe4430ee6098fb02eb3787df6820328b8ffd0dfd
393b09ac730b4c5f8dd253d76231cb67,d6dd46e93aabad7d952abfe7b92dc23837bd8516c281d9d6a96499f7bab4abd5
7c586d5f14684409bcbccac597242bf1,f532f24c5d0bf3c63d7640521c37daf7c927fd998c83ee92a0859eaa89a73704
0ed5389e74754d8c996b364209b0b046,6503bf01ba4c3f12b667bb0637f98054851fdf9dc119d8cae6b76d78a4b47ac3
366a630b3e114f1686e500c06c03199d,f2a8d0694cce0896b2eb37dd0592610300c633843faf8b1d7927c10008c21c67
b6e165b632854d25b32967aa8677a4b3,8115d9c620072406bfb0b44ad6b8f68b104714b439ec461838e939980d7a246e
8d77576dba1841cc949d653aa4526bca,732d79516a9be209a1b153073ba998654882062be61648eb02b631e6d675b149
90dfdb4d30174904bb1ba1541969363c,690c504926a1b74a77446ddd4230128f419b1f2ec92d550f8408ac1a763be2d5
190c745e2ca8452fad0bc7c13dfa57f9,0918bb902689f4dcc8aaf429928b0a91c0e7989cab580d08caacab3c1a2bf281
c1c8f38483e74873b08838bb50551efe,56e377d373f32beb73a73ef7dfc789ee15138257fcc490e0ed0c65baeaf93a8b
7ad9e749476346ad9affc9e73b0e4dbd,bea8ea474cc009f29fe4d1bc51bdab9581abbb610eb456fba053b6ed803fec08
0ccb4f3085de4b428dcc79d503e93a02,23a152f9bf8aec93ed4ecb2cdcab8f36ec95b6c4f273e8201d4d401b835dbf3c
0970cbfb4ad247fd90e626eb1d63e6d6,aed4ccdcb3ebd5b01ccfcfc3b5367aef479d778781a1109e38c81443f287fc20
a1f20cfc8c1c4e1684d077ce091c4ae6,0e64067012f783c7c8ee3cf59585664d89b8071ab0dde8b98acb7ad134febb67
c830f20f7fc2431cae9830fcc67814f9,32eb835a5bae0bca05c7f9a1604e47b44484c18d1694447f4408ab8b7bee5bdb
5eceae38797f40c1aec6e718d8aa3331,ee24129196ed747cd12d68a2213878e93d7f53935ec09d7ee6aa13762b279129
4ba15fbf37bf41d3ac5066e7c5be9276,dfcd1618e2899d7c9613d42ed19ba22aca427bfb2c79c52802335849f29e0d68
7c16d895fdfe43809ac771931b39f2a3,7df3ef8b2dec7f1f4439a7af0f4d025a862c975499908f9df17a5b30e505afd1
72db429896094718ba0d902da52b4ea8,761409350c4a415c094f2104a4a489d4d54c3d46309dfc0409bf3db8068bfe90
0698709f26f94a238494d64d8f06f3e9,7cee3c145e1002e88caf7b1e672018d18aba0fd198d683021b1bff2aafbbfed8
db7a6e750f614474bd5d623afa85004b,d16f4b2e86e9217e34a207a2090d9a6bba3bf226e7e5eff4a7463e71c2b1edb9
fec9e5257d8840e195e668b8c257e1cf,171ad64ef9dddfc9c8f86917bb4dfc2283581a84a370ec1cd8e84db67047b5e4
75a748fefef04de18053f11a7f32808a,a4d51be77b8904b7c44d1eb05cb3a987a6f4e385f8bc11abcabdc41d2d296e38
eb07497c23ba4a8488a17c992a189238,6794d9fc4638ad66c70bead706e6830f25923f76ffcd3dfbb7f91e75d3eb4a7b
8e429b0794f34b0ebba7b95989112de2,6ba40acea232806a9cc0b77f5da5779c5c37fcddfa3e1d3f77351c3e0c7f0741
c39d616c949d4664a04eb7b457adfa9a,12bc6a5e5463fec30d3cda91d3c62a7dbd875da623660655fe5fb23d7b0b107c
4923b5432cb6406f80311547fe26cbb4,f9179f80c12c8c4d369699e44b36bec364274d616497170f96873fc410003c35
0ccd42011f7348aeacb6e4099709aca1,662fe53d48c1afd5dcd51b103560fceaf21cbb8566944fe60bd75b8703f509a0
fe91cbb6a977498a9daad0c903c3ca98,67c7c1ff4ce67b66f55a09cafd899fd0ad62c0539cc432c5fc85f2535e480d3f
03e5d408676f46f3b60907199b7f392e,d32d0a66e6bd24e1532162a7a4280eec03fb69ef344c085f2cf83ef6e62cf0fb
2db296b1ebbf416d9eaa5f3c11427c0a,767b074f08c05a6b697c8f8949fb795d141d113ca6f01c2f804168ce3aadd911
c42878f522034542bd0b0b5dbf7b66e0,4eee5053f2ab8d5868e146282d02c65e4fdfde615e0f57ef139397694d363499
d45744b62593486380bbd0b66853a9a9,40f4c1f87da360960a4608dfb8da4a7be11d72d32b971395747d821fe7fb8d7a
09571ac957ba42e8854b97ab9d41cab0,f85c3520961c62c1804f20ac329a39184fb7310e3f94c9a6d7fc90d6432bf3c2
a23f836337f14ee8bd963ff7bf0a2abe,e18a8b326e15bff9ee9ad5a8f36db05e2047a6545fe8d59b5b268b48a70cad68
4e8e661a087f4dd590bc4c57e6eff45f,44f670f3e8a11292ab2d83937518c0c4bbf29432a4ae6fc483dc22f5f27d52ad
6a31ec865f7d49dea5d36aaa00a90faf,b51704d276e3b7c63561b3017d0eb55eb5ca4aa18374a5f90feb52bd11fb2b1e
2529b65128674981847599bf4a7670cd,7b8193dfff2ee91c8011361a5fae3400fac63b841a2a0a7dd8ab2dc2392b4454
11b6175c1e2b401095fa174fb61762e9,1993d0e3bec2c196d75354398b30c1f592d786123ff12cd390479246cfc46d37
4c1fbb7cd1184a35be2ae293f08c032b,12d0d6d599aa8700e7b3b589a79a9d6b2792c7bbc9ac4de292340c052372b651
c18e8c766dc5400b9fd89376239f0dc2,7a08a5eb4ae3f65ad317e0f249d58875e05a87da633b76eb4981812300f3d57b
8c4c5cbb43734e61ae25a70597e9982d,e3f2b750e6bdd1d935ef2f5bc07c3d3ff0aca317d2d85b2f209c7fc2d41a377e
b6212c29ff3a4e2e9388941df99d588d,52024aeb28bb9305e69eacda9cc6a6d1df171ee37b968ffc63ed3b52542e3067
3854023f10fb4e05b3483a1f12135a34,a4825e8d365fde4dc0642af7b45a4926b9bfb0dc0c3df58593e9ecf9f0617aa4
7b28a792bbb349388fde1a935b890999,baae9957c005d661d3bd818a963428e02067f4d206e3a124244b06b5701bf842
9bae671ad308426695d9f696a911dcb6,c67153108b197a7ee9dd957518cda84200c1589fa2b2e4f19f9eb3bf3aec8894
665f97f31ba8417b9cbed680487e424e,95943407fea3aafbd0f86d5905aa6d213be66e8c8c2756d14efe55d3bf802644
4d230f72b228433e819474b1090e7ec8,ef34313cde759e5d546038dbd8852bd46a7005518d1964b98b4654b21fc6e391
3090145ce3354bde8339e2bd347d290f,4bfded65f0d092b73a30c6d5ff8e97b06e81fe15bee41d0b607a72e97dfde256
b6069c282f864cdc9064e56ceaca4036,4c43ff3562b202f4649d2987ff1abdd177c5227341a834fded9d8bd1f8cebec3
b6ee9f3c92f2475aaf2e263c604a3477,78e94bd38a3c5d8eb86cd5cd4926441eca75b139795b06f86edbd9f8d8f6a5df
5a3adfb97dde4125a139cf8bd0da262b,51a72f5d38144a819bdeddd01fc869a3c66b80918460990e7d006d9f3dcf2b76
43bc471d8bf04dadb032884196b905b4,c9ab8ae6de5b30fa47e6e6ddbc4ce84ddf5b70e281b1bf322c57924c2341077a
2a56a006248f44fb842299a4b4791581,e77784ce641bcf14f7152d0a90153384de01c925fc4371aa3479ab20af70e8d6
ef3fb632e2684d10aab4fe336e72b31f,e8d7d4c5a3e0d1fec5d2ae3deb710a3079fb86ef03efba3baf021561a47807f9
f2bb83bf460e45db91e37e19b1678e59,69d641044f1a1cfdd8a0339e137a954ee8feaf808d2961dee295d404ab1fdb5a
58c85c11b6bb4996b70bc59f145e34d4,73495056f26de5e6d9a35730adda8c2f3ad13720edb928469a92a922d84dd0d4
d569136299f647f58578e0e48ae1b3d8,5ce6f29317f4b715d21eb3dd433d2a6f5dcb0fff09a19a2c19d1b4ec71207a43
403ad816b99847858bc89f2e1b74a6a3,8e059d9008ada8e257cd6ea76b2fef85ca5800a8321c1faf463520c62955e9af
3f8797bddeea48f0aebaed6bf186cdf0,45d2cec9120e4fa18ae744b6e3fa3cd1d0e0fffcc62f83d4194bb909e3c68621
ff546a3d2fe24543864dcf6beb50f6e3,9f1e97b84acfe4232ad316fcaeb62451e8d716e90fa5921170722c02d6ff905e
202543280c3645f78852f5e4e6c41184,5f8d028d419bfc5af2acee9ae3efd580f645bdb191e680e3166a7408cbe025b7
8636e4f10f4b4351b38ea0fff2424cef,5ee7477c7d28c4318328921924f4829d7c4ac1353cdb53ea0de0f56e7cc93b2a
a7bdd504478444eeacf62fffdf77a8db,07c54ee7a11ccc3170c36c81029daf88dfd3d56b4e65aa0f6fa6945869b81eb5
6f5b44b9d3d943128bcd175a4e745c2a,92f8286c563b603df17f5259a0611a1e118aa8a196b0da311ed5ab628372148e
26593c222fcc40c49c4fbb96542b7511,f93aa7d68c7c0e4fd7776580597d248550a19bb4a0002bcdb537433919e2e7e0
7620c9eed9b148d7aac5ed5c7cfbd21c,cab3430f6d4b4eb2f26a4fd66636a8dd38dd8e9751a34e31b25f698b9d756142
60a9bd85ee0f47108fafbdf4e18928e8,a8a809e096270f242213154e862d4aed3a1bfa6c0b85750b074499520b606975
e69cd36c93b04a00975ef2a69c1f6fe7,ce5171cca74af4bef13ba98e0ff8ffcda5a6186b9ecd13d56dc670028501074f
edb63f6545564576b494d1c142b975db,327508c5ec3d02d502e286cbeec5fea732cafcb731ed51129871a6adfc8b30f0
7ad5b5dee74345d19f5bd02bd8a2c9e8,290c54efa31833bd3556658557145a6685f217c9ff4cef18ebd86c5f7bf98813
1ff28cb761764e8099d5db10711c326e,15e66ce190c0b9445f6663a97da72e808d292a7514afceae43a614da116ac064
ef6e4445e7ca42f09d4c0796efa8261b,d4adeb84e12a4be6debcb63d57e78d16cea18ab73b4aba14a2e32948941252da
3cae4e93835c4425aa6a9ba2c7e2de7a,514dcf8584597ab3b570c9bdc6f90661cf2bcf8b2e401e0105733f6c8aee8ae4
0bb6c862323242b2b5f2fa9d1e4f4be2,f564ab85c2bda608f49b498bcfbbae8b6784b2d02a7ef78804cc7600e28de503
29534370131846e1bab6921346187f84,6605b86f50ee912cd93e7c5aa598fa7f6c30f2095eedf5db77562db000afd789
2c2751ef1ed347508e3d5e76faf86350,bd9b862ef44caba30ad31862de224580bd31bf4a576dd3ae0b6a33234774c2ce
26091c365cf4413ebfd656edde9408da,a70fd36853ca18be1e693e8612ad191fe6efddff8efc3cf1fef2abfd2ebc7103
8b0c731940ee4cf3ad6a74b1b89b3a3b,808356ae2a0fc170e95dc814ba0d425ff0e06080ca89938d9462b6584e56da10
eccb841fa6b54eb7bdf5d4a0b9f86fd2,bb666656b5ea8f04b9724aede45a3b6667a5b824f4e81dced9d31d712ba1f094
5f9f36724dc24f4fb2f3cff7eaf8035c,cd2c7cebcbe00e1798df2251c1d167fe55b503836730fdd6638f0820534ef978
a9776b8aa00a49da8a1108e699c11bbd,0ead76aa1055798c395ee57b7b4f4203cc1e2fe3e904d3cddda29d20717cb41d
dd580117c7024cc080ea7ceea09e63b3,1a233a0d1e4f4e00e67a42f1f956f96c7c7e11ea8f27b19bed7cf4de874a8839
ac70cdc41c024516b403d29d128f3598,1e48fab0831906e4993594eaa179c4e3a66fee18be70d74f58fbc78ab74ab3ec
c18a2b11497f44228df31c7e8aa071c9,cabe1f51822ffec0f9d01e94d6641a504dc34807153ce7edd680ad840553f009
4418e9b0093d4c9b89ec105f6743997d,3ad76699f1c1864fad9a2c2be95eca1afaa9d671b719f9f9565b941af9019703
7515fa9b315f4519ac2587eb1c8278c8,7b0c731d18ac8a561055bfb5eb33b52d01d6447c2953c6dac2667aac8ae74cd4
47ec41aa18a8485baa7b91f6f66b9cf5,3fc4666e6a176066d56e3f3f061866bafcfbe7f4398154b14e3f186667d3d0b0
5e972620fb1a4a22ad3f66fc0f41d87d,99c118a8f9a8cfd99a7cefdc2c2d7307a502c3e0fa80c87a5d03312aeafba80b
8cf0d277a8d345cfad12c16c0a6c1cda,b17fad408d0bef6999e4cfbb5bb17b03f8ba578d54713d1475deeefd38b8b096
2e8583153d444eeea97abd752dfc919e,7819f1e3a26f9db1f976d9084fe56e5eece9abf976d64a863a49877c781b388e
bcc6484a8919474f9ffb446a2f9b324c,c7f76244ab1606ce060f3a03aa877f7ff3856e68c9de7b2fcdad78375bb110a4
3225a1027c744671bb6181fec20bc448,0424943dcead0e728272cea5991a0f1fecb4d79e1accec9839539739d86f636e
405ac88900d6433ab8a7248e4a3392aa,debaed160e9effd7834df40b4899e909c69d219232c6657c8529f34a974e4dca
9826c834911b4070bf890d67317de355,65fb7b52f97f0a8618d23fe3d23e4b09b9f1923f64ce556a6b23608dc205647a
63b531d5dc374c30858878f4cb970e12,5afd4f005f33d5977b159fff893635af7e6a653996444d2ba57bbd8067fccd19
d1bd98abd0044dcbb23a610fc84e7e63,1cd302815b345561f011ed5cd7cac07b281de9d148598707ecb7f28a75fc62c2
2adff1f92c164a99bc06a1948bdbd787,e89df8fcd35e8f5ef1a9d1b1292d66f12f13451500e64ce47cc599fdfa5fb48b
59b4d32bdfe34e62a6faff50a0d7a06d,73280132308ae4a3ec8e84d8fd986f95ad76c2f3d52879a66fbe5c363de65c29
92d6b14e2e684c3299c6ac960ff6ea04,96bbc49f4c90fd1c5e22a47e1ca941e7ebeb5812919161c8109f84a471e739e6
46b9d40ef7c546d0acc47afbe11b3e91,ef5eef6ed2b63b58745385f5fe708489fc18cd32d8ef6f45a4556e8ff56dfa8c
75e253c55f6b467494f0b38108032f0e,5fb035d490b841b6950dfc67d0109e9ca777d339e9e43eceb5b6d6c7f0a022b3
ae06f8b6824b48d9bc3af5df84827454,496dddb85cc8b8e70caf32fc168500e000f792a1af48609ca271fe04d1b19992
860382f2782f444bb7d106f0eb2ba354,190604a10a689725d9e2211b189e83159b4d89d440d8e911c1c942a36fd567b5
ac765eea2eb641739e27ff3dc2cb66e2,75b766f4de4b6a31e155b491e8557dfd4ac1456c56ff9e536a573da013cbb123
90bd21f90c3c43238ca674cd8e2a1b6f,739f3ef8d35e4123a585d0fdf6c7e44effd08d8c8cd8110a3d75fb7a46a21e1d
cd7214d65257462db5b88312a30565d4,20e66889808eede5f8dc7dcccc38ede2832fc224ec33fd60ea585705e7f6e33f
87399082ec96434bb2455fbc8f7eb84e,95c2d96511909dd6d76683e3ba6575ff0d28675932bcd73d280f5081afa1110e
f1a5a4c645e942fe8c2d7e06bf8a4eeb,e766c9f75635e708e98cda0c17683cc53a8f0ae3f3124bb3628772fcc465fdb8
266b69f003984ef5962e618df160ab30,bcb936b349266dfa24d5433f6c6dc0eb013b8baaaec5b8589a1403e9bca44fe3
692179f563214db391a79377caf345b4,f8f19db2c22b2cb001f2e440ccead7ac69777749dc88b5f4113f8e9a2a84691d
6c57d70619f54f4f8b0dbc477b088ff8,8b7e53b381ba892affc9cccbffe171b20d611638b98280a1a03883d7d4b72d86
e7941b21ab9e447bb598946444896222,16853d0d1afa5f138f972938751f2efb86a1a35a4063b4a5280050117a1221fa
4aee6585ece14f69ae733d18a34b7877,5a53e8d05655c98f576451238f8f870943ab934b7526f23dfd964f65f430ecc4
2ad1108aeeeb4df6a9388ffc68fc6109,f443373a905e947e939ff7520e3d178dded7f75899a342bcd8834004d27f179d
9f17b09c317e49f5915c1658b468ded2,090a9030f8c1f83e6a912c96836ffce56cadc09f2d90bc87c7e1bded789b1c09
4ad27d9e225d47d5b81e60e20afb4b35,058bb29823021be5ca53008d83a7a90455d5f9358f7200a1a6c57922306a2512
01dbe83e46574a1cafee6016490f7ffd,0cdfe8b20ae97ed208c0f2a3f8b18eff3efbce7f1771f762e96b1fce84ee9790
ff7727b13cda4d91881249ceb723c894,caf7b90fad73fcfd3e0c73f1b9367b65f43b71fb79b5bbf82d53243788c83c9c
562f52d08e194479b945b4103d77ab15,f8a984e3a31847bddfc34b863c2917ebcac9b24e1789d9d6765fb1df4c8a8c70
4d5e1a9317224bd0b8820abc8bd9a559,b26d91242d2ef642b8b79bc3a4edde0182ecd2119dc4670013e11a38f439478f
dce107d99d664109aca861317cc86906,7b4fa079e6839da9711074fa845a4bf712fa2bc56cd87b7c086427868107cd0c
f682a153b97049868c50833462c21985,5e76251a2bfdb1eb9172536eadd81b61ce037677767b268687ebd2b8689a97b5
1ce2aca0f8f947b683f067bb081929e2,eca7fb71493b99f02d917a4b50980b190b1f2afe9260d095966e4f166237fd2b
92753632c1f2415c813950b001ba6c16,724d2fc94df706a93bb8008ae1471c048f82acc8e19963aed93a2faa35cefca8
623e8b05643449b49041557da498645d,6d130bb93fc8a7ee9bb50a71066b265ef68961b4b3a992e0a7a29cae50f7872b
4dfdb1e980004127af7bd1be31d6a36a,7885b13f4f5d319eb8ac2d0704321b7150e30695b3b90ef8c3750aee5fdbc426
cd59287aa3b34b1abd873c8abc3fda97,5191b6aa4969e234405044f6d4e2c428347dfb6c34059131881dc239f61a9f30
0b096fd1bf0c4651a6a541a6cf497ba7,5333d834afe7c88dc2125d6ea36455ba16ba73d44c5fecb747afa93f8dba9642
f78c69e0631e46cba4e5d45a49f6c17e,f6aa1a8a0d61e2c0416d7c85fefb9c9fcc79f3e48fca4d0a21002c1196c93124
674eb74be1944004b13bbdaa34364711,c8c9fed07fb8b997d6ed588028b3d312ed20cd576caea3b8707192af8e30ba56
6e721927b9b8421e886ec4501e8d189c,300deefd8b9abe7a5d0a7419d1a7e640a75004a89ac0db90b94e3cfb38ecd368
8cd6a1109a6d4432b2f5cfe9ae5d93ac,c6570d34a2dd82440c73382f9f24d2eb71fef9cc59e6a9666d0a6cf2fadc224d
26871951398f4bd094c658097176f89f,574976b58f5e9d12406b6ef9a9aa9601a272fa23a8cae744155d882cf57f2002
bd7ccd6fbaf040d498a39a62201caa19,e772d471a0235716ebec3097e8cb476071a4bebec85407472b49d0d8a85c272e
e74890294b9946a68b5ed066d669ab33,1427cbd0eb85075797657987eb149647b6f7e53dd651301d6b6b9d6262c5d16f
3e40cb3aafc4416aa92f823142278ad6,5bb5bf39474aad134e7ff67d2323df08fa106de816a9abd4229479a064c38cdb
9a3e85e8d6ec4fd49a828b8cf9511a1d,effeac2272310a5efc673152a80b502239f4ba3611d4e3fc1186e87312d3ac50
e086e57477d64aceb92d295bf7019617,41956dd3b84527f83387a75dff7fc516241f80d897f7b399f597a84a309a839b
8df008fc570b4228a560438816bb73e6,713b497b941b489a1d104adf7ca46f57fe77ad8d3d39bf937caeb608bed42485
69b602127f20426a92ee78a35fb5e9e9,122494c6ac246e5e63f3f4d18b77c6b82dd426ea03df89dcad9f5b8375ab2ff2
a530f31904884390901ca005188d74f6,6df4618a8554d74b70b5bbdec26621c8d98118636aac959d61ab8d4f63cf8da1
1d159ee698b74edaab7be28bc4bf764b,a5821e357bf1b3155a6828eebc50e43d9dd1c8eaac8cb9f72a54863da26e5d01
90eb97be285f4a658ee1f71b4ff7edbd,5957e37cc4f5c2df1463db15a1ea86b6a2b36fad7176c3aed1720012ae31d4b0
e44c820a1a684da8b431ef9e739364cd,fa6ed45e878cd474707bcb7fbbf0a521ab629ecebafbdd4106e0756ee88304ee
1473ae9c4eba468c8ebc961c04741b5a,e4a7029b5916e6a4149cae0e0d052cdf8bfd4cfc838063f5fe9d9952fcb08a08
006ff9ac8e70474fa8468dd26e736394,cb2a29cd3eed0b95d638e7993bf52a7468e05801ebfdd2e57d6bd1b18d0ea5c5
8e993f474f2c4288acba0a1dbfa2ee78,aa32c204a70a0fc070c87460e9f9d9a0d04934d2e286730e9e3c889dc7babe5e
de798aee2b7844c786b2890260d5d951,a65574c4d5173dffdf857a5ce4513668d7938577f7642b8b2574549fda611200
65fc9e22f6e74b78aff5b6f65fa4f71b,f281ec779debc56c0658f4e5e9b9d418f46ce6ef68d04b8f607a59c131a47320
584eee0c5d6d42509ba54ac2fd12dfef,51a8fd367a49d581391bfb60d273974fb3e7645d93bc5354bc97deb8e593c7e3
2e8952d4916148f4b419f7c8fbf6e9a1,4c188e941887c1545fb3f57c05bdfde6e5851085f3b9c71edc062d13501d0526
63f4f997886440eeaf95d6df49dce4a6,42df1555fcbbb3f7793e809bcfbd8c2c7fa07156d03fd6d504b7b1af1bf31d95
40d2fcedf1924ba2b6a25f4fe675f651,c7a3fb2f2b9e5e94d3becf3d1525e076d9782911de93759152629869aa210fe9
c69f408a407541b6b9aa3d8db45337b8,25f16a3592b7dc2781806bc6acff5f381f42adcd730d2aa9922bd54c8e39c0a4
c24d4fefab754087ac97183973ac0af1,f019408b374b9acd1ad9b9aff1c56640bc3e16021211e778ba7bd05cb732d1df
fa0c64846a874c6fa61c3aa7482a493a,eda9f9cd4c3b1b35f8597850e10277b0aa48493da5486a4ca8388f9ed495e4eb
13a898ce08bb4e889592933bbb3e46e3,ddff43380c3498e85ef331eb2841f17056c1ef51a07f175cdc1fe657d72a279d
554351eebc7048fd84f56d57a067ff6e,7107bf808051d3f8042d5e13364fea69d0a9a81f0faa21cc22380b333ba5cd52
4f1338c8df9e4f5b9f8f9ac5749e25ea,91d30fdb1d0bcd715e34efeb2a4d978754da8143f3f7fb207fdab9cf7dd228d6
2b2f57e9914f45389590a2f430fe9726,12c86e7d82e0d1896a37afa9b961dfe79c730c4adb2fde1a139a003c8b4665a0
feac9270e76b477cbe736d9e0f2b30cf,fd2d60ed2501fb66050c459d231ca65a8bf8d133177e45d73d958b33d3ba4c0f
2d1e2f13fd424250b016185fc9223f1f,2ea6bb1bd26b1f0891c8246eb9d0c2f4ca0abf0a9f7cde4116ffa33a958f96ff
92dde04cfcc84cc7a880f9e2086fdb8c,5b0639e522907dcbcc1aa5520818272ffab95a482e9a0412e2628a17d4da596a
b895eb242221494c8e97d2924611d4b1,cf585d6bd4861ec944112bda31bd5ed7daac65cfb692083ee399d021d4eff6e1
33754c0b7e8e49f5b68374a15133b08b,c06bb9e0e99ab150a1083de5b7fe530794acb5064ba48c49db326d01fc57bea9
3e0ea8c8b1d54ca4a90f043a8120c4d0,25ab716f13eb751d7c484bec894b12ed3b101e3e250afed3195001137f1bff5d
56d0ac3544c341eaad6943b51cbc5193,b2dde097cde5f9bbb3b378154451a123a6c407cece84c4af0faf0a596411979d
0b3fae2f42c64fed9751af434f672e0c,2ebe21837422f92919578f1e98b602c9948d232a4eff0dfd5b80b06f1c05a5ce
f8734d501da9426eae9e7c985b0acc49,0933ac155b0a2e8661bed337375494a95022e2b7d5c000c1f3060d2db7353152
dc3e862042d7446ebb8fc40affe777f4,d6cc27932b20e3d17de8fe42c23c6241d1afaa55921c63307ef1929a18ff3246
7198ac8393c349eb924def7fc67e6c6e,76e9ebde49953e32187181ab2171552c0ff8b4ba6a5fd357e0cc6db1f7436a80
a67907b1f9d940479bb3b66d71999c41,d19f3237548a2f5181e79d8a6fa2885ad234469567b3428fc97e23d5c3697356
0b227beac48f4772b41e196363bce6b9,088765a45ada8f1da855c49c08940eec09f38295b17deb029d5a368254b29e06
eef49d479f8c46eaa03f9e05e2257bff,575efae37d1bf63e3a88cc11824923081a36f121cf85acc3f814fae4464f36b6
1641f1abeaad4dbb9c64bfda75c1bb5b,5c4a44796feea20914d87bf8e7ee25fad6daf4803fea7d562b1c73627354aa97
980128e576a64cda8ec7ad2abb3b3c44,5f5f552ed9472a57e5f4b92b18eba4e4763c1ccbf8caddc8db3b7ddc9217a799
266973215a034815af8681ff4fa984a1,7cbf6771a4b5de6a61b21fdf8b97c3c4f29c50472a61b956fb9bd5387880d95e
420fbc461b4f41d3b65b35cbac1abb0f,2ce1f81c85a8b93518b60c75837102ba626573318bcdad10a3cf99d4af8ac177
174336f0d90b46eeb9ee294ff843a395,a11455705ed880facf42dab5ffad29fe2ed18b218e4cef67b3f84289b6f2394b
bdf172d26fa54475b063cf184245d129,aef95e2ebdb380974afd1d6b455ea113e2215fd69c3586b442c29fb5cc640f73
9babddfff9964c77b0e12c5049034917,bb53c68f51b704e646e35012e371770b585e718ff7e1895c2b0b20eaa6fde097
80e330d3ddb043c2b16ec78b8c4af393,b23f8fb03f4c5da6796ba5259a6fbe7ae6d59626a4ec00b2fce35baeee4babef
a3b9e8dd9ab64ea78ed6066a3108a522,b7e3e3f8bd6bbbe605b3653e426293a56b9e3c80c28737de75b6c5f5569ac759
e2e65bddfa8447b2b0de60c992d8f89b,2131fc9e4fee5c075b09daa7831a5a6dcf6026b1814a8c68253cdf5651c83e9b
9982f0a8feb94f6d9c2819fe57d9ae95,30d02d1876386117f7d28568de3f07ffbaad809d7c7a3705071ffc2ea51fcefa
d8b1f16774144d8c8ea857219ed610a3,7f8d8702a5e47b7891473b313b65b21c72f47b0525cca2d27e2e900c8c29f9a1
6b1beb5fea3049c5b6370c244756eaae,23b99f03ca800160121b2ebdc527547246a1d0965265b5e02258e3b09988dfb2
dbbb73e426a84b00a972edfd4687e4b0,51e5db5a2665590e60cf035d10186310cdc18d1ae1aac0dca01c3a0dccb9ec82
d3930021711c4cad9dc939e70c354892,84f8c45791f5bb2fa01beb4d0b36a22116d176a3f8e214686535f37a83bf0378
d8f864b419ee4d05897fff899962fd48,830d75f9de26bf21b1444e463bf69c03f0672f1cb85d08d17419593d98e3c162
4ace5db1aef142509d33d09d4540dcd3,4a70d3e9dd24bce2b6b0ee10dbf6ee0d95b246a67ed0c8ce85030c12bf061683
7bd844db719c44049c5a1b4f46613aa1,da2770a73edb1a922d4f92184b501f390c7804526d642ef72a15c202ce7098af
937cffa8441a40a7a30a4cc51df06e06,cfba5e5bae7769dc783f5fda67ab975041eeb186a36f6832555a47f3c66df502
672b10284dd541dab5c006d5a8c368dc,2a937de6e75328db27d0b47513e00abe69b7918f0adbd468b6e4bad66dc7ab25
fd6ff0cd5b9d463b959641a279cc855c,569dc795123312624225aecdd26d93af7ce3616757c7044506967d7f328a853d
fd981d87b68947c0ad6fff2373f0479a,2917eabfd982f11e3695051343e74f14507ee900d69e42b6999162ea17b5d0fc
4f490031b4de4da0bbde01e9a2b8c6b0,0c0f52050e60623d8145196437b6776a1ce9d4703168f064bf75d139a0ff8b8d
77460950a3e14687a4940f349eb7ab1a,9cf2dbd7aa62cb4f452273e79d38fe792052952e453ea27de4bba16d41af103b
3d532c74d4734ce1b986c5d6aa83c440,9936b6fdf23e01ffb24e42264baee4a39682368fc98147e50d25c56c9c96230b
b8150ee2080a4e20a124c3bbc31a6871,67fc8390289f9ec1c6e7cf5b1c918647b0e9cc2d8c264b568f0e066afd5230ef
bbe41308ccd24940abe1ef792dd505c6,00afb005e3423dcf3387122e995e8d862cf31f5b40b2c33a1fb8601fae689000
09312a61361d423ab8f9aa5148f54fa6,1aadc8a070d0d0c2cf7a9b2d7ded371bef76819515798e59b163c5ed996cf892
69d075bc377b4d598c36dff42b88ef42,d7a7f8aa1307c808b923d4c30de123eb7361582c8ae993985bd337b91ca66af6
c514203d4e6f44488719db82871a6c6b,6aca3bf57db75964b83b7ac1659683b97306717abd9f3516f4d660c2a9c7c3b4
251df14028994d16a164e983ed9ab016,83e08478f81bd2fcbbf56ec5c30971650c07dcd29a9b427d69de449cb8585503
2a7ce0b4912c4161b672ce5f561f9036,66caf757070fde14af47b824343c6be0b2f283cb49d1a8cab74c7fb138398d7e
0149b754360848a993e70db155951023,e7ab9410bda18185dc4cf8913311f5523e68818e749e10b9be126dc04daae532
f498b7b6a6734488853a201af4630f8b,ced86fbc9979ea5cf34a4a13c579b7f619bb41667baa5a49c0a435a2e88b692f
a6a21011bce64933b6d0ddffe365badd,a74ee4a7cb42fd35f013412cf77954fd750bed63d70d89937745e5fb6d8b3644
b790511e3fab4eac8d557b4eb8a512b9,db477ca070a9b021445917f550fe6537eba00ae64bc84497df85c612b0339761
852923a489d945d2b92bd7236d8423da,6865b28853a854dfb1e9dbc4508e6b2035bd739726c3431c96a287816b94f96b
cc4784103ebd449aa03db92287162539,4436b98342afe81351d337fa60f8f17ee70089d50968a9b28ca699ac1a488793
ee46a1c14f4b4f358839bd2123c8ced2,d59c35249474c13a52aa04f034ab34d17379cc640964fdc89abd08db97e81f44
4cc0f0341f11437ea49f32e42eac8087,2be00f6b89087bae9cdf9e7fb4249672fdb8e1c8e7aa619f69b86b60e5dddc22
f2135ca608084f54a97ad0ec3bb42d2e,efea6151cead0b4c19e2134c72f23b2f8cbd71ede28eb58dbe029d1608d912da
6c7808dd2611421986815895fea1d5cd,68132204d8bb85b4bc7661b6e29fe9927ec2b88fa74f3fe604ceefcb41474ccb
a684441f05dd403294c80347a21155a4,9ef72e1cbbedb83f1bcf022bc7404061872b93d4e69262bc1192638eba842793
6bc81de8fc4a4e04a70e1e9cc178914e,0596eaa016cedc57c92fe113e406d74131349bed38a1cd57607696fe64d9fe50
6829633223c94400ae93b05c49ebd345,3e3bc71b9cddcc13861a47fa5a7909732d8dbdd6b6b0ca68d410aa17fc0d3c75
0f7a67a02a0b49bba28d310e7512687b,38cb08d46a02b5b9f5cc1e3940c8019c0e58e99564ab205ef10a48e318ab996b
81e5903891174c0abe5d9c90ccf21dc1,20f9dc13decafda7ca7706275dae417977b7de6093a3f51a76f3066c6e369c35
93eb680624e646c4b5d5dff95085f109,21e6048d74df7bc32d2f3fd3982aef5536316b85fa7a71802d30acd5537bec77
e8e960985f32488f96aaa971db16a2d3,5b37dc9c865194fee2cfc65be6f22d603381d4ebf22e699f346ec2ac2b0a50b0
c808267a7c7847c289c0633a5df92a80,c0d25760ca29f00423ecf31e5c800c82315376be4dd14545f93e9bf3965d7bc2
b6274cdcebb745599f7dfcf0d532d83c,7c789a3a98b1d2df93897a38420ee648adf4c497d40c50c98272c1146bd09092
e8413ba8faa64a24bab07369111db94b,d97bafcc5b881a560d101e9da319ad0839af6d0d455fc0a9a1a95dcdf2f0ae88
554edacea2d148c9bcaa00c7a9b4974b,d2935fd685665868e64747b5a0d482b84543127d534ada819a7ef23adfd4152b
999df20395a346509acdd5fee1a887ad,2924f793771c558abf950dff5d171235a68415b85d15336e363a0e334d5de8c1
cc772104f4e943e1b6412f572f65a44c,b1fc1bbb7cb59c6d2e0a4e9cb3b7afde322079565a38a26b1f7b3a6a23b983db
203a4b51b8c5463eb749830eef6e95b6,d5d999e73f412864c4c5194d2b0f4406e773dc8bffd228ca24a92bd530ce64bc
55787678bcf64ff9be8a6ec1e05833e2,215b2e22759013cd7f8eeb84e14dba05adba4e1a4cc50ea4b770a8a86db3f75a
65e2b904eade454b8ac1b7812a82a00c,31efabbfa71a4a5ce4ced95f50310062cb5e7326369b310a2c4f6520a7f7f0bd
88224f2b821c4cb2947a52238bbeb9e1,2dbb512857b13800b75e5c5199507fe1f41bc6e5bf6181902516a311205a66ba
50b21f0c61d845219be438efd5576680,556d2f32f59ecf7e6d5dc242f271d8df69684db3ef3f7df686d97bb51606c38b
dda027b2554c48ec9fd3abfedb6dd178,7d32e6bdaacd2e0ce8ae738c9f5dc6dc5e3ff78a69602ce6b98a18ece3294e6b
47d985c225af45d28f26a4c6dbd9d782,eb15290cfb0445a78ef9f5a6ebe38cf29574fc952ea91802b0fd81b1c8198fb4
0e1ac776dc894f2b993cd465678f9589,33ad5e7abb0780f457a6c218d0932898eb3b61091fded76f86b0fa6061f7141c
7478d00aa5d441d2987e939bd9e8f9ac,2418c894835c15e3b143341106f834021eb0e7514b9fa622f859c53e6424a7a0
73ea12dc9e1542aca6d36111cc611191,d6589d9362694e988b7b2417e98dfefdb296683728e1ab506ff78f26f533ee0c
5135f87af2034de8bfa127dd44fca06f,6e32ea45c395a8f27fbdb6cf7a8eec1a37526eabc4eb8a7e50ae015bd9bb1055
fe367c345b9444ff801b9064c178749f,dcd1dc6f720e1d9bce9a809b69e10ae184d75a5e2c8b44a89586ab2f5a4ee7c7
ba5122898f7148f788d1b72d71073d5b,38a9bb687bfc61b556365cbc8111d47f7db22d29e1f82e1c2a91e8ddb984e462
be74949cd64a40ca9a1048d98d3e60d8,f9ab9f20c93589685e463e8b5aafd9c3412f625fc098218816aebb36f1afa271
d97200a696454c6ca86363ee24494f26,13cb412cd39504c7dc8680bd572090a85ccf3f102cdd18cd9f72361a61d30b58
445c72ad524f4fb8a835e9fbf6cb5573,46b03a40033dc89cbf52663703f124ce791f5474b21c2c61cab7129eb359ce18
48ffb15358894a92baa7ce426d5f509c,70c3b4b73d2f9fb44c383c8b669fab7a2e8d10737894d434bf2ba91207da3e80
07f9b1400c184946a4d4354ddb318b18,60332d57506533bb56d115acc1766f063de947438595bafdaa6f2485af3c12c7
641cae94096246bcbc14999bba286ae2,4ad87b0b4a79e5765300e4051a6e34d422d116df914fc7b0e8be7ef9a9d617a3
523b61db04a9402dafd004c8138161af,b1d807cf4e6444bc9153c948acdb6a583f201ac68c2bb599cc51567a3d745c74
ff3d5ff350dc43cc9536ad0bcb79d2a0,455e7601b82a12cef51ae7679d44fa19f6dd189302fdfc141d9fcfb2c4ca73b1
471083c204ff48418499ae82b76b3d14,ab92f8d19ba04f5eda1f261e8c4356401b9426dca2a1d890833238df65eff95c
e1ae1e15153c4467b30451c1db2a7c43,2a4fa8a66425f6c67803c0e502541f571b3baf2f26434b791219c023b3564075
a53c8bd57cd44710b2ffedcbc621e31e,bc089dcacd39236bc2a52639ce38389f5ddef86044b3f393e4e511bc049d397f
d425da2f84f946d58c123ffe548e5ace,5d07265b40077447861f689f582c106214fabd27e33c7a5ab4fccf1a45a7ae82
c59b29e304f943fe8cefe74b10eb4b9f,c3e7e673bb736f667068b245f31cf02317acb895b4195b5b86e39523536e32f8
02cb62a6371347979be8b13ba054d0ca,6cb91ebca3749c3919fe661614c1ff97aa5d051ee89589876c3348d535f4b620
60b75242e4ad43dbbf5809893b9c5377,9e4839203afabecee3feec2a495beaba7b05466e72c6039ebb3604020dee6f72
0f0e502286104721a4dd382897e38df6,6214ef485a6b7d8565a2b429d4027329ace4e93e0bbb6393196db1435e9c286f
6dfd7099d24241edb58271721919da97,50bf5baef897ed4def6c5f8e548cd632653aee143e36ca8fb4a2dc63e56eceb6
043a4f10666b4c4095a5aaf8460ff500,c085599c369b0c24da38d0f8c55048318d234824f7b6b728474af87b5f64caa8
8f358c7879954537b2d332b0f7aae19a,d7ae3151e59f686764f2b07d12e77dbe9417d59944b93a5a658d219dabaa269f
1d964e5c44b74e069b443c3fe556d5a1,bf4b9856adc171ce4c8605277f7b6fb1a72995c6a97781ce67d47ac5022b043d
e0a3fda5fb22419285e80233597d9496,1288e46ee2d01be15d64401d81d124b1bb36fe9a5369ca5b0e8f7bde4891e958
009266a5ed274512a888623450721159,00a77c0012aa2683e1a39d17d568a5a3773be771630a0c4bf74451c3d9145165
6869b803ea814f64a48d8f7ff0e87d65,9bab2751597a7ab5aa1511e65b6fd628072068f26222cfcb4757ae53bcfc3e02
5b5e946948944a6fbb6e96a7de9c146f,762b5454770d4d0ec603247bbcbe84e6cdd340e87b67d163bc82375faa7f5a83
4ecc8d01750045f89f6e55fe2b85155d,21faf1f7dc6ba9f3e82423d7b11b07a901fcf1f60d670b263946fae4cd940187
43b2af33165445b881b149a1657b802c,f097fcfb6882b23e414fbd838378d747e3db4e68ca05c36a07e87269891f105f
44e35229f840447a8b334bbdae0ab4c0,ee0abf0bf77301c58c3239308602e6f77adc6aea4bc74592ce749f5cd61056c1
f516a862c3254df38e697021f2a13d07,6fd0915e0b8cf4b40bda1698ac267b0d6ce7bb7ef4eca6b925d0d89bf7070c03
e963782511ba4cc89e1069b22bef368d,ebfbc7b3e10eb59f8389e4655b5367189063a071b5ed196525e2f9e3e060859d
166dcdecb7534aebbade94ab5367cf09,7781584919a1b527640687e859555ae81c6444fc52bfebf21aeadec07bc838af
a8511e2e01a84ee2bd4c9d4e85782163,1ae371b05e4fc2bf99357ceac629da29a3cb7dcfaab8e767fd2699ac2907bc0c
072d10dcbf8445808b2b78b67b96188d,6fa953edf85506aba529f4443ca5836485d4bc14a1364688c9601fa18f3c3be8
5f958bfb8e15475998cb219a47e35526,874d55f8d7855e7395fb261efab99983f5c2703dc5fe0f9a7bfa918782fad561
9b7067b1a9e1422593c45ae850f4205a,b248c349f0a58b6939c46b6bae67368d25ed19f896f49c5ecc58b8a3b5390607
863c920b13034b0c9f026f4c09683747,4246e93fb284274ccc155f36a504c4140b77499f1e7cb02f5bc604001c095fc9
d30cae7c3e6244959b7406764f026445,bbabfc81a48f5d99fa713ab20453af561a40250c714f249d2e395ea4fcc73c6c
df6e61672a7d409698e26abc8a26cae8,40c0913227c50ffd33766b1876fb5316c3c6611eecc0559bd384e839139c165d
cdf2342139b14a708aaf60e5786cf9ef,59daef75546636ba9cec4470528665f290270b935d687d865f2dadbeb27e799b
062517a1aed64fc48e5c9643627860dd,3cf1200a5133139908a45d2cbd55d25475995b30257eb2a27cae9f529eb95be8
edbd8de727434b3ab40ef8869ed0ae38,f5d1be31187f9b0a6427c10bee68d2f0e46a9dce68aa57b457b111e43ece5da8
b1d4ea66027441c188bdf0de42369168,09300f4806c84167fbc403753162a6400f616ee3d4a3374c509574234ecc5525
7fd331d4fc6e4dcf9af67e29dd7c2110,dd05a149ef94093d67b4fdddafaf4d56f1bb7a2dc73b222858dce40e441599d5
9e2d3055ac3e407a94e5ef82f1436943,f1f959e2cd7ebedda29693d0173f804f6f3a934f8377425c6b3f46487d1c68a1
557a2bf6320a4f639957202a0cdcb087,0e0af9d13d0ab990bc8209cc74459ed6df12c1b41075b11ca50df7c57181b5fa
c94c5dcdab8b4f80aaea5e70449c9432,b66d8018f7f8669d15a6c3e8f96dfd04793aa9917850ee76926b58594adf8650
85fff65d5ded4a71a37fa86c7c9104be,f803449418d2efb9097d8fe37208b3a4b6fee2a8ed809136dc0bafd69d5627f4
9142ccfd840d40399f95c05b99c80ca9,d2e4c42a37d908fda612f65a5c4b9ba92b5848f28963b5079f87fda1588ab35a
c47aafd41db548a2ab93d3227874fe98,33cf545957b9fe74ea8f3b8bf9d1db84b47ec7179754ae3fb3dffca923b9c0ea
647fd5a3fe6147b78a9271515a58b25b,4ca5368c625fda97b458ee4ca577cf34c16594a7150cff94e4db66a148603252
49e26c860b12479a969caf4d5b803252,125a7f999cc82e6ab2d0c54d625e06a0bd52f5dd1e9d0facce300207d0815644
4f737377542b4f1fa95f73ea7790f58e,e3924bb003e6685ace1e12aa40178675f4c3edbf320181e3fa2004cd8b4b8c66
db3e54821b024dadb6528af3ba3f5a44,1b44d753413e4cec4b58c3ea31db140c84cd8e891f73df2324d5395390ac5efc
ed2689cdd87d490a909ecef24e4573cc,a0474c5c32f57a1699c7ed5f9a1712fd2ce475fdc1cdd6f87f07feecac193792
a378137f08284bf7ad92b52039335f2f,f3759b74a6654025d248ab2e9251c0bc4d500ad05e2ad775b98a075a5499797c
eca3b274e80c46b08210869515afdded,1893cd5f586aef8a5430060559481fb00512a07d70cbf3fac5cced41c36c3caa
5325af4ff71c4beab5f4852a2a6c86fe,23eec12567fa984fb3258de9675c05e7921cf1a0ba5f0cb9a0d218e54b926c84
4455a9895502445e94a9b2e92e156ca8,bd0d309ddf331ec59e219216ae805a526b8356b0da8a8450cbaaa585858f98d1
e5ea5b68a0ca481784853bc0f9f319e5,4cf8ba8ff8238abd03d335a3d163fa490b0ffe6375d061a59594775cba4e3c2e
55972cf3aeb2440baba3ff3b144c28c8,61cc890f75280481b4ec7c09d44d49307cdabaa3fc5f2aa9a7f9fcdaa3287888
0710a3e7b51b46088d3d65a9fc8acc9c,a1b5c92844e8b26c27af3ded2c356a010bc54336190c34e1738a2f24ff47ddb5
38cce7704a5b473ba696950145095af8,a35dd4b9362d6b8a57f31550ff97123f500c028a08467bab740c9889f252767a
99eeb87d6366423e9b022ba6eb05e598,b63cabff50e9ce67f5b7ca214674dc46da25b6e2b40f64d687c354b2c2537639
29022db60526431f95ef914110c0a858,f3be5b4b660da44015f1f215c833a46f123e71d4904da3d375c9afc4f83f7684
db4273ddf13942c1971315256ad2f78d,c8de1dd931041f040f9d07413c99d0635c9836893a592ab31cbe51c71b8356d8
976a7303b4774402be7c57754a9e5b29,59f110a965e142b675102c0a1ae67191eaadbd02cbabd312495e211c54ff9997
e89cab7fbb52483fa0db549bd44a5059,349d854b3172c2ef017b1018120a5cf04a52788e309aecd50b5dbaefa5d99885
54a199693493478f9eaa0f346c82cb1a,b395c5a222fb8dc5ecf10662ed1cb30b72df9882ad773ee5758c8ea990940ec4
a82c9ea388b24ca58e6ccae7b61f224f,cad6c948423f39264bb83ef1f1504df6f9a38660023309221811faae67c08588
51cb088985914d82a40e6af61794594f,154b77c5c9bc82bb968f088677cc1c927cceac2c15655190a9a835f50cd36e14
7cb11d85fc98480e9c7c9d4a3ca80b18,e82f7cd3c902ff33d7caed2eabd86f77c0b1b3aef1e0a47ed54c7aba89e8bb24
9f580a8cc91d4b73994035606135f689,e5c7d38b64224ee9e9c17aafd796bbf7fc3fed2ad3c17373d0e348b884a48425
7093caa4bf1545169c2fc905cc5be6d9,8ac06072f6d3e1f184afc4a3e068d2a72c97b6baa96afb9881dd523c997b94b5
731f349be69b457a8c0b381f1c6fbfdf,da3c7da698767cc6e231011f461e72b1115f985836d1db00169f252cab9112c1
846295d7e2ec46ef9fee4e2af41aa349,535235600accacf2ed7cab2fff0ff7d21ebdcefcc182125ac5df1f4e352f9937
9f8d57f891f948f890931c68d94a0e94,4ea3ff5f16e0845a2077e89e3aec484013c268f1b26b9ae0205322d10220c6b0
6a58ca36fe084e0d8cf42abec6803eb0,8b91b8a434a5c380ec113ffc6ae91f0d0a5a78fb704935f231692db8fe850615
5a06334ba66746a5a9d8a62d649ba92b,895dbcdfab8dcd1c982d26e35dce753015083cfdb9955f035fac79574f88affc
7f190554bede42e1b657518a63bea87b,75cb8f886435bf6201c3839b442704c6cdb49fb07572317f7c1f961eca37ea0c
a0120f1dd4ba4b0daa5f3b4375d3fbc2,ccbce3adc7ec7a692dc5f4f31aa9e1c94b23d606b49d7129a2e6a3f8812cb4eb
3d24de5f541c4337ad4725449ecc9266,858b4d37206e2ae7e364c3698b5253a2bcc1d2a7e2e4ab5a72f5dffc1dfe067a
62e5469e1e4848d99836a8bcb9a843f5,10a34266829955da7108b099d499cbdd4232fc635e98a14ed85dfe47a2cab494
a9b964b9dcfd45a6a7c0cc8c327a3038,c07689146ee283a8e751066c981b81e9edeb4e73ed40d493a09ae9c51fa0e367
a50170a694104238ba906381ccade392,07b0f1d476e0d76e6838e82f64e1388337cf35fb00da9bf545846cce6796aafa
cebe275b77cc40eabc5a4fa62ca023e3,f38e2dce7318bef4dc7f053224db8d5383ba55791be4c405237ae4b4651b79e1
4259bb89168d4d2fb56069de057640ff,683ca54356b2f7c5d8e4a9de2dc440b1012f57911b0fc8ed640e5e7080bbe582
80e8ac1927e544c788418eb22d05dc0c,5cca94e834b8731dd81a252d2e5a6e2a8c643c72ad4217ccb2f1d08eec1936e7
68240c42c9e548e3818e127be4d91c14,a2f8f829555443dad8e5c3212c5f95a0df2c9409ea9c8ddcdcc70c0df0105bba
61be836733fb466f84b15973e3c87a70,1aada5f943cfdcd3c440a48abbe4f15e642070a0c8487474c20f3ef8d3381ea4
224e6039218345efabe0438a1f3b79f0,5e7d01815b7ef92604ba0af009b4f161b8a2b049ad9ff7fac9d0c2ccc5be42f6
35e7bcc70c3c4186a0cf4f91fcc99803,2cb434e3b97fd39cff90bfdd8c4d62078bdd9719935ec43d57b638d844d77801
2ad2dea582864b5098e5d7fdb9813b26,ea18b773812aac35c679b86db52b4a5db2f46b8c837115e1a369a181adedf467
b1f3fb01ea0747128070419806c833a7,4c2522a0a7140be5fdb4a91a56759014fb00ec238ec3acd18cd05fcbf6517551
f4b85abd41bf406baadefda28197148c,b2bb23066a8d67c5db72bc6785f5cf237737c9ad70031882180dd9f4db024173
43fec3d4b79b41daa323eca77a542299,4f79a61ac1431b1e3c9c98d6f1ae0f3ee53dd168c1d1b573cb80f64c49055278
caa5c0db32304fcda311972556b7bbdd,26c44c3b2910100c80e02de944dfc0085d00d4ae75f6b93a779346f0a41df7d6
ec1fde85308943d6969cb2e429672035,a6c6ef4e7619e4a5d0164f1e3e82528c72b8c4bb74a968bfaba3914205c2bc4c
3e4f38f914974dea8ca789e9549709db,69a5dec9050b1fb136218e62ea88ae406ac1a261216b883151f85f6027a8aa53
e30dd4179d314b6fae7fa7bf5147514a,09fb7940fab96a967cf90cc298ac0513f38603d8b87115828a00301f27281100
93dfd4ef5e78479197b8de9cf4dc5c5a,b993a89b98420e4100816355fd1b2ed9240d964e3636efda1c5cfa9de68ce631
2aec7caedc8245b5a930c80608efea59,706b001fc4ce091c526487668566101d59deb43e1de267d003b831a25aef32f4
3c20c66bad7d420bb80e15198bf2f031,07f542728f9be67a591b9739abfa6b0f2c949ba2185e704a662cdca3c9fdd41c
89940b06fe174faeaf644cbfeb6c23ed,3e209c03b220170c73a0864b2d3a6594e800d160399255e03bb079731e93c2fa
afbb7e21d3af438086ef5726fb6c1172,9ecc3a69fac85b64968962cea630660c4b05e424e8f5ed15fea97c6b92f3c661
2574bc31f8464eb8886c613d6ac0885d,73d2e42dc0d153ddf3a95a3f83ca01d14a1a0ebfab1932a4d087f8f35db91918
77588f4929e0412d9509df9e7b791ad0,744179183d6c87102bc771f3b09bf35dfd82a56fd51a9f1809d1bbbf868f6f88
cdab67f8c0e64f048ab14e7a5f36728e,204d598d00bc73c4ec7c912d0d2944c85932145e1e4441a9d533b7c0ee14108c
9699f891a25f4533b021e1074006236f,40dbfbfbb8d82dd63a755036e895a8733f4dc2411b498893d30f8ca0d4c343d4
a68a28caece84a13b3d9aa369c4997f3,44d71e2d454ba50f90cbf162c4bdd6b310628a6772cad7c58df8019b8c573147
201c3dc85b044f7fa39d17228b66d854,2986d9054d2b55a65e2be6ae140adb70e38c329e3ebe7f820350c713fa650035
7db313c72b7e4fa49d55f75c79ca629a,ca6748b9bbe672942d24f7a00749eab3b8ed0f1eba5159c1d4832dcb9993a017
b09a5805db3346f5a7b728b127767bf5,5b62094a657cb7eefce3432a5dfe61a5bae8f54331dbb67d54bba89394578d8e
4fda19b8f49748dea53dc7de8c20d4a1,199b8109680578d236c15d2d2a78cbe9a33d67aae20b5e18f34287cd0c77198f
c5492081e1cd44919ba55fe5fd171f56,3812e05a32e9b3b70a77f99979df11fe2f34f354e7c094501a22d2197713e4dc
01f2e8526a364e49bcd50e62ae6a05db,d3b15e6ba9dc065d619cd82d3ffddbb2cb85338ba7ec253767cd92dcdf4b99a3
ed9ac828171f46698f0112ee5f3a548c,193dee234a6aeafee3c53c2ae9bc99961b6d4c6924f95f6a1b9f15b3d498b2d7
ef51af560a58457595c4f651475cfae9,0c6496acb4c04b7be6c30a5b11a93f6007b933b3b4e2dcc4ac88ba23af11debb
7e13baa5bf7141c7824241c5affb9bc7,9233b0fcffbba3dbd72980b876aa1d166678a3a24cfed342c429456a0fe712bc
4b5c1592f42143cb8a55e1f9b10784b0,34bbcc82bcba936d0fa01aa5b55972b07c63e8cbdd3cbfd75ed84ee4ee02fdd8
fa93a8098f7e4df2867a61ecf85aa295,bb4e705f7a006c41286d353a609a34dcf5570599d96d3b04fcdf0855081c752a
ee57155e6ccf45d1b8590410a5bc4b86,5cc026c6782a47c87a0052d11db843fd8d60d1c1c56c95d086d3f27bc752aac5
e69a876b0c7946e2a374b9931beb1607,a93172789163a9fdca6dbf64f4ae6cb8cd485c76b386a3985ad582fc37366bae
77434d001c3c41458ab32d98b65ec2d9,0e51e71a7476efaf8c277e12af541c40db64c098a69ce22342c66914b20fd27b
cec1ba9423f94f94a3508eccb82eb2b7,d793e962e161fc736e34f2a924fcf53634f0c41027745723736c20e9fc208bc0
a8381cf8606f43a1ad66a949dea6adaf,711a74a1ea5512c456b76539455771b3d8b6ca759e8368a82e23638e360a8e55
965ef11060d04700add5054f81e12b9a,55348df01c9f7334886dba9f665bc127cb26f5944b9ed74a9850cddcd3577ea1
bf9adb7827bf46cd9fae2fda5537a01f,3f14db83663ceb261e28c90aac557eb3e0dc631594b217a5e3d41d4e5550f2ad
97c2c21050054a0a8df7bbf94e50451a,ac968e8e812cad614b7673f71ddeb7bf862809dfbaf1872004fe4c03680fd4d0
72b0bdaec14a46dd8186e80ba387b9c3,c7ed29b4c2635717646abb7a26ad1b3cfb5a6dd3c930ef6ee52e1148d554e992
cdf36ed8ee2d47cd887e4c4b7ecefa23,8b38e4980fcfa76241b1fac3ac9a7030ce61587bc41c55a3959f91a0b1f7efaf
e34a916c135246e4942ea4239802b19d,15b1a5cfa637b5d92415091f6f8e77db0a9f0785c4f82eedecf9e5bce301a20f
dcd1ee3d936f491081bf9329c4a39509,1d5e49f565c35a747e0bc95ab87a47adbc3cadc21a109396769d9683e30efe8b
083de2e1609c4e0081476bc47aa50d03,2132cd6a14e55041e688c8d9704cf854e7c2ea843029a4a5f4570d170f32921e
86784afe98484b7f99ee2015e48ce2c7,84ef7fbd2a1c9a31b99668e4f3f41513238aa1adeb21b0c9ce7017ff64d4c712
1927e8cb3cc84e55879f07e89ece34d1,f9a7731f9212ecd729b7e7bce8323087a897732ae3a17d86b1d5296b8032eb0a
fe213f10e19d44ca95baab1a664bd206,d17ec0d4d196d99b035b9f5bc2612d952583be7ac4c860dcd922ec96e2eee039
509513d6a0694dd6881b4458d699e8e7,5fc8936bbde5ee45b49766ecd563012f3988466ff3be65ba2de264ea2115ac05
c0c6a8368f2d46f3b15d7ab4214f26d9,3944b76063e92985ff571db5bba1ec3a82d97a5669d6eae6c12f274983534c36
8ee31a50751f48968013aca1fa8b4f64,60c7586466975b8fd167717c2f741ea22d66cc787534c4ac2d14909304fb71a5
eee36b9d2e714c1f9ce18dbd03f30d07,8495205cf0443eb67059f766cd3fdecc4db1eb9e0bca9ca0c3a02b15d15f489a
00d797ed0e5944c6ac10d8c563140a29,8cd990418a95540eb3d3005275f91ad5d39eeaf6333d58085d75643ea14c591b
566b67fb17ef4f20bdd8e81db5ea52c1,1fe854c76a960515352060c7e5017f64ebfd337fa188a50fea92db31ab4e9541
9cac80db37d14724a5d9b5d0c4c2b4b1,15732baa4868b15d999f59befea0ebb4eeffa49b82e0373afab4df61fae9483a
02d76283ac844228a5b357233d44f278,508fd8543b97a6dbebe26a725d21c2d3d651940ffe120141a42d1695eb007d8b
a7257032b47745ba8d8de4eeb0fb934e,f974cff6d960f973fbe1dec0dcf0e6c8362f08457aa0df5bdfb0c6a050b658d9
131d22c4489d4654b4740d660d16d61d,2361d96aecc9a7ccdb01823f9178b2bfa30ef5cce36f2e58898bb6c67838e41b
2fb0a29d847b4e74a04c13906ac0fd17,bd4a11f0d9ccb40be3446422eb3f0e0d7e8cc1361714e1a81eeae569f6edf4c3
fe9e75e919f24f50abdfe45e0af568b4,86bc0eb4bc74c6d9d911369d2f0a234e10e0c762e5e4d834deac655f0acd836e
4dbe8e2d03a64c45b5863d10223270d7,2e073a36dd4523027ced4186557166705a94c23c3341a4e6e17972dbecec4e16
4aca93e037d1420fab0e7c0050847fb8,49f422647fe7943d02733f2e492aebec238da21748e1eac933918f1877ca5af1
53d35554c24247b9bad4a7d392e172b0,c9d0d1480012c0ff70d4d11250f2d043a7e7333e2c890b869ff3ca4e86635e57
c068850101a2488ab2764bd9d7ec110f,0d97eaa9e88bf2452d912795447d8434bc09c1a612da411e2aa691818aa0dc63
28bb295fdba8485eb318ed2fee650e01,325b1d649e0977303c35cb7b7172eb414eeeb4d26cb33b98b141cfc227f829de
476be625699d490bac15e270294ecf5a,64672d37dfe880a6f20e69f0cf5631552653b1b268fbcf645177b3bdb05f3c1a
880639b86e764cab9d176fb25c57255f,ad6164f9181b209ae5f537bbb481679cfe93a4feb1be280c7fc0759f5df19061
c8801443edae4346a380972ac27a68df,2885a60783ab96e01dfa718b554ddcb229019ab3bd62f7c91cae67d30a411ab5
2b45125da50c40b7adc68c2cf16269c4,fd8e14d563ea27440ce7d87b83945580739b9876d2a744dda983ef2d273a8a65
a68d9c01d34a4f45b9306e18b1245937,5b1f1125dbc682a1ca9364fb2fc45e2e76649fd7eb8d60f8451e70cf8f69eb1f
c9a8b87cd6cd4ba9a83005e648ff417e,d3b20ff5eaa9ad9d193d77ab280ba205abdc36eb0ddfbf0c5220a55014fbb71f
952d0617d65245ebbf89cfa83cd62ad8,804830af3fd45842307d8a9e872bd1f6a4670a647cb182fa824a96d07f9fc36d
886e422e452e475daeef9a8e78d3f248,3755017507aff999d52d94b85b519059752eeb26be9bdf64b0498709c1399f82
d07b9cc2633f4e21a400fd03131e3564,d9cf08a3f5b26474f1c98f1c606a8177c579a9d1dc63370c1ba013e1aa531a46
3dd2ce4713cb40d087e8a186b940f413,f7d2448f72d08de823cbb568cc01d42b98073b0e3475661d2c50b8d322769703
cfcc35e4146e45f69628bbaf6d553657,484ffad434db6f1d993c2e8ac95300c037dd7cbf0c681410fa3a31d33a11078e
a9c4b6d787e2461cb8f53a05278016fc,7f0e1f424667f5fb52759adecc7e23b048187d6e41cbd60cd1035a028da3955e
f4d065c008244d029d2d2cb2937cd30b,e492f138495db776c804bfcc169bda25ab5ecfe1f3e9f8239dc5ed1797d74484
ef9b33b597594451908a0fd4349b41f1,176587ee60f2e1f380666e95cc6ea05eac35368b3a84ff3464afdb226a714f58
d77ac6436b0a48d284ebad6bcce4a1ce,7a67df1fa8d2b317d0bb22f2c77c6cc0d54584cd2d08e8914d2d2627565fef10
5676911526a742f8b2cc0201353fe3f6,9c7fe99b7dfa0814ece5c3bc0bc6a86d42ca1a12d0e51752e0c4068577921449
6e2b96e5afa04281afb8d72fbfbc8d87,f5918b618662b99ffb17cdc42eca427e04d991f25905ddb6b07e822ce3e8cfa7
95ce05d273694d91a8871b9281b6fc27,518c82c85ace755d7741c3240264e5cb15d33b194bae7c66285327b8dc295ae5
599f6ab6704d4ff18050364638e87bba,6756a6c25696522c5009bd007c1883a381627b9c77629ad17eae07e757558bc1
16be844cdd674d3db93bfc83165d5d8c,173bb7d082d1012981ddb7a3bd7ce507549407a74cdc67a1380b00dd7cce00d6
ae7d1ebff51544ceaeb7d8c6a9fd18c7,fc4954c7d381e85c2ca080bd02baa46c75c109cd43dd44a128b1b4373759e578
b6c7c992ee5a4b989e3a46dbdce372de,8ab7e693d7ad691be53adb6506a34c15c01a26981adc3f54124047946e83d0f1
57da62e9443942378111f91c3d6268e5,abd45c5177dbecd0ef4ca982219044ab25c0eb0f39d926f61dc2a2f81cd4bc4c
286015009bb246a0aa1ddb70b6837bea,0f95f3def25c6c3cbd9316cdc867fa566cfdd8746e09db1771644d2614d15e68
6b52ff4b5a2f41e199e355bdf3fee5eb,c934b9747b5d737043342fa9dc1c24273eb4fc1dacc58ded43903d0071c7f1a6
1912fe24726a452fa328423cba21da34,de0f77fc2a8657b576d985e7d9904b34e4c700e45ebb64083a6f369519dcc670
8e97acf5cf4c47fe86e277abbc4a9570,e60a0f95ea82c4aa399534f616f9d4b1d91097af4f055cd73c00a30b123d140f
29c212fb72874255877cfc8c28b083ca,e8915811c916c510e145d1b705f8e90bb332e3171caef651f3a175e72ee5fb6a
9433483b56304e3ea543ac7e18aa61f5,de9e8ef5e9bdc83545f1e91df517183332774859fe12ab7caf604b8ee3b3851c
c4c770aaf722490f874c8d9fb89756cd,a809dfc364df86b08a70ab7f05994d522bbd5976b96c8db5d87b0cff9b9c7783
480c1f7a683847a1a298c84f9e15bb3f,cb9f169bdc43fe997764dc0a56f80334ac37b13caeb393177576f5d3778b12d9
8735482b30124e04928bb5b97f6c308a,0892c9abd3200cde951d60f43dcf450246f613bfd4222614a98db08fb63d92af
1b587714459c4cf29cf7cec2ce3b054b,10622a6ef59339d47aeec9fb0ee8ebbdea660377ae8b432ae5a7bb2cf7af022f
67bf1f4624c540e39382cde5e668aa52,09cb0312168168e71ed131ed4a0866b9a7055be9f5929fba9d741a91e1e0be16
78d67df4407449cf93d8e3c91ef30a36,b4e1ea2b22130c64550cde18b3fd8fc6475e4b9b2111351b319c588fb7dae139
5eddae68a9a44a8f99f48817c982e93f,5b1ccd6a4e194b4c3522a3ad4b6da5d0e00536d54e04b591976820aa7d8a2180
8da67ef1493b4b9fb6133672e7a0f6e9,571a83dd9c4853d337e7863fe732d2513030f72eed57d5079c8d732959d7a461
45ed19a711294e06be11c9158842d528,b540bf8ef7eb8b71e7a81462f51a9ca922f63440b633a5ae400c09673e37bc08
7bda20d2807040d98980b42d72d31d56,e986c4751864c41694f4c707d1a53af75d7be1fb5e4b73132afb2b33dcbc7b91
e462306f6a994517be85d8f4871d714d,6f5a393d03df680a23e7e388ef9ac1846adfa75a92c4d7f2114b9682360bd97f
3eea376753b9482686aefacd33f39ea0,6a1ec5891980f5eaf53ccbfe5f85074452fab8225eaf2c1c15a72d6858765edc
3c781b592b5445ff9bde0a3a871bbc12,b980032cbbd0b991d011755e6e88b44e07d969fb3468b25e0a1819e67ab58d88
8037e203b30740f39ce86c54d2f8c151,1096a0f685ef7b61e129bb72541bf59ceccfe030194a9a1485c6075ab05bf544
96b7dc798346418dbfb9e71aca884732,645434d7f89e50d9e1697e7358ae0a776160ef36eb6f48af5d0112021ad3e0de
4b9dfd808d4149cc98ed1835440ea573,95de08da8072aa413f10128c339ea6b7aca2f577bd28e45977b725e2538bb7c2
22fd6e0f0e6f492da8ce324f7e452df1,92b3761dbadd97e34405f3e17794f2df39ed802cb7e931359b4788edc0723395
41e5807c5fd440cf93e8005949dc1154,1f381a913c900c5d7d7bae7085cba39366a4f04145a81586452f478ddfb50b39
b901b8ecfce54ec2b58bea669a7c2aad,cd403e64d63d5b78c57dbd0eba3b934f60a540cb0d151e3f4573210fb3a25b70
79c9e211111d44cc99ca8bfccddc18f2,c8c5de6f779ff5059658edb1ccfb5cc1a92c06a6959dc1d276cda92309104dec
